:200000000C9487060C9465570C943A570C940F570C94E4560C94B9560C948E560C946356BA
:200020000C9438560C94B8060C94B8060C94B8060C94B8060C94B8060C94B8060C94B80600
:200040000C94B8060C94B8060C94B8060C94B8060C94B8060C94B8060C94B8060C94EE552B
:200060000C94B8060C941A580C94F0570C94B8060C94B8060C94B8060C94B8060C94B80653
:200080000C94B8060C94B8060C94B8060C94B8060C94B8060C94B8060C94B8060C94505886
:2000A0000C94B8060C94B8060C94B8060C94B8060C94B8060C94B8060C94B8060C94B80650
:2000C0000C94B8060C94B8060C94B8060C94B8060C94B8060C94B8060C94BA570C949057B4
:2000E0000C94B806084AD73B3BCE016E84BCBFFDC12F3D6C74319ABD56833DDA3D00C77FC2
:2001000011BED9E4BB4C3E916BAAAABE000000803F000C948C0A0C9457070C9475080C9450
:2001200063700C942C070C9429070C9436070C94B06F0C9425070C942B130C9433700C9420
:20014000E46F0C947E0A0C94290A0C94123F0C9444070C94273A0C94D9140C94AE400C94B9
:2001600050700C947C430C9423350C94B3420C944E070C941E450C9476080C9458070C941E
:200180004A070C9440070C94380A0C94F5450C9432070C9469400C9403700C94F2060C94FE
:2001A00052070C94FB090C9414380C94CE0A0C9422400C94A80D0C94F80D0C94360B0C9461
:2001C000FC090C9472310C9498310C944A0E0C9417070C94FA3B0C9420700C94A4400C948F
:2001E000ED410C9474080C945C150C943C070C94693E0C941D070C94CB0D0C947D370C944A
:20020000C9700C94E6320C94B80D0C9421070C94A90D0C945C070C94B05C0C9488404E41C4
:200220004E494E495459494E46CDCCCC3D0AD7233C17B7D13877CC2B329595E6241FB14F5A
:200240000A000020410000C84200401C4620BCBE4CCA1B0E5AAEC59D7400407A10F35A00B9
:20026000A0724E18090010A5D4E80000E87648170000E40B54020000CA9A3B000000E1F515
:2002800005000080969800000040420F000000A08601000000102700000000E803000000D1
:2002A000006400000000000A00000000000100000000002C76D888DC674F0823DFC1DFAEE3
:2002C00059E1B1B796E5E3E453C63AE651997696E8E6C28426EB898C9B62ED407C6FFCEFD1
:2002E000BC9C9F40F2BAA56FA5F490055A2AF75C936B6CF9676DC11BFCE0E40D47FEF520C8
:20030000E6B500D0ED902E0300943577050080841E080000204E0A000000C80C333333333D
:200320000F986E12831141EF8D2114893BE65516CFFEE6DB18D1844B381BF77C1D901DA481
:20034000BBE424203284725E228100C9F124ECA1E53D2748494748004C4F57004F4B0053DE
:20036000544154453A494E484142494C495441444F0053544154453A484142494C495441B4
:20038000444F00206661756C74733D00206572723D00206465766963655F6572726F723DE2
:2003A00000207469636B3D0020616D703D0020636D3D002076616C69643D0020656E61624A
:2003C0006C65643D0020616464723D30780054462069643D0020526D413D00204C6D413D93
:2003E00000204C6D413D302E303020526D413D302E303000C2B0202864656661756C742905
:2004000000C2B0202843414C2900C2B0202864656661756C742900C2B0202843414C2900AE
:20042000202020524541523A202D005B42414C5D204C696D2046524F4E543A202B00202074
:20044000446561643DC2B10020204B643D005B42414C5D204B703D005B42414C5D20536554
:2004600074706F696E743A20005B42414C5D20416E74692D6361C3AD646120414354495694
:2004800041444F005B42414C5D204552524F523A204D5055206E6F20646973706F6E696296
:2004A0006C652E2056657269666963612049324320285344413D32302C2053434C3D323189
:2004C000292E005B42414C5D20416E74692D6361C3AD646120444553414354495641444F25
:2004E0000020206862206B64203C76616C6F723E2020202020202D20616A7573746172201E
:200500004B6420286D2F7320706F7220677261646F2F73290020206862206B70203C766134
:200520006C6F723E2020202020202D20616A7573746172204B7020286D2F7320706F722066
:20054000677261646F29002020686220737461742020202020202020202020202D20616EE3
:2005600067756C6F732C206C696D69746573207920706172616D6574726F7300202068620D
:20058000207265617220203C677261646F733E20202D2066696A6172206C696D69746520FA
:2005A0007472617365726F206D616E75616C6D656E746500202068622066726F6E74203CD5
:2005C000677261646F733E20202D2066696A6172206C696D6974652066726F6E74616C20EA
:2005E0006D616E75616C6D656E746500202068622063616C20726561722020202020202060
:20060000202D2063616C6962726172206C696D697465207472617365726F2028696E636C7B
:20062000696E61646F2061747261732900202068622063616C2066726F6E74202020202008
:2006400020202D2063616C6962726172206C696D6974652066726F6E74616C2028696E6391
:200660006C696E61646F206164656C616E74652900202068622063616C2020202020202042
:200680002020202020202D20726563616C6962726172206E65757472616C2028717569651F
:2006A000746F2079206E6976656C61646F290020206862206F66662020202020202020209E
:2006C000202020202D20646573616374697661720020206862206F6E202020202020202020
:2006E0002020202020202D206163746976617220616E74692D6361696461005B42414C5D91
:2007000020436F6D616E646F733A005B42414C5D204B64203D20005B42414C5D204B7020F6
:200720003D200020677264005B42414C5D204C696D697465205452415345524F3A202D002D
:200740005B42414C5D2072656172206465626520736572203E20300020677264005B424145
:200760004C5D204C696D6974652046524F4E54414C3A202B005B42414C5D2066726F6E74C1
:20078000206465626520736572203E20300020677264005B42414C5D20526563616C6962DB
:2007A0007261646F2E20536574706F696E743A20005B42414C5D204D5055206E6F20646912
:2007C00073706F6E69626C652E002067726420646573646520736574706F696E74005B42DA
:2007E000414C5D204C696D697465205452415345524F2063616C69627261646F3A202D0003
:200800005B42414C5D204552524F523A20696E636C696E6120656C20726F626F742048418F
:2008200043494120415452415320616E7465732064652063616C696272617220656C206C4F
:20084000696D697465207472617365726F2E005B42414C5D204D5055206E6F2064697370CC
:200860006F6E69626C652E002067726420646573646520736574706F696E74005B42414C8F
:200880005D204C696D6974652046524F4E54414C2063616C69627261646F3A202B005B425E
:2008A000414C5D204552524F523A20696E636C696E6120656C20726F626F74204841434900
:2008C00041204144454C414E544520616E7465732064652063616C696272617220656C20E4
:2008E0006C696D6974652066726F6E74616C2E005B42414C5D204D5055206E6F206469733A
:20090000706F6E69626C652E007466204641494C2064697361626C65206D6F746F727320D2
:2009200066697273740074662075736167653A20746620737461747573207C207466206F63
:200940006E20317C32207C207466206F666620317C320053544154453A424C4F5155454176
:20096000444F00202053544F503D4C4F572C204252414B453D464C4F41542C2050574D3D4E
:200980003000202053544F503D464C4F41542C204252414B453D464C4F41542C206C6973F6
:2009A000746F207061726120636F6D616E646F7300202053544F503D4C4F572C2042524146
:2009C0004B453D484947482C2050574D3D300053544154453A00204F523D00204F4C3D00CC
:2009E0002048523D0020484C3D0020523D00204C3D00204F523D00204F4C3D002048523DCA
:200A00000020484C3D00206C6174636865643D002070726F746563743D0020523D006E2018
:200A2000535441545553204C3D006E2050524F54454354205245534554006E2050524F5404
:200A4000454354204F4646006E2050524F54454354204F4E006E20434845434B006E205386
:200A6000454C46544553542050415353006D56006D5620204C3D005B435552525D204F66F0
:200A80006673657420523D005B435552525D2053656E736F72657320414353373132206975
:200AA0006E696369616C697A61646F730047505320494E49542053657269616C33204020CB
:200AC000002063686172733D002073656E74656E63655F6167655F6D733D00206167655F7F
:200AE0006D733D002068646F703D0020736174733D00206C6F6E3D00206C61743D0047200E
:200B00006669783D002074656D703D002070697463683D00207961773D0020677A3D0020BD
:200B200067793D002067783D0020617A3D002061793D002061783D00492072656164793DFC
:200B40000020526D413D00204C6D413D0020E2809420276862206F6E272070617261207240
:200B600065616374697661722E00203C206C696D3D2D005B42414C5D204341494441205463
:200B80005241534552412070697463685F6572723D0020E2809420276862206F6E2720709F
:200BA000617261207265616374697661722E00203E206C696D3D005B42414C5D2043414981
:200BC00044412046524F4E54414C2070697463685F6572723D0049444C450020523D006E02
:200BE0002054524950204C3D0000002100240027002A002D003000330001010000040107B9
:200C0000010A0100002200250028002B002E003100340002010000050108010B010000205D
:200C2000002300260029002C002F0032000001000003010601090105050505070508080867
:200C400008020202020A0A080804040404010101010101010103030303030303030407071E
:200C6000070C0C0C0C0C0C0C0C0202020206060606060606060B0B0B0B0B0B0B0B0102106A
:200C8000202008081020401020408002010201080402010102040810204080804020100898
:200CA00004020180040201804020100804020108040201010204081020408001020408107A
:200CC00020408000000A0B02090C0D0E0807030401000000000000000000000000000000D6
:200CE0000000000000000000000000000000001211100000000000000000000000000000C1
:200D000000000000000000000000B05CC97011241FBECFEFD1E2DEBFCDBF00E00CBF19E13D
:200D2000A0E0B2E0E8E9F5EF00E00BBF02C007900D92A431B107D9F72DE1A4E1B9E101C0FF
:200D40001D92A53DB207E1F716E0C6E8D6E000E006C021970109802FFE010E946D79C5387C
:200D6000D10780E00807A9F70E94145D0C94BA7A0C9400000F931F93CF93DF93FB0110824F
:200D8000CFE1DCE1E0E090E050E029912C32F1F02A3231F0222321F02D3011F02A3021F4ED
:200DA0009817B1F080E019C09813EFCFAE2FB0E08D010F5F1F4F041715073CF7A60FB71F75
:200DC0002C93EF5FE2CF9F5FE0E0DFCF9813FBCFE60FF72FF11D108281E0DF91CF911F91D8
:200DE0000F9108958091801B9091811B891B990B08958150823108F05AC0E82FF0E088273C
:200E0000EB5FF84F8F4F0C946D792507290717071D07210757072C07320736073C07400786
:200E200044074A074E075707520758075C07809180008F77809380000895809180008F7DE4
:200E4000F9CF80918000877FF5CF84B58F7784BD089584B58F7DFBCF8091B0008F77809369
:200E6000B00008958091B0008F7DF9CF809190008F77809390000895809190008F7DF9CF34
:200E800080919000877FF5CF8091A0008F778093A00008958091A0008F7DF9CF8091A000AA
:200EA000877FF5CF809120018F77809320010895809120018F7DF9CF80912001877FF5CF5D
:200EC000CF93DF93282F30E0F901ED53F34F8491F901E358F34FD491F901E95CF34FC49194
:200EE000CC23A1F081110E94F906EC2FF0E0EE0FFF1FE35EF34FA591B491EC91ED2381E04D
:200F000090E009F480E0DF91CF91089580E090E0FACF1F93CF93DF93282F30E0F901ED53D7
:200F2000F34F8491F901E358F34FD491F901E95CF34FC491CC23A9F0162F81110E94F906A8
:200F4000EC2FF0E0EE0FFF1FED5FF34FA591B4918FB7F894EC91111108C0D095DE23DC9374
:200F60008FBFDF91CF911F910895DE2BF8CFCF93DF9390E0FC01E358F34F2491895C934FFC
:200F8000FC0184918823C9F090E0880F991FFC01E751F44FA591B491FC01ED5FF34FC59148
:200FA000D49161110DC09FB7F8948C91209582238C938881282328839FBFDF91CF9108954B
:200FC000623051F49FB7F8943C91822F809583238C93E8812E2BEFCF8FB7F894EC912E2BD8
:200FE0002C938FBFEACF863308F0865320917B00982F9870277F922B90937B0087708064CA
:2010000080937C0080917A00806480937A0080917A0086FDFCCF80917800909179000895AC
:201020003FB7F89480917C1B90917D1BA0917E1BB0917F1B26B5A89B05C02F3F19F0019637
:20104000A11DB11D3FBFBA2FA92F982F8827BC01CD01620F711D811D911D42E0660F771FCC
:20106000881F991F4A95D1F708958F929F92AF92BF92CF92DF92EF92FF926B017C010E947A
:2010800010084B015C01C114D104E104F104B9F00E941008681979098A099B09683E734015
:2010A0008105910580F321E0C21AD108E108F10888EE880E83E0981EA11CB11CE4CFFF9018
:2010C000EF90DF90CF90BF90AF909F908F9008952FB7F8946091781B7091791B80917A1B19
:2010E00090917B1B2FBF0895089508958F929F92AF92BF92CF92DF92EF92FF920F931F9358
:201100000E9410086B017C0140913319509134196091351970913619809153029091540275
:201120008D3391050CF43FC0863591050CF440C084EC99E0A0E0B0E0809033199090341947
:20114000A0903519B090361989288A288B28A9F197018601041B150B260B370BB901A8019E
:20116000481759076A077B0740F580912B1990912C19A0912D19B0912E190196A11DB11DAB
:2011800080932B1990932C19A0932D19B0932E191F910F91FF90EF90DF90CF90BF90AF90D3
:2011A0009F908F90089580EE9EE2A0E0B0E0C4CF80E797E1A0E0B0E0BFCFC0923319D09236
:2011C0003419E0923519F092361920912C1B30912D1B2F5F3F4F30932D1B20932C1B40913E
:2011E000171C5091181C6091191C70911A1C4F5F5F4F6F4F7F4F4093171C5093181C609352
:20120000191C70931A1C4091431950914419609145197091461997018601041B150B260BB7
:20122000370BB901A8018090431990904419A0904519B090461989288A288B2829F0481765
:2012400059076A077B0718F18091431990914419A0914519B0914619892B8A2B8B2B79F090
:20126000403412E451071FE06107710540F440933B1950933C1960933D1970933E19C09247
:201280004319D0924419E0924519F092461980918F1981118CC08091171A9091181AA09125
:2012A000191AB0911A1A892B8A2B8B2B09F47FC08091171A9091181AA091191AB0911A1ABD
:2012C00046015701881A990AAA0ABB0A20E4821622E492062FE0A206B10408F068C08091DA
:2012E0000F1A9091101AA091111AB091121A892B8A2B8B2B09F464C080910F1A9091101AEC
:20130000A091111AB091121A88169906AA06BB0608F456C020910F1A3091101A4091111A83
:201320005091121AA3E0B0E00E946D77680D791D8A1D9B1D22E096958795779567952A958D
:20134000D1F760930F1A7093101A8093111A9093121A20910F1A3091101A4091111A50914D
:20136000121AA8E0B2E00E946D7728EE33E040E050E00E944B7921348CE93807410551051D
:2013800020F020E43CE940E050E0243C09E030074105510520F424EC39E040E050E0209368
:2013A0001D0230931E0240931F0250932002C092171AD092181AE092191AF0921A1AE8CE0A
:2013C00080920F1A9092101AA092111AB092121AC0CFFC01248135816217730748F48081A4
:2013E0009181009729F0860F971FFC018081089580E0089508950895AF92BF92CF92DF92AA
:20140000EF92FF920F931F93CF93DF936C017B018B01040F151FEB015E01AE18BF08C01727
:20142000D10759F06991D601ED91FC910190F081E02DC6011995892B79F7C501DF91CF9171
:201440001F910F91FF90EF90DF90CF90BF90AF900895FC01538D448D252F30E0842F90E000
:20146000821B930B541710F0CF96089501970895FC01918D828D981761F0A28DAE0FBF2F8B
:20148000B11D5D968C91928D9F5F9F73928F90E008958FEF9FEF08950F931F930E94680802
:2014A0006093281D7093291D80932A1D90932B1D80E29DE10E94380A97FF1DC00E9468089D
:2014C0000091281D1091291D20912A1D30912B1D601B710B820B930B0091241D1091251D77
:2014E0002091261D3091271D6017710782079307F8F28FEF9FEF1F910F910895FC01918DE3
:20150000828D981731F0828DE80FF11D858D90E008958FEF9FEF0895FC01918D228D892F8E
:2015200090E0805C9F4F821B91098F739927089583E89CE10E948C0A21E0892B09F420E009
:20154000822F089580E29DE10E948C0A21E0892B09F420E0822F0895FC01A48DA80FB92F58
:20156000B11DA35ABF4F2C91848D90E001968F739927848FA689B7892C93A089B1898C913A
:20158000837080648C93938D848D981306C00288F389E02D80818F7D80830895EF92FF92E1
:2015A0000F931F93CF93DF93EC0181E0888F9B8D8C8D98131AC0E889F989808185FF15C08B
:2015C0009FB7F894EE89FF896083E889F98980818370806480839FBF81E090E0DF91CF917A
:2015E0001F910F91FF90EF900895F62E0B8D10E00F5F1F4F0F731127E02E8C8D8E110CC01C
:201600000FB607FCFACFE889F989808185FFF5CFCE010E94AC0AF1CFEB8DEC0FFD2FF11D69
:20162000E35AFF4FF0829FB7F8940B8FEA89FB8980818062CFCF0F931F93CF93DF938C0104
:20164000D0E0C0E0F801EC0FFD1F6491662341F080E29DE10E94CE0A892B11F02196F2CFF4
:20166000CE01DF91CF911F910F910895CF93DF93EC01888D8823B9F0AA89BB89E889F9894A
:201680008C9185FD03C0808186FD0DC00FB607FCF7CF8C9185FFF2CF808185FFEDCFCE0197
:2016A0000E94AC0AE9CFDF91CF91089580E090E0892B29F00E94A20A81110E94000080E02E
:2016C00090E0892B49F080E090E0892B29F00E94000081110E94000080E090E0892B49F07D
:2016E00080E090E0892B29F00E94000081110E94000080E090E0892B29F00E94980A811104
:201700000C94000008952091EC19260F3327331F21323105ECF42091C91BFC0190E080E02A
:20172000243069F082E00895A091EC192191AC014453564EA40FB52FB11D2C9301968617D5
:2017400098F38091EC19680F6093EC1980E0089581E008951092C91B81E08093C81B1092FF
:20176000A31B61E084E10E94890761E085E10E948907E9EBF0E080818E7F808380818D7F38
:20178000808388E48093B80085E48093BC000895CF93DF9391E09093A21B8823B9F0C09170
:2017A000B800D091BA008091BC008A7B8093BC0060E084E10E94890760E085E10E94890706
:2017C0000E94AA0BD093BA00C093B800DF91CF9108958F929F92AF92BF92CF92DF92EF92E6
:2017E000FF920F931F93CF93DF93D091F21BD13208F0D7C0182FC091F11B0E9410086B0166
:201800007C018091C91B81116BC082E08093C91B1093C81B8FEF8093C71B1092C61BD09361
:20182000C51BA1EDBBE1E5EAFBE180E0D81391C01092A41B8091A41BCC0FC82BC093A41B46
:201840008091A31B813009F088C01092A31B0E9410086B017C018091A41B8093BB00809115
:20186000CB1B9091CC1BA091CD1BB091CE1B892B8A2B8B2BA1F00E9410080091CB1B1091B5
:20188000CC1B2091CD1B3091CE1B6C197D098E099F09061717072807390708F442C080911B
:2018A000BC0083FDD8CF85EC8093BC000E9410086B017C018091C91B823009F450C080919D
:2018C000C71B8F3F09F46FC08091C71B803209F46CC08091C71B803309F469C084E026C048
:2018E0008091CB1B9091CC1BA091CD1BB091CE1B892B8A2B8B2B09F484CF0E94100880906D
:20190000CB1B9090CC1BA090CD1BB090CE1B6C197D098E099F0986169706A806B90608F0B1
:2019200070CF8091CA1B0E94C80B85E01092D01B1092F21B1092CF1BDF91CF911F910F91B0
:20194000FF90EF90DF90CF90BF90AF909F908F9008959D9191938F5F69CF85EEA5CF8091C2
:20196000CB1B9091CC1BA091CD1BB091CE1B892B8A2B8B2B09F49ECF0E9410080091CB1B7C
:201980001091CC1B2091CD1B3091CE1B6C197D098E099F09061717072807390708F08ACF37
:2019A000C0CF81E0C3CF80E0C1CF82E0BFCF83E0BDCFCF92DF92EF92FF920F931F93CF933C
:2019C000DF93D82FC62F613208F098C00E9410086B017C018091C91B81116BC081E08093ED
:2019E000C91B8093C81B9FEF9093C71B1092C61B9C0F9093C51B8093A41B8091A41BDD0FBB
:201A0000D82BD093A41B8091A31B813009F078C01092A31B0E9410086B017C018091A41B1D
:201A20008093BB008091CB1B9091CC1BA091CD1BB091CE1B892B8A2B8B2BA1F00E9410082C
:201A40000091CB1B1091CC1B2091CD1B3091CE1B6C197D098E099F09061717072807390750
:201A600008F448C08091BC0083FDD8CF85EC8093BC000E9410086B017C018091C91B8130E5
:201A800009F440C08091C61B8C1710F4C091C61BE5EAFBE1A2E8BBE180E08C1355C08C2FDE
:201AA000DF91CF911F910F91FF90EF90DF90CF9008958091CB1B9091CC1BA091CD1BB09134
:201AC000CE1B892B8A2B8B2B09F484CF0E9410080091CB1B1091CC1B2091CD1B3091CE1BB2
:201AE0006C197D098E099F09061717072807390708F070CF8091CA1B0E94C80BC0E0CFCF12
:201B000085EEB5CF8091CB1B9091CC1BA091CD1BB091CE1B892B8A2B8B2B09F4AECF0E9451
:201B200010080091CB1B1091CC1B2091CD1B3091CE1B6C197D098E099F0906171707280797
:201B4000390708F09ACFD6CF91919D938F5FA5CF0895E091811B8091801BE81730F4F0E042
:201B6000EE57F44E808190E008958FEF9FEF08959091811B8091801B2FEF3FEF981748F487
:201B8000E92FF0E0EE57F44E208130E09F5F9093811BC9010895CF92DF92EF92FF920F937B
:201BA0001F93CF93DF937C01CB018A012091CF1B222389F0EB016B01C40ED51ECC15DD0592
:201BC00069F06991D701ED91FC910190F081E02DC7011995F3CF642F0E94830BC801DF918C
:201BE000CF911F910F91FF90EF90DF90CF900895CF93DF931F92CDB7DEB769832091CF1B97
:201C00002223F9F02091F21B203258F021E030E0FC013383228390E080E00F90DF91CF9196
:201C200008958091D01BE82FF0E0EF52F44E998190838F5F8093D01B8093F21B81E090E097
:201C4000ECCF61E0CE0101960E94830BF7CFCF939091A21B1092A21BC1E0C093CF1B80939C
:201C6000F11B1092D01B1092F21B8DEB9DE10E94F80D61E08DEB9DE10E94F80D81E00E949E
:201C8000E90B811105C08091A21B8C27CF91089580E0FCCF90E080E008958F929F92AF9250
:201CA000BF92CF92DF92EF92FF926B017C0183E0C816D104E104F10420F1A4E9B1E10E9444
:201CC0006D774B015C01A0E1BEE0A70196010E946D7786169706A806B906A8F0A8E1B5E136
:201CE0000E946D77681579058A059B0570F081E0FF90EF90DF90CF90BF90AF909F908F90BB
:201D0000089580E0F5CF82E0F3CF83E0F1CF8F929F92AF92BF92CF92DF92EF92FF920F9351
:201D20001F93CF93DF936B017C01EA01890120E030E0A9010E944676181644F0F8011082BA
:201D4000118212821382D0E0C0E02AC0BE010D2E000C880B990B0E944D764B015C01A7019A
:201D600096010E944676F8011816CCF1108211821282138220E030E0A901C701B6010E9461
:201D8000357920E030E040E05FE387FD17C0C701B6010E9488770E94D8786C177D079CF41F
:201DA000CE01DF91CF911F910F91FF90EF90DF90CF90BF90AF909F908F900895C701B60160
:201DC0000E948777E8CF41E06F3F710509F00CF440E0EB01442321F3CFEFD0E0E1CF208128
:201DE000318142815381C701B6010E9488776B017C012FE632E143E85AE30E9488779B01C4
:201E0000AC01C501B4010E944676181634F4F801C082D182E282F38296CFA5019401C70117
:201E2000B6010E948777F8016083718382839383B7CF1092CA198091801A9091811AA091BD
:201E4000821AB091831AB0588093C6199093C719A093C819B093C9191092C2191092C319D7
:201E60001092C4191092C5191092531910925419109255191092561910924F191092501910
:201E800010925119109252191092BA191092BB191092BC191092BD191092BE191092BF195C
:201EA0001092C0191092C11908951092C91A1092CA1A1092CB1A1092CC1A1092C51A109251
:201EC000C61A1092C71A1092C81A1092B1191092B2191092B3191092B4191092B519109253
:201EE000B6191092B7191092B81910924B1910924C1910924D1910924E191092741910923F
:201F00006F191092701910927119109272191092731910926B1910926C1910926D19109270
:201F20006E198FEF9FEF909303028093020290930102809300020C94190F109279191092F6
:201F40007A1910927B1910927C191092751910927619109277191092781910925F191092FF
:201F60006019109261191092621910925B1910925C1910925D1910925E191092571910929D
:201F800058191092591910925A1910926719109268191092691910926A1910926319109259
:201FA000641910926519109266191092D71A1092D81A1092D91A1092DA1A1092CF1A1092E4
:201FC000D01A1092D11A1092D21A1092CE1A1092CD1A1092DB1A1092DC1A1092DD1A10927F
:201FE000DE1A1092D31A1092D41A1092D51A1092D61A0895FC01168A648B138A80899189BE
:202000008F3F980719F00196918B808B28513C4F4F4F5F4F2083318342835383089510920B
:20202000071C1092081C1092091C10920A1C1092031C1092041C1092051C1092061C10927C
:20204000F71B1092F81B1092F91B1092FA1B1092F31B1092F41B1092F51B1092F61B1092E4
:20206000131C1092141C1092151C1092161C089580917B1A811180912B1A0895CF93C62F99
:202080009091610221E02093CF1B9093F11B1092D01B1092F21B682F8DEB9DE10E94F80D7F
:2020A0006C2F8DEB9DE10E94F80D81E0CF910C94E90BF89410922F1B10922E1B10922D1B46
:2020C00010922C1B10921B1C10921C1C10921D1C10921E1C1092171C1092181C1092191C2B
:2020E00010921A1C10921B1A10921C1A10921D1A10921E1A1092171A1092181A1092191A2A
:2021000010921A1A1092131A1092141A1092151A1092161A10920F1A1092101A1092111A43
:202120001092121A10924719109248191092491910924A19109243191092441910924519C6
:202140001092461910923F1910924019109241191092421910923B1910923C1910923D19AB
:2021600010923E1910923719109238191092391910923A19109233191092341910923519CB
:202180001092361910922F1910923019109231191092321910922B1910922C1910922D19EB
:2021A00010922E1978940E9468086093231A7093241A8093251A9093261A0E9468086093ED
:2021C0001F1A7093201A8093211A9093221A1092DB1A1092DC1A1092DD1A1092DE1A1092D8
:2021E000D31A1092D41A1092D51A1092D61A08954F925F926F927F928F929F92AF92BF92DA
:20220000CF92DF92EF92FF92CF93DF93CDB7DEB72C970FB6F894DEBF0FBECDBF0E946808D1
:2022200069837A838B839C830E94100869877A878B879C878091231A9091241AA091251A8B
:20224000B091261A29813A814B815C81281B390B4A0B5B0BDA01C90184369105A105B1055C
:2022600008F4C6C0F894E0912E1BF0912F1B10922F1B10922E1B40903F19509040196090A3
:202280004119709042198091471990914819A0914919B0914A1978942091231A3091241A66
:2022A0004091251A5091261A2D833E834F8358878090DB1A9090DC1AA090DD1AB090DE1A51
:2022C0000097A105B10509F4A2C1411451046104710409F49CC1C984DA84EB84FC84C81A51
:2022E000D90AEA0AFB0AA3E0B0E0A30192010E946D77613432E473073FE08307910520F0BE
:2023000060E472E48FE090E0603E43E9740744E08407910520F460EE73E984E090E06C15A7
:202320007D058E059F0508F472C1E330F10508F452C1C980DA80EB80FC808D819E81AF81B6
:20234000B885C81AD90AEA0AFB0A09F444C1BF0190E080E00E944B7620E030E64AE657E40C
:202360000E94AC762B013C01C701B6010E944B7620E030E044E352E40E94AC769B01AC01D4
:20238000C301B2010E9466786B017C01412C512C612C3FE3732E20E030E0A901C501B401EE
:2023A0000E944676181684F4A5019401C701B6010E948777A30192010E94AC76A501940189
:2023C0000E9488776B017C01C092DB1AD092DC1AE092DD1AF092DE1A29813A814B815C81E3
:2023E0002093231A3093241A4093251A5093261A80911F1A9091201AA091211AB091221A29
:2024000029813A814B815C81281B390B4A0B5B0BDA01C90184369105A105B10508F4C6C099
:20242000F894E0912C1BF0912D1B10922D1B10922C1B40903B1950903C1960903D1970901D
:202440003E198091431990914419A0914519B0914619789420911F1A3091201A4091211A0E
:202460005091221A2D833E834F8358878090D31A9090D41AA090D51AB090D61A0097A10586
:20248000B10509F4E4C0411451046104710409F4DEC0C984DA84EB84FC84C81AD90AEA0A73
:2024A000FB0AA3E0B0E0A30192010E946D77613432E473073FE08307910520F060E472E439
:2024C0008FE090E0603E43E9740744E08407910520F460EE73E984E090E06C157D058E056B
:2024E0009F0508F4B4C0E330F10508F494C0C980DA80EB80FC808D819E81AF81B885C81A69
:20250000D90AEA0AFB0A09F486C0BF0190E080E00E944B7620E030E64AE657E40E94AC7664
:202520002B013C01C701B6010E944B7620E030E044E352E40E94AC769B01AC01C301B2015F
:202540000E9466786B017C01412C512C612C9FE3792E20E030E0A901C501B4010E944676DF
:20256000181684F4A5019401C701B6010E948777A30192010E94AC76A50194010E94887784
:202580006B017C01C092D31AD092D41AE092D51AF092D61A29813A814B815C8120931F1AF6
:2025A0003093201A4093211A5093221A2C960FB6F894DEBF0FBECDBFDF91CF91FF90EF900A
:2025C000DF90CF90BF90AF909F908F907F906F905F904F900895C301B2010E944B7620E0FE
:2025E00030E044E352E40E94AC769B01AC0160EC71EE84E69CE40E9466786B017C0123E35D
:20260000422E542C23EB622E2EE3722EC4CEC12CD12C7601D9CEC301B2010E944B7620E007
:2026200030E044E352E40E94AC769B01AC0160EC71EE84E69CE40E9466786B017C0183E3BC
:20264000482E542C83EB682E8EE3782E82CFC12CD12C760197CF8F929F92AF92BF92CF920C
:20266000DF92EF92FF920F931F930E9410086B017C01409137195091381960913919709149
:202680003A198091590290915A028D3391050CF43FC0863591050CF440C084EC99E0A0E0EF
:2026A000B0E08090371990903819A0903919B0903A1989288A288B28A9F197018601041BB6
:2026C000150B260B370BB901A801481759076A077B0740F580912F1990913019A0913119DF
:2026E000B09132190196A11DB11D80932F1990933019A0933119B09332191F910F91FF907A
:20270000EF90DF90CF90BF90AF909F908F90089580EE9EE2A0E0B0E0C4CF80E797E1A0E003
:20272000B0E0BFCFC0923719D0923819E0923919F0923A1920912E1B30912F1B2F5F3F4F6C
:2027400030932F1B20932E1B40911B1C50911C1C60911D1C70911E1C4F5F5F4F6F4F7F4F02
:2027600040931B1C50931C1C60931D1C70931E1C40914719509148196091491970914A19A1
:2027800097018601041B150B260B370BB901A8018090471990904819A0904919B0904A19DF
:2027A00089288A288B2829F0481759076A077B0718F18091471990914819A0914919B09168
:2027C0004A19892B8A2B8B2B79F0403412E451071FE06107710540F440933F1950934019D4
:2027E0006093411970934219C0924719D0924819E0924919F0924A1980918F198111BBC03A
:2028000080911B1A90911C1AA0911D1AB0911E1A892B8A2B8B2B09F4AEC080911B1A909149
:202820001C1AA0911D1AB0911E1A46015701881A990AAA0ABB0A20E4821622E492062FE0DB
:20284000A206B10408F097C08091131A9091141AA091151AB091161A892B8A2B8B2B09F452
:2028600093C08091131A9091141AA091151AB091161A88169906AA06BB0608F485C0209107
:20288000131A3091141A4091151A5091161AA3E0B0E00E946D77680D791D8A1D9B1D22E006
:2028A00096958795779567952A95D1F76093131A7093141A8093151A9093161A8091131A1E
:2028C0009091141AA091151AB091161A803533EC9307A105B10508F060C0883709E69007B1
:2028E000A105B10508F05CC0803E1EE29107A105B10508F058C080349F41A105B10508F0BE
:2029000055C0AEE5B1E02091131A3091141A4091151A5091161AB0901C020E946D7728EEA6
:2029200033E040E050E00E944B79AB2DB0E00E946D7724E630E040E050E00E944B792134BB
:202940008CE938074105510520F020E43CE940E050E0243C09E030074105510520F424EC5E
:2029600039E040E050E020932102309322024093230250932402C0921B1AD0921C1AE0929F
:202980001D1AF0921E1AB9CE8092131A9092141AA092151AB092161A91CFAAE8B2E0B3CF57
:2029A000A4EFB1E0B0CFA2ECB1E0ADCFA7E7B1E0AACFCF92DF92EF92FF920F931F930E9467
:2029C0001008AB01BC018091A8199091A919A091AA19B091AB190196A11DB11D8093A819D1
:2029E0009093A919A093AA19B093AB190091901910919119209192193091931980911D0277
:202A000090911E02A0911F02B09120026A017B01C01AD10AE20AF30A9701860108171907DD
:202A20002A073B07A8F180910B1B90910C1BA0910D1BB0910E1B0196A11DB11D80930B1BEC
:202A400090930C1BA0930D1BB0930E1B8091A0199091A119A091A219B091A3190196A11D82
:202A6000B11D8093A0199093A119A093A219B093A319409390195093911960939219709348
:202A800093191F910F91FF90EF90DF90CF9008958091981990919919A0919A19B0919B1953
:202AA0000196A11DB11D8093981990939919A0939A19B0939B19E5CFCF92DF92EF92FF92E5
:202AC0000F931F930E941008AB01BC018091AC199091AD19A091AE19B091AF190196A11D6C
:202AE000B11D8093AC199093AD19A093AE19B093AF19009194191091951920919619309194
:202B000097198091210290912202A0912302B09124026A017B01C01AD10AE20AF30A9701B2
:202B20008601081719072A073B07A8F180910F1B9091101BA091111BB091121B0196A11D1C
:202B4000B11D80930F1B9093101BA093111BB093121B8091A4199091A519A091A619B0916F
:202B6000A7190196A11DB11D8093A4199093A519A093A619B093A7194093941950939519BB
:202B800060939619709397191F910F91FF90EF90DF90CF90089580919C1990919D19A09149
:202BA0009E19B0919F190196A11DB11D80939C1990939D19A0939E19B0939F19E5CF89EA95
:202BC000809320018BE08093210110922D0110922C0110922B0110922A0110922901109279
:202BE000280161E08CE20E94B70761E08DE20E94B70761E08EE20C94B707FC0101900020D0
:202C0000E9F73197AF01481B590BBC0180E29DE10C94FC0986EB92E00C94FD15CF93DF93EA
:202C20000E941B0BEC010E940A168C0F9D1FDF91CF9108951092C41A1092AD1A1092AE1A06
:202C40001092AF1A1092B01A83EC94E00C940E168F929F92AF92BF920F931F93CF93DF93EA
:202C6000CDB7DEB7A1970FB6F894DEBF0FBECDBF19A2423008F44AE08E010F5D1F4F842E4E
:202C8000912CB12CA12CA50194010E944B79E62FB901CA01EA30F4F4E05DD801EE938D016B
:202CA000232B242B252B79F790E080E0109719F0CD010E94FD15A1960FB6F894DEBF0FBEC3
:202CC000CDBFDF91CF911F910F91BF90AF909F908F900895E95CE1CF0C942816AB01682FB9
:202CE00070E090E080E00C946C16CF93DF93D0E0C0E0009719F00E94FD15EC010E940A166B
:202D00008C0F9D1FDF91CF910895009711F00C94FD1590E080E00895CF93DF934AE00E9498
:202D20002816EC010E940A168C0F9D1FDF91CF910895BC0190E080E04AE00C9428164F926C
:202D40005F926F927F928F929F92AF92BF92CF92DF92EF92FF920F931F93CF936B017C0109
:202D6000742EAC019B010E944679882399F089EB92E0CF911F910F91FF90EF90DF90CF9061
:202D8000BF90AF909F908F907F906F905F904F900C94FD1546015701E894B7F82FEF3FEFB3
:202DA0004FE75FE7C501B4010E94467981110DC02FEF3FEF4FE75FE7C501B4010E944676BB
:202DC00018161CF48DEB92E0D4CF2FEF3FEF4FE75FE4C701B6010E94357918161CF481ECE9
:202DE00092E0C7CF2FEF3FEF4FE75FECC701B6010E94467687FDF3CF20E030E0A901C70159
:202E0000B6010E94467610E000E087FF0AC06DE280E29DE10E94CE0A8C01F7FAF094F7F8E3
:202E2000F094C0E060E070E080E09FE37C1641F020E030E040E251E40E946678CF5FF6CF5F
:202E4000A70196010E9488772B013C010E94DF784B015C014AE00E9428167C01E00EF11E03
:202E6000CC23A9F1C501B4010E944B769B01AC01C301B2010E9487774B015C016EE280E230
:202E80009DE10E94CE0AE80EF91EC15000F120E030E040E251E4C501B4010E94AC762B0159
:202EA0003C010E94DF784B01CB010E949916E80EF91EB40190E080E00E944B769B01AC0135
:202EC000C301B2010E9487774B015C01DECFC701CF911F910F91FF90EF90DF90CF90BF90E2
:202EE000AF909F908F907F906F905F904F9008950C949F16CF93DF930E949F16EC010E94BD
:202F00000A168C0F9D1FDF91CF910895CF93DF930E949916EC010E940A168C0F9D1FDF9132
:202F2000CF910895CF92DF92EF92FF92CF93DF9397FF1BC06B017C016DE280E29DE10E94B1
:202F4000CE0AEC0166277727CB016C197D098E099F094AE00E9428168C0F9D1FDF91CF913A
:202F6000FF90EF90DF90CF9008954AE0DF91CF91FF90EF90DF90CF900C942816BC01990FBF
:202F8000880B990B0C949217CF93DF930E94BE17EC010E940A168C0F9D1FDF91CF910895F3
:202FA000EF92FF920F931F93CF93DF93E82EF12C27E1829FE0011124CC5BD44E1E89112341
:202FC00089F00E9468080C811D812E813F81601B710B820B930B11E0653F71408105910548
:202FE00008F010E08EEC93E00E941B0BC70101960E94BE1785EC93E00E941B0B87E18E9D1F
:20300000E0018F9DD00D1124CC5BD44E60E170E08A890E946E168BEB93E00E941B0B8D89B7
:2030200090E00E94BE1783EB93E00E941B0B812F90E00E94BE178EEA93E00E941B0B8885A9
:2030400099850E94991688EA93E00E941B0B8A859B850E94991681EA93E00E941B0B8C851D
:203060009D850E94991682E993E00E941B0B8E859F850E9499168CE893E00E941B0B6AE0B6
:2030800070E08C890E946E1683E893E00E941B0B88899989DF91CF911F910F91FF90EF909E
:2030A0000C948617E0E2F1E090819860908390E090932D0180932C010895CF93DF93EC01C5
:2030C0008F3F910519F014F0CFEFD0E0D7FF02C0D0E0C0E0CE010197099710F4CAE0D0E0C4
:2030E0008091530290915402892BE9F42097D9F0C83208F03FC0C33208F041C0CE3108F00C
:2031000043C0C93108F045C0C43108F047C080E49CE9A0E0B0E080931D0290931E02A09320
:203120001F02B0932002D0935402C09353026093550281E0209709F080E080935602809171
:20314000570281110AC080915802882331F08EE10E9489078C2F0E9452180E946808609316
:20316000401B7093411B8093421B9093431BDF91CF91089584E699E1A0E0B0E0CCCF8CE438
:203180009DE1A0E0B0E0C7CF80E692E2A0E0B0E0C2CF88EF9AE2A0E0B0E0BDCF80EB96E31D
:2031A000A0E0B0E0B8CFCF92DF92EF92FF920F931F93CF938C01C62FF894623008F079C00D
:2031C000C0901B1CD0901C1CE0901D1CF0901E1C789461E0CC2349F060E0C13009F472C098
:2031E00061E0C23009F06EC060E084E30E948907809120018068809320018CE390E090934C
:2032000029018093280180E00E945218D801ED91FC9160817181828193810E94DF780E9473
:20322000350880912001806880932001109229011092280180E00E945218F894C23008F08A
:2032400051C080911B1C90911C1CA0911D1CB0911E1C7894BC01CD016C197D098E099F09F6
:203260000E944B76D8011296ED91FC9120813181428153810E9466786B017C01D801ED91B5
:20328000FC91208131814281538160E070E68AE697E40E9466789B01AC01C701B6010E944C
:2032A000AC76CF911F910F91FF90EF90DF90CF900895C090171CD090181CE090191CF09087
:2032C0001A1C86CF8EE10E9489078CE30E945218809120018068809320011092290110928B
:2032E000280194CF8091171C9091181CA091191CB0911A1CAECFEF92FF920F931F93CF9387
:20330000DF93C82F042FE52E122F8091A21B1092A21B81E08093CF1BC093F11B1092D01B46
:203320001092F21B8DEB9DE10E94F80D80E00E94E90B81112AC08091A21B811126C0612FF9
:203340008C2F0E94D90CC82F1092811B8093801B181304C08091A21B882349F08091811BFA
:20336000C81799F08DEB9DE10E94B80DF7CFF02EC02FDE2D8DEB9DE10E94B80D89938C2F76
:203380008F198117B8F381E001C080E0DF91CF911F910F91FF90EF900895CF93C0916102DF
:2033A00081E08093CF1BC093F11B1092D01B1092F21B65E78DEB9DE10E94F80D80E00E9429
:2033C000E90B61E08C2F0E94D90C1092811B8093801B882321F08DEB9DE10E94B80DCF9111
:2033E0000895EF92FF921F93CF93DF937C01C091610281E08093CF1BC093F11B1092D01B1D
:203400001092F21B6BE38DEB9DE10E94F80D80E00E94E90B6EE08C2F0E94D90C182F1092A3
:20342000811B8093801BE7018EE0E80EF11C8091811B181741F08DEB9DE10E94B80D899363
:20344000EC16FD06A1F7DF91CF911F91FF90EF9008954F925F926F927F928F929F92AF922D
:20346000BF92CF92DF92EF92FF920F931F93CF93DF93CDB7DEB76A970FB6F894DEBF0FBE1A
:20348000CDBF80917B1A882309F47FC185EC92E00E94751680EF92E00E94851688EC90E000
:2034A0000E94BE178BEF92E00E94751608EC10E0C12CD12C7601812C912C5401412C512C8E
:2034C00032011F8A188E198E1A8E1B8A1C8A1D8A1E8A1F86188A198A1A8ACE0101960E94EB
:2034E000F11989819A81982789279827092E000CAA0BBB0B2F85388949895A89280F391FF8
:203500004A1F5B1F2F87388B498B5A8B8B819C81982789279827092E000CAA0BBB0B2B89CD
:203520003C894D895E89280F391F4A1F5B1F2B8B3C8B4D8B5E8B8D819E81982789279827FE
:20354000092E000CAA0BBB0B2F89388D498D5A8D280F391F4A1F5B1F2F8B388F498F5A8FBF
:2035600089859A85982789279827092E000CAA0BBB0B480E591E6A1E7B1E8B859C85982754
:2035800089279827092E000CAA0BBB0B880E991EAA1EBB1E8D859E85982789279827092E76
:2035A000000CAA0BBB0BC80ED91EEA1EFB1E65E070E080E090E00E9435080150110909F0EE
:2035C0008CCFC301B2010E944D7620E030E048E453E40E9466786093671A7093681A8093B5
:2035E000691A90936A1AC501B4010E944D7620E030E048E453E40E9466786093631A70935B
:20360000641A8093651A9093661AC701B6010E944D7620E030E048E453E40E94667860932D
:203620005F1A7093601A8093611A9093621A6F85788989899A890E944D7620E030E048E49C
:2036400053E40E9466786093731A7093741A8093751A9093761A6B897C898D899E890E9475
:203660004D7620E030E048E453E40E94667860936F1A7093701A8093711A9093721A6F8946
:20368000788D898D9A8D0E944D7620E030E048E453E40E94667820E030E040E056E40E9484
:2036A000877760936B1A70936C1A80936D1A90936E1A88E093E00E94751687E293E00E9440
:2036C00085166091671A7091681A8091691A90916A1A41E050E00E94781780E493E00E9426
:2036E00085166091631A7091641A8091651A9091661A41E050E00E94781784E493E00E9412
:20370000851660915F1A7091601A8091611A9091621A41E050E00E947A1788E493E00E94FB
:2037200085166091731A7091741A8091751A9091761A41E050E00E94781780E493E00E9495
:20374000851660916F1A7091701A8091711A9091721A41E050E00E94781784E493E00E9481
:20376000851660916B1A70916C1A80916D1A90916E1A41E050E00E947A171092801A10920E
:20378000811A1092821A1092831A6A960FB6F894DEBF0FBECDBFDF91CF911F910F91FF901B
:2037A000EF90DF90CF90BF90AF909F908F907F906F905F904F9008950E943810811104C027
:2037C00084E894E00C940E160E94291A8091BA1A9091BB1AA091BC1AB091BD1A8093B61A83
:2037E0009093B71AA093B81AB093B91A1092B11A81E08093C41A1092AD1A1092AE1A109286
:20380000AF1A1092B01A89E694E00E940E1688E594E00E941B0B6091B61A7091B71A80917D
:20382000B81A9091B91A42E050E00E94781780EB92EC0E94C4178EE494E00E941B0B60913A
:203840004702709148028091490290914A0244E050E00E94781788E494E00E941B0B6091ED
:20386000430270914402809145029091460244E050E00E9478178EE394E00E941B0B41E0A8
:2038800050E060E070E080EC9FE30E94781780EB92EC0E94C4178BE294E00E941B0B609149
:2038A0004F0270915002809151029091520241E050E00E94781780917E1981111BC08AE08A
:2038C00094E00E941B0B80E294E00E941B0B60914B0270914C0280914D0290914E0241E08F
:2038E00050E00E94781780917D19811106C084EF93E068CF87E194E0E4CF81E094E062CFB6
:20390000E0E2F1E0808180688083109229011092280180E00E94521861E082E30E94B7071F
:2039200061E082E30E94890761E08CE10E94B70761E08CE10E94890761E080E30E94B707BD
:2039400060E080E30E94890761E08AE10E94B70760E08AE10C9489070E94DF15E0E2F1E082
:20396000808180688083109229011092280180E00E94521861E082E30E94B70761E082E3AC
:203980000E94890761E08CE10E94B70761E08CE10E94890768EC70E080E090E00E943508B4
:2039A00060E082E30E94B70760E08CE10E94B70760E080E30E94B70760E08AE10E94B707E7
:2039C00082E090E09093C31A8093C21AA9E5B2E081E015968C931597E3E5F2E085831396E4
:2039E0001C921397138214961C92149714821D921C921182108282E793E00C940E16EF929E
:203A0000FF920F931F93CF93DF937C018B018091C21A9091C31A029711F00E94AC1CE7010D
:203A2000CF3FD10519F014F0CFEFD0E0CA30D10514F4CAE0D0E061E080E30E94B70760E0B1
:203A400080E30E94890761E082E30E94B70761E082E30E94890780912001806880932001A5
:203A6000109229011092280160E08AE10E94B70761E08CE10E94B70760E08CE10E948907B7
:203A800060E08EE10E948907F89480912C1B90912D1B90932B1B80932A1B1092291B1092AF
:203AA000281B1093231B0093221B8CE480935F0281E08093311B0E94680860931E1B70932D
:203AC0001F1B8093201B9093211BD0932A19C0932919789460E0CE01DF91CF911F910F9189
:203AE000FF90EF900C945D18E0E2F1E0808180688083109229011092280180E00E94521821
:203B000061E080E30E94B70760E080E30E94890761E08AE10E94B70760E08AE10E948907E3
:203B200060E082E30E94B70760E08CE10E94B7071092C31A1092C21AA9E5B2E015961C92FD
:203B40001597E3E5F2E0158281E013968C931397838314961C92149714821D921C92118226
:203B600010828FE593E00C940E16CF93DF93EC018F3F910519F014F0CFEFD0E0D7FF02C0D0
:203B8000D0E0C0E0CE010197099710F4CAE0D0E08091590290915A02892BE9F42097D9F076
:203BA000C83208F045C0C33208F047C0CE3108F049C0C93108F04BC0C43108F04DC080E4BF
:203BC0009CE9A0E0B0E08093210290932202A0932302B0932402D0935A02C09359026093B2
:203BE0005B0281E0209709F080E080935C0280915D02811110C080915E02882361F084E3E0
:203C00000E94890780912001806880932001D0932901C09328010E9468086093401B7093B8
:203C2000411B8093421B9093431BDF91CF91089580EE95E1A0E0B0E0C6CF8CE29AE1A0E0D8
:203C4000B0E0C1CF88E79EE1A0E0B0E0BCCF88E496E2A0E0B0E0B7CF80E092E3A0E0B0E05C
:203C6000B2CFCF92DF92EF92FF920F931F93CF93DF930E94680800914B1910914C192091F9
:203C80004D1930914E194091B0190115110521053105D9F06B017C01C01AD10AE20AF30A24
:203CA0009701860141116EC0043611052105310508F45FC060934B1970934C1980934D1966
:203CC00090934E19C9E1D0E00EC060934B1970934C1980934D1990934E19442399F3C0912C
:203CE0002502D09126026091C91A7091CA1A8091CB1A9091CC1A21EB39E1AE010E94870E52
:203D00008C016091C51A7091C61A8091C71A9091C81A25EB39E1AE010E94870EEC01609182
:203D2000050280910202909103028017910721F480915B02861739F0C8010E94B51D1093E9
:203D40000302009302026091040281E0682780910002909101028C179D0721F480915502E5
:203D6000861739F0CE010E945D18D0930102C0930002DF91CF911F910F91FF90EF90DF903F
:203D8000CF900895043111052105310590F360934B1970934C1980934D1990934E199FCFCD
:203DA000EF92FF920F931F93CF93DF937C018B018091C21A9091C31A029711F00E94AC1CD1
:203DC000E701CF3FD10519F014F0CFEFD0E0CA30D10514F4CAE0D0E061E08AE10E94B7075E
:203DE00060E08AE10E94890761E08CE10E94B70761E08CE10E94890780E00E94521860E04C
:203E000080E30E94B70761E082E30E94B70760E082E30E94890761E084E30E948907F8949C
:203E200080912E1B90912F1B90932B1B80932A1B1092291B1092281B1093231B0093221B80
:203E400082E580935F0281E08093311B0E94680860931E1B70931F1B8093201B9093211B9F
:203E6000D0932A19C0932919789461E0CE01DF91CF911F910F91FF90EF900C94B51D0F93A9
:203E80001F93CF93DF938C018091C21A9091C31A029711F00E94AC1CE8010F3F110519F0CA
:203EA00014F0CFEFD0E0CA30D10514F4CAE0D0E060E080E30E94B70760E08AE10E94B70750
:203EC00060E082E30E94B70760E08CE10E94B70760E0CE010E94B51D61E0CE010E945D1826
:203EE000D0935A02C0935902D0935402C093530210925B0281E080935502DF91CF911F91AA
:203F00000F910895CF93DF93FC01248135816217730788F49B01C081D18160E270E0CE0139
:203F2000820F931F0E94777A009729F08C1B9D0BDF91CF9108958FEF9FEFFACFFC0180816C
:203F40009181009711F00C94107260E070E0CB0108958F929F92AF92BF92CF92DF92EF9265
:203F6000FF92CF93DF93FC012081222309F43FC0FB0120812223D9F1EB010E9410726B01D5
:203F80007C0120E030E048EC52E40E9466780E94D878072E000C880B990B0E944D764B018F
:203FA0005C0120E030E048EC52E40E94AC769B01AC01C701B6010E94877720E030E040E7C7
:203FC00052E40E946678A50194010E94887728812B7F233509F49058DF91CF91FF90EF90E1
:203FE000DF90CF90BF90AF909F908F90089560E070E0CB01F1CFFC0180819181009711F0B6
:204000000C94327260E070E0CB010895AF92BF92CF92DF92EF92FF920F931F93CF93DF93C5
:20402000DC01CD90DC901197C114D10439F01496CD91DC918C017601209761F4DF91CF910A
:204040001F910F91FF90EF90DF90CF90BF90AF90089575015701BFEFAB1ABB0AF70180810A
:20406000082E000C990B0E942576892B91F72197CC0DDD1D8881082E000C990B0E9425762A
:20408000892B29F0CE15DF0510F02197F3CFAE014F5F5F4F4E195F09D80115965C934E93E4
:2040A0001497CE14DF0420F4B701C6010E946E7AD801ED91FC91119714968D919C91E80FFB
:2040C000F91F1082BBCFFB0144815581FC01248135812417350778F080819181009759F0EB
:2040E000FB01608171816115710529F00E94927A21E0892B09F020E0822F0895EF92FF9230
:204100000F931F93CF93DF938617970769F1FC0124813581FB014481558124173507E1F4A7
:20412000232B11F1FC0100811181FB01C081D181F80181918F018823B9F0082E000C990BBB
:204140000E945E7A7C018991082E000C990B0E945E7AE816F90661F380E0DF91CF911F91BD
:204160000F91FF90EF90089581E0F7CFFC0124813581232B39F421E0FB018081882349F018
:2041800020E007C0808191810E94827A21E0892BB9F7822F08950F931F93CF93DF938C013F
:2041A000EB01FC01808191810097E1F06881798161157105A9F0428153812C813D814217D8
:2041C000530770F00E948B7A8C819D81F801958384831D821C82DF91CF911F910F91089541
:2041E0000E94877188819981F801918380838A819B81938382838C819D81958384831982CB
:2042000018821B821A82E5CFCF93DF93EC0188819981009711F00E948771198218821D822D
:204220001C821B821A82DF91CF910895FC0180819181009711F00C94877108950F931F9309
:20424000CF93DF93EC0188819981009759F02A813B812617370730F081E0DF91CF911F91B7
:204260000F9108958B016F5F7F4F0E947D79009759F0998388831B830A832C813D81232B56
:2042800059F7FC011082E8CF80E0E7CFEF92FF920F931F93CF93DF936115710541F480E0B7
:2042A000DF91CF911F910F91FF90EF90089541155105B1F07B01EC010C811D81040F151F0B
:2042C000B8010E941E21882351F3288139818C819D81B701820F931F0E948B7A1D830C83F6
:2042E00081E0DECFCF93DF931F921F92CDB7DEB769831A8241E050E0BE016F5F7F4F0E948B
:2043000046210F900F90DF91CF910895EF92FF920F931F93CF93DF93EC017B018A01BA01A2
:204320000E941E2181110BC0CE010E940421CE01DF91CF911F910F91FF90EF9008951D836F
:204340000C83B701888199810E948B7AF0CFFB0101900020E9F73197AF01461B570B0C9425
:204360008621EF92FF920F931F93CF93DF93CDB7DEB7E3970FB6F894DEBF0FBECDBF7C0105
:20438000CB01BA01F7011182108213821282158214828E010F5F1F4F24E046E00E94CD70AF
:2043A000009789F0BC01C7010E94A721E3960FB6F894DEBF0FBECDBFDF91CF911F910F911E
:2043C000FF90EF900895C7010E940421EFCFFB01DC0111961C921E9213961C921E92129757
:2043E00015961C921E9214978617970749F0608171816115710521F0448155810C948621E3
:204400000895FC01118210821382128215821482FB0101900020E9F73197AF01461B570BBF
:204420000C948621AF92BF92CF92DF92EF92FF920F931F93CF93DF936C015B017A018901C9
:204440002417350720F48F2D7901042F182F60EC75E0C6010E940122D5011496CD91DC91A9
:20446000EC16FD06E0F40C171D0708F4E801D501ED91FC911197EC0FFD1F108110826D9176
:204480007C916E0D7F1DC60161157105A1F00E94A721F50180819181C80FD91F1883C60110
:2044A000DF91CF911F910F91FF90EF90DF90CF90BF90AF9008950E940421EBCFCF93DF9380
:2044C000EC01FB01248135810E941222CE01DF91CF9108952F923F924F925F926F927F9210
:2044E0008F929F92AF92BF92CF92DF92EF92FF920F931F93CF93DF93CDB7DEB7EA970FB66D
:20450000F894DEBF0FBECDBF7C0170E060E00E94821F5C016C012FEFC21AD20AB601C701AA
:204520000E94821F8C011A141B040CF0E1C0181619060CF0DDC09C01A601B701CE01019679
:204540000E941222A8014F5F5F4FB701CE0107960E945E22CE0101960E949E1F6D8F7E8F6C
:204560008F8F98A3CE0107960E949E1F6D8B7E8B8F8B988F20E030E040E85FEB6D8D7E8D4E
:204580008F8D98A10E94467687FDCBC020E030E040E85FE36D8D7E8D8F8D98A10E94357935
:2045A000181644F480E090E0A0E8BFE38D8F9E8FAF8FB8A320E030E040E050EC6D897E8950
:2045C0008F89988D0E94467687FDB4C020E030E040E050E46D897E898F89988D0E9435795A
:2045E000181644F480E090E0A0E0B0E48D8B9E8BAF8BB88F0E9468086093191B70931A1B3E
:2046000080931B1B90931C1B81E080931D1B8091A41A811118C08D8D9E8DAF8DB8A1809325
:20462000A91A9093AA1AA093AB1AB093AC1A2D893E894F89588D2093A51A3093A61A4093CD
:20464000A71A5093A81A8091C21A9091C31A029761F084E693E00E9475160E94AC1C64E661
:2046600070E080E090E00E943508CD8CDE8CEF8CF8A0E894F7F82AE037ED43E25CE3C701A0
:20468000B6010E94467687FF5EC02AE037ED43E25CE36D897E898F89988D9F770E94467621
:2046A00087FF51C00E94550F61E090E080E00E94B51D60E090E080E00E945D180E940F10F0
:2046C0000E949D0F8091A41A81110AC080E993E00E94851681EE93E00E941B0B0E940A16DC
:2046E000CE0107960E941621CE0101960E941621EA960FB6F894DEBF0FBECDBFDF91CF919F
:204700001F910F91FF90EF90DF90CF90BF90AF909F908F907F906F905F904F903F902F9027
:20472000089520E030E040E85FEB2D8F3E8F4F8F58A340CF20E030E040E050EC2D8B3E8BFC
:204740004F8B588F57CF0E94381081115DC21092CA198D899E89AF89B88D8093BA1990938F
:20476000BB19A093BC19B093BD19898B9A8BAB8BBC8B25E83BEE41ED5EE369897A898B89E0
:204780009C890E94AC766B017C012D8D3E8D4F8D58A10E94887769A77AA78BA79CA7A701FE
:2047A00096016D8D7E8D8F8D98A10E9487776DA77EA78FA798AB2224239420E030E0A901FF
:2047C00069A57AA58BA59CA50E94357987FD212C3324339420E030E0A9016DA57EA58FA5D9
:2047E00098A90E94357987FD312C809107028215F9F0809120018068809320011092290193
:20480000109228011092DB1A1092DC1A1092DD1A1092DE1A1092791910927A1910927B19CC
:2048200010927C1965E070E080E090E00E943508809106028315C9F080E00E945218109285
:20484000D31A1092D41A1092D51A1092D61A1092751910927619109277191092781965E0AD
:2048600070E080E090E00E943508209207023092060220E030E0A90169A57AA58BA59CA55C
:204880000E94357987FDC9C3409018025090190260901A0270901B0220E030E0A9016DA5DE
:2048A0007EA58FA598A90E94357987FDBFC320911402309115024091160250911702298FD0
:2048C0003A8F4B8F5C8FC9A4DAA4EBA4FCA4E894F7F811E02AE037ED43E25CE3C701B601C3
:2048E0000E94357918160CF010E02DA53EA54FA558A95F7729A33AA34BA35CA30E94680826
:204900004B015C012AE037ED43E25CE3C701B6010E943579181614F00C94132D80917419DD
:20492000811108C08092701990927119A0927219B09273192AE037ED43E25CE369A17AA194
:204940008BA19CA10E943579181614F00C942E2D80916F19811108C080926B1990926C1941
:20496000A0926D19B0926E191093741981E080936F192AE037ED43E25CE3C701B6010E94D7
:204980003579181614F40C94332D1D861E861F86188A2AE037ED43E25CE369A17AA18BA1C2
:2049A0009CA10E943579181614F00C94632D298D3A8D4B8D5C8D69A17AA18BA19CA10E949A
:2049C000AC762B013C0120E030E0A9010E94467687FF02C00C945E2D20E030E04FE753E444
:2049E000C301B2010E943579181634F4412C512CBFE76B2EB3E47B2E2AE037ED43E25CE39F
:204A0000C701B6010E94357918160CF024C38091701990917119A0917219B0917319A50142
:204A20009401281B390B4A0B5B0BDA01C90186399105A105B10560F420E030E048EC51E47C
:204A40006D857E858F8598890E94467687FD0AC72AE037ED43E25CE369A17AA18BA19CA159
:204A60000E94357918160CF4F6C220E030E0A9016D857E858F8598890E94357987FD12C373
:204A800020E030E040E05FE36D857E858F8598890E9488770E94D8787EA36DA320E030E0A6
:204AA000A901C301B2010E94357920E030E040E05FE387FD02C3C301B2010E9488770E9410
:204AC000D8787AAF69AF4DA15EA1141615068CF480915B02821569F0809120018068809308
:204AE000200110922901109228018BE39FE10197F1F789AD9AAD181619066CF481E083255D
:204B000090915502891739F080E00E9452188BE39FE10197F1F720E030E040E752E4C70145
:204B2000B6010E94AC762BE935E249E55FE30E94667869AB7AAB8BAB9CAB609367197093B3
:204B400068198093691990936A1920E030E040E752E469A17AA18BA19CA10E94AC762BE9C6
:204B600035E249E55FE30E9466786DAB7EAB8FAB98AF6093631970936419809365199093C9
:204B800066190E9468084B015C0180915F1990916019A0916119B09162190097A105B1055E
:204BA00009F490C2A5019401281B390B4A0B5B0BCA01B9010E944B7620E030E04AE754E4C8
:204BC0000E946678698F7A8F8B8F9C8F2AE037ED43EA5CE30E94467687FD13C62DEC3CEC79
:204BE0004CE45EE3698D7A8D8B8D9C8D0E94357918160CF06FC28DEC9CECACE4BEE3898F11
:204C00009A8FAB8FBC8F66C26091841A7091851A8091861A9091871A905825E33AEF4EE8CD
:204C20005CE30E94AC766093531970935419809355199093561920912F02309130024091E9
:204C40003102509132020E9487776D877E878F87988B40902B0250902C0260902D02709010
:204C60002E022AE037ED43EA5CE3C301B2010E94467687FD61C020E030E040E85FE3C301B2
:204C8000B2010E943579181634F4412C512C20E8622E2FE3722E8090BE199090BF19A09078
:204CA000C019B090C119A50194016D857E858F8598890E948777A30192010E94AC76A5015B
:204CC00094010E9488774B015C018092BE199092BF19A092C019B092C1199F7720912702FB
:204CE000309128024091290250912A020E94467618161CF0812C912C540180924F199092CD
:204D00005019A0925119B09252198091CB1981111CC01092CA192D893E894F89588D20930C
:204D2000BA193093BB194093BC195093BD19298B3A8B4B8B5C8B1DCD9AE0492E97ED592E8C
:204D400093EA692E9CE3792EA6CF2AE037ED43E25DE36D897E898F89988D9F770E94357971
:204D600087FD79C01092CA19A50194016D897E898F89988D0E9487772AE939E949E95EE334
:204D80000E94AC766B017C0123E333E343EB5EEB0E94467687FD42C023E333E343EB5EE364
:204DA000C701B6010E94357918163CF483E3C82EDC2C83EBE82E8EE3F82E1092C219109228
:204DC000C3191092C4191092C519A70196016D897E898F89988D0E948877698B7A8B8B8BCF
:204DE0009C8B20E030E040E050EC0E94467687FD1DC020E030E040E050E469897A898B89F4
:204E00009C890E9435791816CCF480E090E0A0E0B0E4898B9A8BAB8BBC8B10C003E3C02EF1
:204E2000DC2C03EBE02E0EEBF02EC7CF20E030E040E050EC298B3A8B4B8B5C8B89899A89EA
:204E4000AB89BC898093BA199093BB19A093BC19B093BD198ECC2FE832EC45EF5CE3C70111
:204E6000B6010E94467687FF07C00E94190F2D893E894F89588D5BCF6091801A7091811A7B
:204E80008091821A9091831A2091CA1921110EC08B019C0130580093C6191093C7192093BA
:204EA000C8193093C91921E02093CA192091C6193091C7194091C8195091C9190E9488778E
:204EC0006B017C0120E030E044E353E40E94357918164CF420E030E044EB53E4C701B601C8
:204EE0000E948777EDCF20E030E044E353ECC701B6010E94467687FF0BC020E030E044EB73
:204F000053E4C701B6010E9488776B017C01EBCF2FE832EC45EF5CEB6D8D7E8D8F8D98A18D
:204F20000E94467620E030E040E050E487FD04C02DEC3CEC4CE45FE3C701B6019F770E947D
:204F4000467687FF03C0C12CD12C7601C092C219D092C319E092C419F092C5192FE832EC9C
:204F600045EF5CEB6D8D7E8D8F8D98A10E94467687FD41C029E23CE54FE05DE38AE999E9E9
:204F8000A9E9BEE38D879E87AF87B88B13E3412E542C13EB612E1EE3712EC701B6010E94F9
:204FA000AC766B017C012D853E854F855889C501B4010E94AC769B01AC01C701B6010E9413
:204FC00087777B018C01A30192015058298B3A8B4B8B5C8B0E94467687FD30CFA30192019D
:204FE000B701C8010E9435791816A4F4498A5A8A6B8A7C8A23CF26EA3BE944E45CE38DEC62
:205000009CECACECBDE38D879E87AF87B88B2C013D01C3CFC701D801FCCE409010025090F4
:205020001102609012027090130236CC80910C0290910D02A0910E02B0910F02898F9A8F1F
:20504000AB8FBC8F40CC80E090E0A8ECB1E48D879E87AF87B88B80916B1990916C19A091A8
:205060006D19B0916E19A5019401281B390B4A0B5B0BDA01C90186399105A105B10508F017
:20508000F4CC20E030E048EC51E4C301B2010E94467687FFEACC412C512CA8EC6A2EA1E42B
:2050A0007A2EE3CC20E030E040E05FE36D857E858F8598890E948777EDCCC301B2010E948B
:2050C0008777FDCC2DEC3CEC4CEC5DE3298F3A8F4B8F5C8F80925F1990926019A092611939
:2050E000B092621910925B1910925C1910925D1910925E191092571910925819109259195C
:2051000010925A198091B919882309F4CFC320E030E040E450E469A97AA98BA99CA90E94A5
:20512000AC766DA37EA38FA398A720E030E040EF51E40E94467687FF08C020E030E040EF4C
:2051400051E42DA33EA34FA358A720E030E040E450E46DA97EA98FA998AD0E94AC764B0146
:205160005C0120E030E040EF51E40E94467687FF06C0812C912CF0EFAF2EF1E4BF2E2DA1FE
:205180003EA14FA158A56091D71A7091D81A8091D91A9091DA1A0E943579181684F41092BD
:2051A000D71A1092D81A1092D91A1092DA1A1092DB1A1092DC1A1092DD1A1092DE1AA50137
:2051C00094016091CF1A7091D01A8091D11A9091D21A0E943579181684F41092CF1A109249
:2051E000D01A1092D11A1092D21A1092D31A1092D41A1092D51A1092D61A8091CF1A90914D
:20520000D01AA091D11AB091D21A8DA39EA3AFA3B8A72AE037ED43E25CE3C701B6010E9486
:20522000357918160CF0B3C08090D71A9090D81AA090D91AB090DA1A20E030E040E05FE347
:20524000C501B4010E94357918160CF0A0C0A501940169A97AA98BA99CA90E9487774B0124
:205260005C01AC019B01698D7A8D8B8D9C8D0E94AC762091791930917A1940917B195091A9
:205280007C190E9488776B017C0120E030E040EF51EC0E94467687FDB9C220E030E040EFD7
:2052A00051E4C701B6010E943579181634F4C12CD12CE0EFEE2EE1E4FE2EC0927919D09288
:2052C0007A19E0927B19F0927C1920916602309167024091680250916902C501B4010E9437
:2052E000AC764B015C0120910B1C30910C1C40910D1C50910E1CC701B6010E94AC769B013E
:20530000AC01C501B4010E9488776B017C0120E030E040E251EC0E94467687FD7EC220E04A
:2053200030E040EC50E4C701B6010E943579181634F4C12CD12C60ECE62E60E4F62EC092D4
:205340005B19D0925C19E0925D19F0925E19A70196016D857E858F8598890E9488776D8723
:205360007E878F87988B20E030E0A9010E94467687FD8EC220E030E04FE753E46D857E8591
:205380008F8598890E94357918160CF486C22AE037ED43E25CE369A17AA18BA19CA10E9450
:2053A000357918160CF0AEC020E030E040E05FE36DA17EA18FA198A50E94357918160CF021
:2053C000A1C02DA13EA14FA158A56DA97EA98FA998AD0E9487776B017C01AC019B01698D50
:2053E0007A8D8B8D9C8D0E94AC76209175193091761940917719509178190E9488774B0152
:205400005C0120E030E040EF51EC0E94467687FD0BC220E030E040EF51E4C501B4010E9473
:205420003579181634F4812C912C40EFA42E41E4B42E8092751990927619A0927719B092A1
:20544000781920916602309167024091680250916902C701B6010E94AC766B017C01209114
:205460000B1C30910C1C40910D1C50910E1CC501B4010E94AC769B01AC01C701B6010E946E
:2054800088776B017C0120E030E040E251EC0E94467687FDD0C120E030E040EC50E4C7010A
:2054A000B6010E943579181634F4C12CD12C20ECE22E20E4F22EC0925719D0925819E0925E
:2054C0005919F0925A19A7019601C301B2010E9488772B013C0120E030E0A9010E9446768D
:2054E00087FDB0C120E030E04FE753E4C301B2010E943579181634F4412C512C8FE7682E27
:2055000083E4782E2D853E854F8558892093C91A3093CA1A4093CB1A5093CC1A4092C51AE5
:205520005092C61A6092C71A7092C81A20920502309204020E94311E8091A41A8111D0C887
:20554000E0900202F090030200910002109101028CEC93E00E94851643E050E06D8D7E8D9B
:205560008F8D98A10E94781783ED93E00E94851643E050E06D897E898F89988D0E947817C7
:2055800089ED93E00E94851643E050E069897A898B899C890E9478178FED93E00E94851607
:2055A0006091C2197091C3198091C4199091C51941E050E00E94781785EE93E00E948516B0
:2055C0006091531970915419809155199091561945E050E00E9478178BEE93E00E94851642
:2055E00060914F1970915019809151199091521943E050E00E94781781EF93E00E9485163D
:20560000C70197FF02C090E080E00E94BE1788EF93E00E948516C80117FF02C090E080E08B
:205620000E94BE178FEF93E00E9485166091DB1A7091DC1A8091DD1A9091DE1A0E94D878D5
:20564000CB010E94BE1786E094E00E9485166091D31A7091D41A8091D51A9091D61A0E9470
:20566000D878CB010E94BE178DE094E00E9485166091D71A7091D81A8091D91A9091DA1A8B
:205680000E94D878CB010E94BE1785E194E00E9485166091CF1A7091D01A8091D11A9091DC
:2056A000D21A0E94D878CB010E94BE178DE194E00E9485168091CE1A882309F4C7C08AEC0C
:2056C00093E00E94851683E294E00E9485168091CD1A882309F4BDC08AEC93E00E948516C1
:2056E00089E294E00E94851660916719709168198091691990916A1941E050E00E947817E2
:2057000081E394E00E9485166091631970916419809165199091661941E050E00E947817D8
:2057200089E394E00E94851660915B1970915C1980915D1990915E1942E050E00E947817CF
:205740008FE394E00E94851660915719709158198091591990915A1942E050E00E947817B9
:2057600085E494E00E9485168091B91990E00E94BE178AE494E00E94851620E030E0A9016C
:2057800069A57AA58BA59CA50E94357987FD64C08AEC93E00E9485168FE494E00E94851629
:2057A00020E030E0A9016DA57EA58FA598A90E94357987FD54C08AEC93E00E9485168BEDFF
:2057C00093E00E941B0B60919C1A70919D1A80919E1A90919F1A42E050E00E94781785ED97
:2057E00093E00E941B0B6091981A7091991A80919A1A90919B1A42E050E00E9478170C9459
:205800006E238AE097EDA3EABCE3F9C9C12CD12C70EFE72E71ECF72E50CDC12CD12C50E202
:20582000E52E51ECF52E8BCD812C912C30EFA32E31ECB32EFECDC12CD12C90E2E92E91EC8A
:20584000F92E39CE412C512C32015CCE8BEE9BE038CF8BEE9BE042CF82E693E09BCF82E626
:2058600093E0ABCF2AE037ED43E25CE369A17AA18BA19CA10E94357918160CF4E4CB80E08E
:2058800090E0A8ECB1E48D879E87AF87B88BF8C81D861E861F86188A7ACD20E030E04FE7E2
:2058A00053E42D873E874F87588B71CD23102ACE2DEC3CEC4CE45DE369897A898B899C8937
:2058C0009F770E94467687FF1DCE2AE037ED43E25CE3C701B6010E94357918160CF012CE78
:2058E0002AE037ED43E25CE369A17AA18BA19CA10E94357918160CF005CE8090DB1A909016
:20590000DC1AA090DD1AB090DE1A20E030E040E450E4C501B4010E94357918160CF0F2CD16
:20592000C090D31AD090D41AE090D51AF090D61A20E030E040E450E4C701B6010E943579D6
:2059400018160CF0DFCD20E030E040E251E46D857E858F8598890E94357987FDD3CD20E06C
:2059600030E040E251E4C301B2010E94357987FDC9CDA5019401C701B6010E94877720E085
:2059800030E040E05FE30E94AC766B017C0120E030E040E051EC0E94467608EF1FEF87FD94
:2059A00011C020E030E040E051E4C701B6010E94357908E010E018162CF0C701B6010E949F
:2059C000D8788B016DA17EA1600F711F6F3F710519F014F06FEF70E06A30710514F46AE07E
:2059E00070E0072E000C880B990B0E944D766D877E878F87988B69AD7AAD601B710B6F3F66
:205A0000710519F014F06FEF70E06A30710514F46AE070E0072E000C880B990B0E944D76C6
:205A20002B013C016FCD2AE037ED43E25CE369A17AA18BA19CA10E943579181614F40C947B
:205A4000A8241092741910926F19412C512C32014D865E866F86788A0C94402581E08093DD
:205A6000741910926F19A3019201C701B6010E94AC766D877E878F87988B20E030E0A90109
:205A80000E94467687FF02C00C94C52420E030E04FE753E46D857E858F8598890E943579E0
:205AA000181614F00C94C92480E090E0AFE7B3E48D879E87AF87B88B0C94C924412C512C01
:205AC00032010C94FC242AE037ED43E25CE3C701B6010E943579412C512C3201181614F023
:205AE0000C9435250C940725CF92DF92EF92FF920F931F93CF93DF93CDB7DEB72C970FB633
:205B0000F894DEBF0FBECDBF8C010E9406206DEE75E0CE0101960E940122BE016F5F7F4F78
:205B2000C8010E946320F82ECE0101960E941621FF2089F00E94DC1B2C960FB6F894DEBF31
:205B40000FBECDBFDF91CF911F910F91FF90EF90DF90CF90089568EF75E0CE0101960E949F
:205B60000122BE016F5F7F4FC8010E946320F82ECE0101960E941621FF2019F00E941A165A
:205B8000DBCF60E874E0CE0101960E940122BE016F5F7F4FC8010E946320F82ECE010196BF
:205BA0000E941621FF2009F43FC00E943810811105C080EF98E00E940E16BECF2091B61AF5
:205BC0003091B71A4091B81A5091B91A6091BA1A7091BB1A8091BC1A9091BD1A0E948777C2
:205BE0006B017C0120E030E0A9010E94467618161CF08EE998E0DFCFC0924F02D092500276
:205C0000E0925102F092520281E080937E198CE798E00E941B0B42E050E0C701B6010E94B8
:205C2000781788E698E0C7CF6AE874E0CE0101960E940122BE016F5F7F4FC8010E9463203F
:205C4000F82ECE0101960E941621FF2009F441C00E943810811103C08FE498E0ACCF20916C
:205C6000B61A3091B71A4091B81A5091B91A6091BA1A7091BB1A8091BC1A9091BD1A0E944F
:205C800087776B017C0120E030E0A9010E94357987FD03C080E098E08ECFF7FAF094F7F833
:205CA000F094C0924B02D0924C02E0924D02F0924E0281E080937D198EED97E00E941B0BBA
:205CC00042E050E0C701B6010E9478178AEC97E072CF63E974E0CE0101960E940122BE010A
:205CE0006F5F7F4FC8010E946320F82ECE0101960E941621FF2031F10E943810811103C035
:205D000081EB97E058CF0E94291AC090BA1AD090BB1AE090BC1AF090BD1AC092B61AD0921A
:205D2000B71AE092B81AF092B91A83E997E00E941B0B42E050E0C701B6010E9478178EE8D6
:205D400097E039CF67E974E0CE0107960E940122BE01695F7F4FC8010E946320FF24F39402
:205D6000811115C06EE974E0CE0101960E940122BE016F5F7F4FC8010E946320FF24F394F3
:205D8000811101C0F12CCE0101960E941621CE0107960E941621FF20A1F146E050E0B8014F
:205DA000CE0101960E945E22CE0101960E949E1F6B017C01CE0101960E94162120E030E05E
:205DC000A901C701B6010E94467618161CF085E797E0F1CEC0924F02D0925002E092510244
:205DE000F092520210927E198DE597E00E941B0B42E050E0C701B6010E94781788E597E0FD
:205E0000DACE65EA74E0CE0107960E940122BE01695F7F4FC8010E946320FF24F394811187
:205E200015C06BEA74E0CE0101960E940122BE016F5F7F4FC8010E946320FF24F394811134
:205E400001C0F12CCE0101960E941621CE0107960E941621FF20A1F145E050E0B801CE0152
:205E600001960E945E22CE0101960E949E1F6B017C01CE0101960E94162120E030E0A901C2
:205E8000C701B6010E94467618161CF080E497E092CEC0924B02D0924C02E0924D02F0921E
:205EA0004E0210927D1988E297E00E941B0B42E050E0C701B6010E94781783E297E07BCE8A
:205EC00061EB74E0CE0101960E940122BE016F5F7F4FC8010E946320F82ECE0101960E9480
:205EE0001621FF2009F4EDC086EB94E00E94751688ED94E00E9485168091C41A8111D8C051
:205F000088E39CE00E9475168CEE94E00E9485168091B11A8111CFC088E39CE00E94751631
:205F200081E095E00E9485160E9438108111C6C083E794E00E9475160E943810882309F4AF
:205F40005EC02091B61A3091B71A4091B81A5091B91A6091BA1A7091BB1A8091BC1A909116
:205F6000BD1A0E9487776B017C0185E195E00E9485166091BA1A7091BB1A8091BC1A909106
:205F8000BD1A42E050E00E94781789E295E00E9475168CE295E00E94851642E050E0C70160
:205FA000B6010E94781789E295E00E94751680E495E00E9485166091B21A7091B31A80913A
:205FC000B41A9091B51A42E050E00E94781784E595E00E94751689E595E00E948516609164
:205FE000AD1A7091AE1A8091AF1A9091B01A43E050E00E9478178EE695E00E94751683E748
:2060000095E00E9485166091A91A7091AA1A8091AB1A9091AC1A43E050E00E94781789E8A3
:2060200095E00E9485166091A51A7091A61A8091A71A9091A81A43E050E00E947A178DE88D
:2060400095E00E9485166091B61A7091B71A8091B81A9091B91A42E050E00E94781789E236
:2060600095E00E94751681EA95E00E94851660914702709148028091490290914A0244E0EF
:2060800050E00E9478178BEA95E00E9485166091430270914402809145029091460244E016
:2060A00050E00E947A1789E991E10E94751644CD80E39CE027CF84E594E030CF8FEB97E0B9
:2060C00039CF61EB75E0CE0107960E940122BE01695F7F4FC8010E946320FF24F394811167
:2060E00015C065EB75E0CE0101960E940122BE016F5F7F4FC8010E946320FF24F394811176
:2061000001C0F12CCE0101960E941621CE0107960E941621FF2021F143E050E0B801CE0111
:2061200001960E945E22CE0101960E949E1F6B017C01C0924702D0924802E0924902F09272
:206140004A02CE0101960E94162187E197E00E941B0B44E050E0C701B6010E947A17ECCC4F
:2061600069EB75E0CE0107960E940122BE01695F7F4FC8010E946320FF24F394811115C0F1
:206180006DEB75E0CE0101960E940122BE016F5F7F4FC8010E946320FF24F394811101C0E1
:2061A000F12CCE0101960E941621CE0107960E941621FF20E1F043E050E0B801CE010196DC
:2061C0000E945E22CE0101960E949E1F6B017C01C0924302D0924402E0924502F09246022D
:2061E000CE0101960E9416218BE097E0B0CF8BEF96E00E940E1681ED96E00E940E168FEA26
:2062000096E00E940E1681E796E00E940E168DE296E00E940E168CEE95E00E940E1684EBCF
:2062200095E00E940E168CE795E00E940E1687E495E00E940E1685E195E00E940E1681EEBF
:2062400094E0B9CC2F923F924F925F926F927F928F929F92AF92BF92CF92DF92EF92FF9207
:206260000F931F93CF93DF93CDB7DEB7EB970FB6F894DEBF0FBECDBF8C0170E060E00E9455
:20628000E9098855833210F00C94F545E82F880FFF0B8827E15BFE4C8F4F0C946D79B3425A
:2062A000F545F545F545F545F545F545F545F545F545F545123F693E22407C43F545E6322F
:2062C000F545273A2335F545F545983169407D3714388840A440F545FA3B7231F545ED41BF
:2062E0001E45AE40B801CE0101960E94E721CE0101960E946A22CE0101960E941621EB9630
:206300000FB6F894DEBF0FBECDBFDF91CF911F910F91FF90EF90DF90CF90BF90AF909F907D
:206320008F907F906F905F904F903F902F90089541E050E0B801CE0101960E945E22CE01D6
:2063400001960E94062066ED75E0CE0101960E94B620882329F08DE59AE00E940E16CBCF48
:206360006FED75E0CE0101960E94B620882309F48AC0F89440901B1C50901C1C60901D1CC8
:2063800070901E1C8090171C9090181CA090191CB0901A1CC0900F1BD090101BE090111BB0
:2063A000F090121B20910B1B30910C1B40910D1B50910E1B28A739A74AA75BA7789485E556
:2063C0009AE00E941B0B8EEE99E00E941B0BA7019601C301B2010E944D0E8150833008F08F
:2063E0004CC0E82FF0E0EE0FFF1FE457FD4F808191810E941B0B8AEE99E00E941B0B28A5A7
:2064000039A54AA55BA5C501B4010E944D0E81508330B0F5E82FF0E0EE0FFF1FE457FD4F85
:20642000808191810E941B0B85EE99E00E941B0B4AE050E0C301B2010E946C1680EE99E0F1
:206440000E941B0B4AE050E0C501B4010E946C168BED99E00E941B0B4AE050E0C701B601E9
:206460000E946C1686ED99E00E941B0B68A579A58AA59BA50E948C163ECF86ED9BE0B9CFE3
:2064800086ED9BE0CFCF65EE75E0CE0101960E94B620882381F081E08093EC1A1092EB1AAD
:2064A0001092F21A1092EF1A1092F01A1092ED1A88E49AE052CF60EF75E0CE0101960E947B
:2064C000B620882339F01092EC1A1092EB1A8AE39AE043CF6CEF75E0CE0101960E94B6203C
:2064E000882389F01092EB1A1092F21A1092EF1A1092F11A1092EE1A1092F01A1092ED1ACC
:206500008AE29AE02ACF8EE19AE00E941B0BE091F21AE15086ED9BE0E33038F4F0E0EE0F43
:20652000FF1FE457FD4F808191810E941B0B8AE19AE00E941B0BE091EF1AE15086ED9BE095
:20654000E33038F4F0E0EE0FFF1FE457FD4F808191810E941B0B80E19AE00E941B0B8091FB
:20656000EC1A90E00E94BE1786E09AE00E941B0B8091EB1A90E00E94BE1781E09AE00E940C
:206580001B0B8091F91A9091FA1A0E9499168CEF99E00E941B0B8091F71A9091F81A0E9478
:2065A000991687EF99E00E941B0B8091F51A9091F61A0E94991682EF99E00E941B0B809110
:2065C000F31A9091F41A0E94861795CE6AE076E0CE0101960E940122BE016F5F7F4FC801EE
:2065E0000E946320F82ECE0101960E941621FF2031F1D80114968D919C910497C8F043E08C
:2066000050E0B801CE0140960E945E22BE01605F7F4FCE0101960E94E721CE0101960E9466
:20662000742DCE0101960E941621CE01409665CE60EC75E0CE0140960E940122E7CF6DE094
:2066400076E0CE0101960E940122BE016F5F7F4FC8010E946320F82ECE0101960E9416210B
:20666000FF2009F44CCE42E050E0B801CE0182960E945E22CE0182960E9406206DEE75E071
:20668000CE0182960E94B620882309F4B2C081E08093CB190E94190F88E196E00E94851643
:2066A0008091CB1990E00E94BE1784E296E00E9485168091CA1990E00E94BE178BE296E027
:2066C0000E9485166091C6197091C7198091C8199091C91942E050E00E94781781E396E07A
:2066E0000E9485166091801A7091811A8091821A9091831A905842E050E00E94781784EDEF
:2067000098E10E9485166091C2197091C3198091C4199091C51942E050E00E94781787E340
:2067200096E00E9485166091841A7091851A8091861A9091871A905825E33AEF4EE85CE376
:206740000E94AC7645E050E00E9478178DE396E00E9485166091BE197091BF198091C01941
:206760009091C11945E050E00E94781784E496E00E94851660912F027091300280913102E4
:206780009091320245E050E00E9478178BE496E00E94851660912B0270912C0280912D026F
:2067A00090912E0243E050E00E94781783E596E00E94851660912702709128028091290268
:2067C00090912A0245E050E00E9478178BE596E00E9485166091BA197091BB198091BC1944
:2067E0009091BD1943E050E00E947A17CE01829684CD68EF75E0CE0182960E94B62088232E
:2068000019F01092CB1946CF64E076E0CE0182960E94B62081113ECF60E176E0CE0101963F
:206820000E940122BE016F5F7F4FCE0182960E946320182FCE0101960E941621112309F475
:206840002BCF47E050E0BE016E5D7F4FCE014C960E945E2270E060E0CE014C960E94821F38
:206860006C017C01BFEFEB1AFB0AB701CE014C960E94821F8C011C141D040CF0C3C0C8168F
:20688000D9060CF0BFC0960150E040E0BE01645E7F4FCE0101960E941222CE0101960E9424
:2068A0009E1F60932F02709330028093310290933202CE0101960E9416219801A701BE01E6
:2068C000645E7F4FCE0101960E941222CE0101960E949E1F2AE037ED43EA5CE30E9446762F
:2068E00087FD95C09801A701BE01645E7F4FCE0140960E941222CE0140960E949E1F20E0B0
:2069000030E040E85FE30E94357918160CF486C09801A701BE01645E7F4FCE0146960E945C
:206920001222CE0146960E949E1F21E0FF24F39460932B0270932C0280932D0290932E0288
:20694000222321F0CE0146960E941621FF2021F0CE0140960E941621CE0101960E94162170
:206960000F5F1F4FA801BE01645E7F4FCE0101960E945E22CE0101960E949E1F20E030E0E6
:20698000A9010E94467687FD51C0A801BE01645E7F4FCE0140960E945E22CE0140960E9454
:2069A0009E1F2DEC3CEC4CE45EE30E94357918160CF442C0A801BE01645E7F4FCE01469645
:2069C0000E945E22CE0146960E949E1F21E011E060932702709328028093290290932A02C3
:2069E000222321F0CE0146960E941621112321F0CE0140960E941621CE0101960E941621BB
:206A00000E94190FCE014C960E94162145CE20E0F12C6AE077ED83EA9CE38ACF20E0FF24DC
:206A2000F39460E070E080E89FE382CF20E010E060E070E0CB01CCCF20E011E06DEC7CEC6B
:206A40008CE49EE3C5CF41E050E0B801CE014C960E945E22CE014C960E9406206DEE75E0AB
:206A6000CE014C960E94B620882331F081E08093B9190E949D0FA8C068EF75E0CE014C96C8
:206A80000E94B620882319F01092B919F2CF61E676E0CE0101960E940122BE016F5F7F4F72
:206AA000CE014C960E946320182FCE0101960E941621112309F4D6C020E030E0A901609108
:206AC000C91A7091CA1A8091CB1A9091CC1A0E94467681110FC020E030E0A9016091C51AA8
:206AE0007091C61A8091C71A9091C81A0E944676882339F088E696E00E947516CE014C96CC
:206B0000FCCB46E050E0BE01645E7F4FCE0101960E945E22CE0101960E94FB1F1616170616
:206B2000180619060CF094C046E050E0BE01645E7F4FCE0140960E945E22CE0140960E9415
:206B4000FB1F6A317105810591050CF086C046E050E0BE01645E7F4FCE0146960E945E223A
:206B6000CE0146960E94FB1F81E011E07093260260932502882321F0CE0146960E941621D7
:206B8000112321F0CE0140960E941621CE0101960E9416211092B5191092B6191092B719A0
:206BA0001092B8191092B1191092B2191092B3191092B4198AE896E00E948516809125024F
:206BC000909126020E94C4178BEA96E00E9485168091B91990E00E94BE1786EB96E00E9474
:206BE00085166091660270916702809168029091690244E050E00E9478178DEB96E00E941B
:206C0000851660910B1C70910C1C80910D1C90910E1C44E050E00E94781784EC96E00E9406
:206C2000851641E050E060E070E080E291E40E9478178DEC96E00E94851641E050E060E013
:206C400070E080EC90E40E94781780ED96E054CF80E010E061E070E089CF80E011E069E1F9
:206C600070E084CF63E976E0CE014C960E94B620182F8111BEC06AE976E0CE014C960E9453
:206C8000B6208111B6C088A199A1892B09F49CCF70E060E0CE014C960E94821F8C01181658
:206CA00019060CF0FDC09C0150E040E0BE01645E7F4FCE0101960E941222CE0101960E947C
:206CC0009E1F20E030E0A9010E94467687FDCDC0980150E040E0BE01645E7F4FCE014096F1
:206CE0000E941222CE0140960E949E1F20E030E040E050E40E94357918160CF4BCC09801C3
:206D000050E040E0BE01645E7F4FCE0146960E941222CE0146960E949E1F21E0FF24F3949E
:206D200060936602709367028093680290936902222321F0CE0146960E941621FF2021F077
:206D4000CE0140960E941621CE0101960E9416210F5F1F4FA801BE01645E7F4FCE0101963C
:206D60000E945E22CE0101960E949E1F20E030E0A9010E94467687FD86C0A801BE01645E20
:206D80007F4FCE0140960E945E22CE0140960E949E1F20E030E040E85FE30E943579181662
:206DA0000CF477C0A801BE01645E7F4FCE0146960E945E22CE0146960E949E1F21E011E0DB
:206DC00060930B1C70930C1C80930D1C90930E1C222321F0CE0146960E941621112321F0C6
:206DE000CE0140960E941621CE0101960E94162140CE20E030E0A9016091C91A7091CA1A55
:206E00008091CB1A9091CC1A0E944676811172CE20E030E0A9016091C51A7091C61A8091C9
:206E2000C71A9091C81A0E944676811163CE81E0111101C080E08093B0191092B5191092BB
:206E4000B6191092B7191092B8191092B1191092B2191092B3191092B41981EA96E00E9445
:206E600085168091B01990E0ADCE20E0F12C60E070E0CB0155CF20E0FF24F39460E070E0DB
:206E800080E090E44DCF20E010E060E070E0CB0197CF20E011E060E070E080E89FE390CF86
:206EA000CE014C960E949E1F20E030E0A9010E94467687FD19C0CE014C960E949E1F20E03D
:206EC00030E040E050E40E94357918168CF0CE014C960E949E1F609366027093670280936A
:206EE000680290936902C5CD60E070E0CB01F3CF60E070E080E090E4EECF70E060E0C80170
:206F00000E94821F181619060CF07FC07C01EFEFEE1AFE0AA701B801CE0101960E945E2252
:206F2000CE0101960E94FB1F97FF48C010E000E0CE0101960E9416218091C21A9091C31A97
:206F4000029741F00E94AC1C62E370E080E090E00E943508F89410921B1C10921C1C1092D8
:206F60001D1C10921E1C1092171C1092181C1092191C10921A1C10922F1B10922E1B109229
:206F80002D1B10922C1B789461E0C8010E94B51D60E0C8010E945D180E9468086093191BDD
:206FA00070931A1B80931B1B90931C1B82ED96E00E948516C8010E94C417A1C9A701B801C3
:206FC000CE0140960E945E22CE0140960E94FB1F6F3F71058105910541F03CF00FEF10E0FE
:206FE000CE0140960E941621A3CFA701B801CE0146960E945E22CE0146960E94FB1F8B0180
:20700000CE0146960E941621EBCF61E090E080E00E94B51D60E090E080E00E945D188CED0D
:2070200096E00E9475166BC970E060E0C8010E94821F5C016C01FFEFCF1ADF0AB601C801D3
:207040000E94821F7C01B7FC02C097FF03C083EE96E0E7CFB601C8010E94E909382E2FEF6D
:20706000E21AF20AA701B801CE0101960E945E22CE0101960E94FB1F97FD27C0A701B80131
:20708000CE0140960E945E22CE0140960E94FB1F6F3F71058105910541F03CF00FEF10E03D
:2070A000CE0140960E94162112C0A701B801CE0146960E945E22CE0146960E94FB1F8B015F
:2070C000CE0146960E941621EBCF10E000E0CE0101960E9416213CE4331629F042E58AEF41
:2070E00096E034129ECF61E090E080E00E94B51D60E090E080E00E945D188091C21A9091AD
:20710000C31A029741F00E94AC1C62E370E080E090E00E943508F89410921B1C10921C1CDB
:2071200010921D1C10921E1C1092171C1092181C1092191C10921A1C10922F1B10922E1B67
:2071400010922D1B10922C1B10920F1B1092101B1092111B1092121B10920B1B10920C1B95
:2071600010920D1B10920E1B1092AC191092AD191092AE191092AF191092A8191092A91911
:207180001092AA191092AB191092A4191092A5191092A6191092A7191092A0191092A119EB
:2071A0001092A2191092A31910929C1910929D1910929E1910929F1910929819109299190B
:2071C00010929A1910929B191092941910929519109296191092971910929019109291192B
:2071E000109292191092931981E080938F1984EC99E0A0E0B0E08093210290932202A0932F
:207200002302B093240280931D0290931E02A0931F02B093200278945CE480918F19351266
:20722000C8C081111BC0083208F0AAC0033208F0ACC00E3108F0AEC0093108F0B0C00431A8
:2072400008F4B2C080E092E3A0E0B0E08093210290932202A0932302B093240210921B1AC6
:2072600010921C1A10921D1A10921E1A1092131A1092141A1092151A1092161A61E084E399
:207280000E94890780912001806880932001C8019927909329018093280168EE73E080E053
:2072A00090E00E94350880912001806880932001109229011092280180E00E945218F894A2
:2072C00040901B1C50901C1C60901D1C70901E1C8090171C9090181CA090191CB0901A1CBA
:2072E000C0900F1BD090101BE090111BF090121B20910B1B30910C1B40910D1B50910E1B7E
:2073000028A739A74AA75BA710928F1978940E94741D86E097E00E948516632D80E29DE1B8
:207320000E94CE0A86ED96E00E948516C8010E94BE1789E198E00E9485164AE050E0C30130
:20734000B2010E946C1681E197E00E9485164AE050E0C501B4010E946C1685E197E00E94C8
:2073600085164AE050E0C701B6010E946C168AE197E00E94851668A579A58AA59BA57AC082
:2073800080EE95E1A0E0B0E061CF8CE29AE1A0E0B0E05CCF88E79EE1A0E0B0E057CF88E415
:2073A00096E2A0E0B0E052CF80E49CE9A0E0B0E04DCFF02E811124C087E28017A8F092E26F
:2073C0009017B0F1ADE1A017C0F1B8E1B017D0F1E3E180EB96E3A0E0B0E0E01748F080E403
:2073E0009CE9A0E0B0E004C084E699E1A0E0B0E080931D0290931E02A0931F02B093200212
:207400001092171A1092181A1092191A10921A1A10920F1A1092101A1092111A1092121AE8
:2074200060E08EE10E9489078F2D0E94521835CF8CE49DE1A0E0B0E0DBCF80E692E2A0E09D
:20744000B0E0D6CF88EF9AE2A0E0B0E0D1CF70E060E0C8010E94821F97FF10C08FE197E06B
:207460000E948516609121027091220280912302909124020E948C160C947F31AC014F5F2A
:207480005F4FB801CE0140960E945E22CE0140960E94062068E277E0CE0101960E94012285
:2074A000BE016F5F7F4FCE0140960E946320182FCE0101960E941621112309F455C08091CA
:2074C000590290915A02892B21F58091530290915402892BF1F420E030E0A9016091C91A06
:2074E0007091CA1A8091CB1A9091CC1A0E94467681110FC020E030E0A9016091C51A709160
:20750000C61A8091C71A9091C81A0E944676882341F083E397E00E947516CE0140960C940D
:207520007D314AE050E0BE01605F7F4FCE0101960E945E22CE0101960E94FB1F6B01CE0112
:2075400001960E941621C601C297C39718F083E597E0E1CFC0921C028EE697E00E94851612
:20756000C6010E94C417D9CF61EB74E0CE0140960E94B620882309F4AFC0F894C090AC19AA
:20758000D090AD19E090AE19F090AF198091A4199091A519A091A619B091A71988A799A739
:2075A000AAA7BBA720919C1930919D1940919E1950919F192CA73DA74EA75FA78091A81996
:2075C0009091A919A091AA19B091AB1988AB99ABAAABBBAB2091A0193091A1194091A2192C
:2075E0005091A3192CAB3DAB4EAB5FAB8091981990919919A0919A19B0919B1988AF99AF3F
:20760000AAAFBBAF4090210250902202609023027090240280901D0290901E02A0901F02B5
:20762000B090200278948BE797E00E9485164AE050E0C301B2010E946C1687E897E00E9439
:2076400085164AE050E0C501B4010E946C168DE897E00E9485164AE050E0C701B6010E94F2
:207660006C1684E997E00E9485164AE050E068A579A58AA59BA50E946C168BE997E00E94C2
:2076800085164AE050E06CA57DA58EA59FA50E946C1682EA97E00E9485164AE050E068A99C
:2076A00079A98AA99BA90E946C1689EA97E00E9485164AE050E06CA97DA98EA99FA90E9430
:2076C0006C1680EB97E00E94851668AD79AD8AAD9BAD0E948C1621CF64E076E0CE014096DC
:2076E0000E94B6208823A9F1F8941092AC191092AD191092AE191092AF191092A81910929A
:20770000A9191092AA191092AB191092A4191092A5191092A6191092A7191092A01910925D
:20772000A1191092A2191092A31910929C1910929D1910929E1910929F191092981910927D
:20774000991910929A1910929B19789487EB97E0E2CECE0140960E94FB1F6B017C0191E26A
:20776000C9169EE4D906E104F10430F080E2C82E8EE4D82EE12CF12CA4E6CA16D104E104B1
:20778000F10428F404E6C02ED12CE12CF12C61E090E080E00E94B51D60E090E080E00E94A2
:2077A0005D18F894C0922102D0922202E0922302F0922402C0921D02D0921E02E0921F0208
:2077C000F092200210929419109295191092961910929719109290191092911910929219DF
:2077E0001092931978948FE197E00E948516C701B6016FCF70E060E0C8010E94821FADE223
:20780000CA2ED12CE12CF12C181619060CF046C07C01BFEFEB1AFB0AA701B801CE010196FE
:207820000E945E22CE0101960E94FB1F16161706180619065CF5A701B801CE0140960E9485
:207840005E22CE0140960E94FB1F69357240810591055CF018E5C12E12E0D12EE12CF12C88
:20786000CE0140960E94162115C0A701B801CE0146960E945E22CE0146960E94FB1F6B01B4
:207880007C01CE0146960E941621EACFC12CD12C7601C394CE0101960E94162161E090E086
:2078A00080E00E94B51D60E090E080E00E945D188091C21A9091C31A029741F00E94AC1CAE
:2078C00062E370E080E090E00E943508F89410920F1B1092101B1092111B1092121B109200
:2078E0000B1B10920C1B10920D1B10920E1B10921B1C10921C1C10921D1C10921E1C1092F8
:20790000171C1092181C1092191C10921A1C10922F1B10922E1B10922D1B10922C1B7894F9
:207920000E94680868A779A78AA79BA70E94680828A539A54AA55BA5621B730B840B950BBD
:2079400060347F418105910508F0BAC0F89440900F1B5090101B6090111B7090121B80905B
:207960000B1B90900C1BA0900D1BB0900E1B7894A3019201281939094A095B0922303105D4
:2079800041055105BCF0DA01C901880F991FAA1FBB1F8D309105A105B10524F08CE090E069
:2079A000A0E0B0E008E210E0081B190B68E2262E312C1BC02F3F8FEF3807480758070CF0EB
:2079C000D3C0AEEFBFEF0E9478796D3071058105910524F06CE070E080E090E0E8E22E2E61
:2079E000312C261A370A08E210E04C145D046E047F0410F00C940846B701A6014419550911
:207A00006609770980E090E0DC018C149D04AE04BF0430F4D701C60188199909AA09BB0997
:207A2000493051056105710508F0A1C00B31110514F00AE110E089309105A105B10508F06E
:207A4000A3C09BE1291631041CF05AE1252E312C4C145D046E047F0408F4A4C08091200194
:207A6000806880932001109229011092280180E08C149D04AE04BF0478F460E08EE10E9480
:207A80008907C1018932910514F088E290E08831910514F488E190E00E94521862E070E097
:207AA00080E090E00E9435084C145D046E047F0408F43CCF8C149D04AE04BF0408F436CFA3
:207AC00080912001806880932001109229011092280180E00E945218F89440900F1B5090EF
:207AE000101B6090111B7090121B80900B1B90900C1BA0900D1BB0900E1B20911B1C30912B
:207B00001C1C40911D1C50911E1C2CA73DA74EA75FA78091171C9091181CA091191CB09116
:207B20001A1C88AB99ABAAABBBAB78940E9468089B01AC0188A599A5AAA5BBA5281B390BD5
:207B40004A0B5B0B28A739A74AA75BA70E94741D82EC97E00E9485164C145D046E047F04BD
:207B6000C8F581EC95E03EC008E210E01FCF453151056105710508F05ECF013211050CF48A
:207B80005ACF00E210E057CF4597A105B10508F05FCFA1E22A1631040CF45ACF40E2242ED1
:207BA000312C56CF61E084E30E948907809120018068809320010932110514F008E210E0EC
:207BC0000831110514F408E110E010932901009328014DCF8FEB97E08C149D04AE04BF0429
:207BE00008F4BFCF0E94851685EC97E00E9485164AE050E0C701B6010E946C1685E197E0BF
:207C00000E9485164AE050E0C301B2010E946C168AE197E00E9485164AE050E0C501B4013E
:207C20000E946C168EEC97E00E9485164AE050E06CA57DA58EA59FA50E946C1683ED97E0E3
:207C40000E9485164AE050E068A979A98AA99BA90E946C1688ED97E00E948516C301B2011F
:207C60006C197D098E099F090E9492178FED97E00E948516C501B4016C197D098E099F097A
:207C80000E94921786EE97E00E948516C301B2010E944B7620E030E044E352E40E946678AA
:207CA00043E050E00E9478178DEE97E00E948516C501B4010E944B7620E030E044E352E4C6
:207CC0000E94667843E050E00E94781784EF97E050CB8091C21A9091C31A029741F00E9444
:207CE000AC1C62E370E080E090E00E943508F89410921B1C10921C1C10921D1C10921E1C82
:207D00001092171C1092181C1092191C10921A1C10922F1B10922E1B10922D1B10922C1B5F
:207D2000789461E08CE390E00E94B51D60E08CE390E00E945D1889EF97E00E9475160E94AF
:207D400068086B017C0122E0A22E32E0B32E0E9468086C197D098E099F09683B7B408105C5
:207D6000910598F582E10E946007182F83E10E946007082F1B1102C08A15F9F084E198E036
:207D80000E9485166AE070E0802F0E946E1681E197E00E9485166AE070E0812F0E946E16B1
:207DA0008DE198E00E9485160E9468086C197D098E099F090E948C16A02E61E070E080E041
:207DC00090E00E943508B12EC2CF61E090E080E00E94B51D60E090E080E00E945D18F894AC
:207DE00080901B1C90901C1CA0901D1CB0901E1CC090171CD090181CE090191CF0901A1C8F
:207E0000789481E298E00E9485164AE050E0C501B4010E946C1686E398E00E948516C7015F
:207E2000B60128CB81E498E00E9475168BE598E00E94751685E898E00E94751685E998E081
:207E40000E94751660EC75E0CE0140960E94012280E29DE10E948C0A892BD1F360EC75E0B9
:207E6000CE0101960E9401220E944C0A97FD09C08A30910531F0682FCE0101960E947221DF
:207E8000F3CFBE016F5F7F4FCE0140960E94CB20CE0101960E941621CE0140960E940620E7
:207EA00066E57EE0CE0101960E940122BE016F5F7F4FCE0140960E947E20182FCE01019601
:207EC0000E9416211111B8C06FEA78E0CE0101960E940122BE016F5F7F4FCE0140960E94B1
:207EE0006320182FCE0101960E9416211123C9F043E050E0BE01605F7F4FCE0101960E94E5
:207F00005E22CE0101960E949E1F60936602709367028093680290936902CE0101960E9442
:207F2000162163EB78E0CE0101960E940122BE016F5F7F4FCE0140960E946320182FCE01FE
:207F400001960E9416211123C9F043E050E0BE01605F7F4FCE0101960E945E22CE01019637
:207F60000E949E1F60930B1C70930C1C80930D1C90930E1CCE0101960E94162167EB78E0EB
:207F8000CE0101960E940122BE016F5F7F4FCE0140960E946320182FCE0101960E9416210B
:207FA0001123C9F043E050E0BE01605F7F4FCE0101960E945E22CE0101960E949E1F6093F5
:207FC0000F1C7093101C8093111C9093121CCE0101960E9416218BEB98E00E94851660915B
:207FE000660270916702809168029091690242E050E00E9478178FEB98E00E948516609105
:208000000B1C70910C1C80910D1C90910E1C42E050E00E94781784EC98E00E9485166091F2
:208020000F1C7091101C8091111C9091121C42E050E00E947A170CCF89EC98E00E947516E1
:208040000C941533F89440900F1B5090101B6090111B7090121B80900B1B90900C1BA090B1
:208060000D1BB0900E1BC0901B1CD0901C1CE0901D1CF0901E1C2091171C3091181C409143
:20808000191C50911A1C28A739A74AA75BA7789480E397E00E9485164AE050E0C301B201FE
:2080A0000E946C1683E195E00E9485164AE050E0C501B4010E946C1683E195E00E94851677
:2080C0004AE050E0C701B6010E946C1683E195E050C9F89480900F1B9090101BA090111B44
:2080E000B090121BC0900B1BD0900C1BE0900D1BF0900E1B789488EF92E00E9485164AE079
:2081000050E0C501B4010E946C1683E195E085CE0E945910F89410920F1B1092101B109292
:20812000111B1092121B10920B1B10920C1B10920D1B10920E1B78948FED98E00E947516F1
:2081400087EF98E00C9411388CEF98E00E9485168091171B9091181B0C94DB378FEF98E0D9
:208160000E94751682E199E00E94851685E499E00E94851684E30E9460070E94BE178DE442
:2081800099E00E94851682E30E9460070E94BE1785E599E00E948516239B13C189EC95E0A8
:2081A0000E94851682E699E00E94851680E30E9460070E94BE1789E699E00E94851680914B
:2081C0000A0181FF01C189EC95E00E9485168AE196E00E94851680915E0290E00E94BE17B5
:2081E00085E799E00E94851680915D0290E00E94BE1786ED96E00E94851680915902909153
:208200005A020E94C4178EE799E00E94851685E499E00E9485168EE10E9460070E94BE174C
:208220008DE499E00E9485168CE10E9460070E94BE1785E599E00E9485168091010185FF73
:20824000C6C089EC95E00E94851682E699E00E9485168AE10E9460070E94BE1789E699E080
:208260000E9485160C9BB6C089EC95E00E9485168AE196E00E9485168091580290E00E94E2
:20828000BE1785E799E00E9485168091570290E00E94BE1786ED96E00E948516809153020A
:2082A000909154020E94C41781EB99E00E9485168AEC99E00E94851683E10E9460070E946D
:2082C000BE1781E197E00E94851682E10E9460070E94BE1780ED99E00E94851660911B1C85
:2082E00070911C1C80911D1C90911E1C4AE050E00E946C168AED99E00E9485166091171CD1
:208300007091181C8091191C90911A1C4AE050E00E946C1684EE99E00E9485166091DB1AFF
:208320007091DC1A8091DD1A9091DE1A41E050E00E9478178CEE99E00E9485166091D31A95
:208340007091D41A8091D51A9091D61A41E050E00E947A1784EF99E00E9485168091C21A83
:208360009091C31A0E94BE178DEF99E00E94851680911D1B90E00E94BE1786EB96E00E949D
:2083800085166091660270916702809168029091690244E050E00E9478178DEB96E00E9463
:2083A000851660910B1C70910C1C80910D1C90910E1C44E050E00E947A178EE09AE00C944D
:2083C000113880ED95E0ECCE80ED95E0FECE80ED95E039CF80ED95E049CF8FE19AE00E949A
:2083E000751660E08AE10E94B70760E08CE10E94B70781E0809358021092570282E090E03F
:208400009093C31A8093C21A80912001806880932001109229011092280164E670E080E08E
:2084200090E00E94350860E08EE10E94890787E0E0E7F2E0DE01119601900D928A95E1F75F
:208440008E010F5F1F4F6E0138E0C30ED11CD801FD908D01F8944090171C5090181C6090E5
:20846000191C70901A1C78948F2D0E94521883E39AE00E9485166AE070E08F2D0E946E1624
:208480008AE39AE00E94851680912801909129010E94991682E49AE00E9485168091200193
:2084A00060E170E00E946E168DE49AE00E9485160E9468084B015C01F12CE12C92E0392E1F
:2084C0000E946808681979098A099B096C3D754081059105A0F482E10E946007282E8315E8
:2084E00031F0E2E03E1619F0FFEFEF1AFF0A61E070E080E090E00E943508322CE1CF80E08E
:208500000E945218F8948090171C9090181CA090191CB0901A1C789482E59AE00E94851627
:20852000C501B40164197509860997094AE050E00E946C168BE59AE00E948516C7010E9487
:2085400086176CE271E080E090E00E9435080C151D0509F07CCF83E69AE00E9475160E94F7
:20856000DF150C947F3185E79AE00E94751660E080E30E94B70760E082E30E94B70781E03B
:2085800080935E0210925D0282E090E09093C31A8093C21A80E00E94521864E670E080E040
:2085A00090E00E94350861E084E30E94890787E0E0E7F2E0DE01119601900D928A95E1F7E5
:2085C0008E010F5F1F4F6E0128E0C20ED11CD801FD908D01F89440901B1C50901C1C60906D
:2085E0001D1C70901E1C7894809120018068809320018F2D90E0909329018093280188E889
:208600009AE00E9485166AE070E08F2D0E946E168FE89AE00E94851680912C0190912D016C
:208620000E94991682E49AE00E9485168091200160E170E00E946E168DE49AE00E948516BB
:208640000E9468084B015C01F12CE12C82E0382E0E946808681979098A099B096C3D7540C3
:2086600081059105A0F483E10E946007282E831531F0E2E03E1619F0FFEFEF1AFF0A61E06E
:2086800070E080E090E00E943508322CE1CF809120018068809320011092290110922801E8
:2086A000F89480901B1C90901C1CA0901D1CB0901E1C789482E59AE00E948516C501B40107
:2086C00064197509860997094AE050E00E946C168BE59AE00E948516C7010E9486176CE276
:2086E00071E080E090E00E943508C016D10609F06ECF87E99AE031CF88EA9AE00E94751694
:2087000080E090E0A4E3B2E489839A83AB83BC8380E090E8ABEBB4E4888B998BAA8BBB8B1E
:20872000CE0140969F8B8E8B0F97998F888F8091C21A9091C31A029741F00E94AC1C62E308
:2087400070E080E090E00E94350860E080E30E94B70760E08AE10E94B70760E082E30E94C5
:20876000B70760E08CE10E94B70781E08093580280935E021092570210925D0268EC70E04D
:2087800080E090E00E94350860E0CE0146960E94D3184B015C0164EF71E080E090E00E94F3
:2087A000350861E0CE0146960E94D3186B017C0164EF71E080E090E00E94350862E0CE01B6
:2087C00046960E94D31868A779A78AA79BA764EF71E080E090E00E94350863E0CE0146964D
:2087E0000E94D3186CA77DA78EA79FA764EF71E080E090E00E94350824E93FE947E65CE346
:20880000C501B4010E94AC762B013C0124E93FE947E65CE3C701B6010E94AC7668AB79AB95
:208820008AAB9BAB24E93FE947E65CE368A579A58AA59BA50E94AC766CAB7DAB8EAB9FABFC
:2088400024E93FE947E65CE36CA57DA58EA59FA50E94AC7668AF79AF8AAF9BAF2AE037ED19
:2088600043E25CE3C301B2010E943579181684F4A301920160E070E080E792E40E94667803
:20888000609318027093190280931A0290931B022AE037ED43E25CE368A979A98AA99BA902
:2088A0000E943579181694F428A939A94AA95BA960E070E080E792E40E9466786093140212
:2088C0007093150280931602909317022AE037ED43E25CE36CA97DA98EA99FA90E9435797B
:2088E000181694F42CA93DA94EA95FA960E070E080E792E40E946678609310027093110200
:2089000080931202909313022AE037ED43E25CE368AD79AD8AAD9BAD0E943579181694F4A6
:2089200028AD39AD4AAD5BAD60E070E080E792E40E94667860930C0270930D0280930E025A
:2089400090930F028BEB9AE00E9475168CEC9AE00E9485166AE070E08CE30E946E1683EDF8
:208960009AE00E94851641E050E0C501B4010E9478178CED9AE00E94851641E050E0C701FA
:20898000B6010E94781785EE9AE00E94851641E050E068A579A58AA59BA50E9478178EEE2D
:2089A0009AE00E94851641E050E06CA57DA58EA59FA50E947A1787EF9AE00E9485166091B4
:2089C00018027091190280911A0290911B0242E050E00E94781787E09BE00E948516609163
:2089E000140270911502809116029091170242E050E00E94781787E19BE00E948516609152
:208A0000100270911102809112029091130242E050E00E94781785E29BE00E948516609142
:208A20000C0270910D0280910E0290910F0242E050E00E947A1784E39BE08FCD87E79BE019
:208A40000E94751661E080E30E94B70760E080E30E94890761E08AE10E94B70760E08AE159
:208A60000E94890761E082E30E94B70761E082E30E94890761E08CE10E94B70761E08CE12A
:208A80000E94890764EF71E080E090E00E94350860E082E30E94B70760E08CE10E94B7073F
:208AA00060E080E30E94B70760E08AE10E94B70781E080935E0210925D02809358021092C4
:208AC000570282E090E09093C31A8093C21A8FE0E7E7F2E0DE01119601900D928A95E1F7C0
:208AE0008E010F5F1F4F5E0120E1A20EB11CD8019D908D01F894C0901B1CD0901C1CE0907F
:208B00001D1CF0901E1C2091171C3091181C4091191C50911A1C28A739A74AA75BA77894BE
:208B200061E084E30E94890780912001806880932001892D90E0909329018093280160E01E
:208B40008EE10E948907892D0E94521868EE73E080E090E00E943508F89440901B1C5090E7
:208B60001C1C60901D1C70901E1C4C185D086E087F08C090171CD090181CE090191CF09058
:208B80001A1C88A599A5AAA5BBA5C81AD90AEA0AFB0A78948CE89BE00E9485166AE070E0F5
:208BA000892D0E946E1689E198E00E9485164AE050E0C301B2010E946C1681E197E00E944A
:208BC0008516C701B6010E948C166CE271E080E090E00E9435080A151B0509F088CF0E94B8
:208BE000741D83E99BE00C94113886EA9BE00E948516D80114964D915C9115976D917C91E7
:208C000080E29DE10E94FC090E940A160C947F3180E090E0DC018C149D04AE04BF0410F058
:208C20000C94163D40E050E0BA010C940A3DCF93DF93EC010E9406208C819D81892B29F0CE
:208C4000CE01DF91CF910C942231DF91CF91089585ED8093BC008091CB1B9091CC1BA091A4
:208C6000CD1BB091CE1B0796A11DB11D23E0B695A795979587952A95D1F72091BC0024FDD2
:208C800003C01092C91B08954091CB1B5091CC1B6091CD1B7091CE1B452B462B472B69F3FD
:208CA0000097A105B10541F02AE22A95F1F700C00197A109B109E1CF8091CA1B0C94C80B08
:208CC0002F923F924F925F926F927F928F929F92AF92BF92CF92DF92EF92FF920F931F9302
:208CE000CF93DF93CDB7DEB7CA54D1090FB6F894DEBF0FBECDBF00912D1A002309F496C0FA
:208D00000E9468086093401B7093411B8093421B9093431B69EC7DE1CE0143960E94E7219E
:208D2000CE0143960E940620BE016D5E7F4FCE010D960E94E721CE010D960E9406206FE5C1
:208D40007CE0CE010D960E94B620811115C062E67CE0CE0101960E940122BE016F5F7F4F3C
:208D6000CE010D960E946320182FCE0101960E941621112309F4D4C0BE01635F7F4FCE01F3
:208D800007960E94E7216FE57CE0CE0107960E94B620811108C066E67CE0CE0107960E94E8
:208DA000B620882339F080E00E94D01781E00E94D01724C060E77CE0CE0107960E94B620CB
:208DC00081114EC068E77CE0CE0107960E94B620811146C061E87CE0CE0107960E94B62043
:208DE000811168C069E87CE0CE0107960E94B620811160C086E299E00E940E16CE01079663
:208E00000E941621102FCE010D960E941621112309F41BC160EC75E089EC9DE10E94A721E4
:208E200010922D1ACE0143960E941621C65BDF4F0FB6F894DEBF0FBECDBFDF91CF911F91B2
:208E40000F91FF90EF90DF90CF90BF90AF909F908F907F906F905F904F903F902F900895B3
:208E600010E062E97CE0CE0101960E940122BE016F5F7F4FCE0107960E946320F82ECE014F
:208E800001960E941621FF20B9F08091590290915A02892B61F48091530290915402892B17
:208EA00031F48091C21A9091C31A029729F489E099E0A2CF11E0D5CF812F90E027E1289F15
:208EC000F001299FF00D1124EC5BF44E21E0F11001C020E0258B27E1289FF001299FF00D26
:208EE0001124EC5BF44E168A21E0F11025E037E1389FA001399F500D1124CA018C5B944E7F
:208F00007C01DC0154962C93549753961C920E946808F7016083718382839383812F47CF0A
:208F2000E988FA88E114F10411F40C94EB5570E060E0CE010D960E94E909863771F4EA9439
:208F4000EF28D9F061E070E0CE010D960E94E909803211F00C94EB5510C0853641F08F3686
:208F600031F09EE8980F923010F08336A1F421E0E216F10411F00C94D955BE01635F7F4F87
:208F8000CE0101960E94E721CE0101960E941746CE01019635CF8B3641F0803711F00C94A8
:208FA000E155EA94EF2849F3CDCFEA94EF2829F3C9CF8A3631F08E3649F4EA94EF2811F647
:208FC000DCCFEA94EF2809F0BDCFD7CF853729F4EA94EF2809F0B6CFD0CF843631F4EA943E
:208FE000EF2811F00C94EB55C8CF8A37E1F0883701F1893721F1883611F00C94EB5532E01C
:20900000E316F10410F40C94EB5561E070E0CE010D960E94E909833609F4AFCF823611F0FA
:209020000C94EB55AACFEA94EF2811F00C94EB55A4CFEA94EF2811F00C94EB559ECFEA948D
:20904000EF2811F00C94EB5598CFEB88FC88E114F10471F0D7018D917D01882349F0082EE1
:20906000000C990B0E94667AF70131978083F2CF63E17DE0CE0143960E94B620811108C01F
:2090800069E97CE0CE0143960E94B620882349F080EA9CE00E9475168EEC9CE00E947516E8
:2090A00032C062E371E1CE0143960E94B62081112AC06BE670E1CE0143960E94B620811137
:2090C00022C061E571E1CE0143960E94B620882329F10E94801C10922F1B10922E1B10927A
:2090E0002D1B10922C1B10920F1B1092101B1092111B1092121B10920B1B10920C1B1092D6
:209100000D1B10920E1B60EC75E089EC9DE10E94A72110922D1ACE01439686CE63EF7CE0CB
:20912000CE0143960E94B6208111EDCF68E07DE0CE0143960E94B620811162C068EF7CE095
:20914000CE0143960E94B62081115AC064E07DE0CE0143960E94B620811152C062E17DE03E
:20916000CE0101960E940122BE016F5F7F4FCE0143960E946320182FCE0101960E94162116
:20918000111189C66DE57FE0CE0101960E940122BE016F5F7F4FCE0143960E946320182F13
:2091A000CE0101960E941621112309F4A9C683E69FE00E94751684EA9EE00E9475160E9400
:2091C000AC1C64E670E080E090E00E9435088CE89FE00E9475168BEB9FE00E94751661E0FB
:2091E0008EE190E00E94B51D60E08EE190E00E945D188BEF9FE00E9475168CE190E14ECFC5
:2092000088E19DE00E94751682E49DE00E9475168CE59DE00E94751660EC75E0CE01079603
:209220000E94012280E29DE10E948C0A892BD1F360EC75E0CE0101960E9401220E944C0A15
:2092400097FD09C08A30910531F0682FCE0101960E947221F3CFBE016F5F7F4FCE01079685
:209260000E94CB20CE0101960E941621CE0107960E94062065E67DE0CE0101960E9401221B
:20928000BE016F5F7F4FCE0107960E947E20182FCE0101960E941621112309F46BC189E675
:2092A0009DE00E947516E5E0F0E0F8A3EF8F1B8E1C8E1D8EFFE3FE8F1FAA24E228AF34E728
:2092C00039AF49E44AAF1BAA1CAA1DAA1EAA1FA618AA19AA1AAA1DA219A61BA61DA643E033
:2092E00050E05AA349A3C12CD12C198E1A8E23E030E03CA32BA3812C912CA12CB12C8B8D30
:209300009C8DAD8DBE8D8093660290936702A0936802B0936902C601A98DBA8D80930B1CCF
:2093200090930C1CA0930D1CB0930E1CC401D50180930F1C9093101CA093111CB093121C20
:2093400055E0652E712C212C312C2101CE0101967C018E01035F1F4F20E030E0A9016AE98D
:2093600079E989E99EE30E94745961E08D859E850E94B51D61E089819A810E945D1864EF6F
:2093800071E080E090E00E9435082AE939E949E95EE3C201B1010E9488771B012C0191E055
:2093A000691A710899F620E030E040EA50E4C201B1010E9466787B018C018BEB98E00E9426
:2093C000851642E050E06B8D7C8D8D8D9E8D0E9478178FEB98E00E94851642E050E0B601F1
:2093E000898D9A8D0E94781784EC98E00E94851642E050E0B401C5010E94781781E99DE0F5
:209400000E94851644E050E0B701C8010E947A179701A8016FA978AD89AD9AAD0E943579BC
:209420001816B4F4EFAAF8AE09AF1AAF8BAA9CAAADAABEAACFA6D8AAA98DA9ABBA8DBAAB2F
:20944000EB8DEDA3FC8DF9A72D8D2BA73E8D3DA720E030E040E85EE3B401C5010E9488770B
:209460004B015C014BA15CA1415051095CA34BA3452B09F044CF20E030E040E85EE3B601D6
:20948000898D9A8D0E9488776B01898F9A8F89A19AA101979AA389A3892B09F028CF20E037
:2094A00030E040E05FE36B8D7C8D8D8D9E8D0E9488776B8F7C8F8D8F9E8FAF8DB8A11197C8
:2094C000B8A3AF8FAB2B09F00ACF89E99DE00E9475168BEB98E00E94851642E050E06DA1A4
:2094E00079A58BA59DA50E9478178FEB98E00E94851642E050E06FA578A989A99AA90E94DE
:20950000781784EC98E00E94851642E050E06BA97CA98DA99EA90E947A178DA199A5ABA5A0
:20952000BDA58093660290936702A0936802B09369028FA598A9A9A9BAA980930B1C9093F0
:209540000C1CA0930D1CB0930E1C8BA99CA9ADA9BEA980930F1C9093101CA093111CB093B4
:20956000121C8BE59EE00E947516CE0107960E941621C9CD65EB7DE0CE0101960E940122EF
:20958000BE016F5F7F4FCE0107960E947E20182FCE0101960E941621112309F4EEC289EBE9
:2095A0009DE00E947516E5E0F0E0FCA3EBA3198E1A8E1B8EFFE3FC8F1FAE24E221962FAF72
:2095C000219734E722963FAF229749E423964FAF23971FAA18AE19AE1AAE1FA618AA19AA53
:2095E0001AAA1BAA1CAA1DAA1EAAA3E0B0E0BAA7A9A71D8E1E8E1F8E19A283E090E09CA7F4
:209600008BA7312C212C10E000E0898D9A8DAB8DBC8D8093080290930902A0930A02B09313
:209620000B028D8D9E8DAF8DB9A180938B1990938C19A0938D19B0938E19832D922DA12FC1
:20964000B02F8093871990938819A0938919B0938A1985E090E09EA78DA71DA21EA21FA26B
:2096600018A60E9468086B017C018091131C9091141CA091151CB091161C892B8A2B8B2BAC
:2096800041F4C092131CD092141CE092151CF092161C8091131C9091141CA091151CB091F7
:2096A000161CA7019601281B390B4A0B5B0BCA01B9010E944B7620E030E04AE754E40E94F4
:2096C00066782B013C0120E030E0A9010E94467618160CF049C22DEC3CEC4CEC5DE3C30179
:2096E000B2010E94357918160CF43EC2C092131CD092141CE092151CF092161C2091831982
:20970000309184194091851950918619C301B2010E9488776B017C01C0928319D09284190E
:20972000E0928519F092861920917F1930918019409181195091821960E070E080E89FE3F4
:209740000E948777A30192010E946678232D322D412F502F0E94AC764B015C01A701960168
:209760006D8D7E8D8F8D99A10E94AC76298D3A8D4B8D5C8D0E9488779B01AC01C501B40127
:209780000E9488776BAF7CAF8DAF9EAF80E090E0A0E8BFE380937F1990938019A09381192C
:2097A000B09382198091FF1B9091001CA091011CB091021C27968CAF9DAFAEAFBFAF2797E9
:2097C0002091FB1B3091FC1B4091FD1B5091FE1B2B962CAF3DAF4EAF5FAF2B97809062023E
:2097E00090906302A0906402B090650220E030E0A901C301B2010E94AC762091F71B30912E
:20980000F81B4091F91B5091FA1B0E9488776B017C01C092F71BD092F81BE092F91BF092EF
:20982000FA1B2091F31B3091F41B4091F51B5091F61B60E070E0CB010E948777A30192017E
:209840000E94667827962CAD3DAD4EAD5FAD27970E94AC762B013C0120E030E0A901C50196
:20986000B4010E94AC764B015C01A70196012B966CAD7DAD8EAD9FAD2B970E94AC769B01DA
:20988000AC01C501B4010E9488779B01AC01C301B2010E9488771092F31B1092F41B10929B
:2098A000F51B1092F61B25E83BEE41E55FE30E94AC7620E030E040E05FE30E94AC766B01E1
:2098C0007C01AC019B016BAD7CAD8DAD9EAD0E94887720E030E048EC52E40E94AC760E947B
:2098E000D878CB016F3F710519F014F08FEF90E081303FEF930714F481E09FEF61E00E94DA
:20990000B51DA70196016BAD7CAD8DAD9EAD0E94877720E030E048EC52E40E94AC760E94F0
:20992000D878CB016F3F710519F014F08FEF90E081304FEF940714F481E09FEF61E00E9488
:209940005D1864EF71E080E090E00E94350820E030E040E85FE36DA17EA18FA198A50E9489
:2099600088776DA37EA38FA398A78DA59EA501979EA78DA7892B09F074CE20E030E040EA97
:2099800050E46DA17EA18FA198A50E9466786B017C018BEB98E00E94851642E050E0698D1D
:2099A0007A8D8B8D9C8D0E9478178FEB98E00E94851642E050E06D8D7E8D8F8D99A10E94B0
:2099C000781784EC98E00E94851642E050E0632D722D812F902F0E94781781E99DE00E9429
:2099E000851644E050E0B601C7010E947A179601A7016FAD21967FAD219722968FAD229723
:209A000023969FAD23970E9435791816F4F4CFAE2196DFAE21972296EFAE22972396FFAE34
:209A200023973FAA28AE19AF0AAF9D8D9FA7AE8DA8ABBF8DB9ABE9A1EAABF98DFBAB2A8D7C
:209A40002CAB3B8D3DAB4C8D4EAB20E030E040E85EE3632D722D812F902F0E948877362E91
:209A6000272E182F092F8BA59CA501979CA78BA7892B09F0CACD20E030E040E85EE36D8DDD
:209A80007E8D8F8D99A10E9488776D8F7E8F8F8F99A3A9A5BAA51197BAA7A9A7AB2B09F08C
:209AA000ACCD20E030E040E05FE3698D7A8D8B8D9C8D0E948877698F7A8F8B8F9C8FEBA10A
:209AC000FCA13197FCA3EBA3EF2B09F08ECD81EE9DE00E9475168BEB98E00E94851642E020
:209AE00050E06BA97CA98DA99EA90E9478178FEB98E00E94851642E050E06FA578A989A967
:209B00009AA90E94781784EC98E00E94851642E050E06FA978AD89AD9AAD0E947A178BA939
:209B20009CA9ADA9BEA98093080290930902A0930A02B0930B028FA598A9A9A9BAA980930C
:209B40008B1990938C19A0938D19B0938E198FA998ADA9ADBAAD8093871990938819A093F2
:209B60008919B0938A19FDCC4AE0442E47ED542E43E2642E4CE3742EB9CD68E57DE0CE01BB
:209B800001960E940122BE016F5F7F4FCE0107960E947E20182FCE0101960E9416211123A8
:209BA00009F460C18DEF9DE00E94751625E030E03AA329A31B8E1C8E1D8E3FE33E8F1FAAED
:209BC00044E248AF54E759AF89E48AAF1BAA1CAA1DAA1EAA1FA618AA19AA1AAA1DA219A6D9
:209BE0001BA61DA623E030E038A32F8FC12CD12C198E1A8EE3E0F0E0FCA3EBA3812C912CD2
:209C0000A12CB12C8B8D9C8DAD8DBE8D8093620290936302A0936402B0936502C601A98D95
:209C2000BA8D8093FB1B9093FC1BA093FD1BB093FE1BC401D5018093FF1B9093001CA09399
:209C4000011CB093021C35E0632E712C212C312C2101DE0111967D018E01035F1F4F23EC05
:209C600035EF48EC5FE360E070E0CB010E94745961E08D859E850E94B51D61E089819A812F
:209C80000E945D1864EF71E080E090E00E94350823EC35EF48EC5FE3C201B1010E9488779B
:209CA0001B012C01B1E06B1A710899F620E030E040EA50E40E9466787B018C018BEB98E058
:209CC0000E94851642E050E06B8D7C8D8D8D9E8D0E9478178FEB98E00E94851642E050E0FD
:209CE000B601898D9A8D0E94781784EC98E00E94851642E050E0B401C5010E94781781E9B2
:209D00009DE00E94851644E050E0B701C8010E947A172FA938AD49AD5AADB701C8010E94A4
:209D2000467687FF16C0EFAAF8AE09AF1AAF8BAA9CAAADAABEAACFA6D8AAE98DE9ABFA8D89
:209D4000FAAB2B8D2DA33C8D39A74D8D4BA75E8D5DA720E030E040E85EE3B401C5010E94DC
:209D600088774B015C018BA19CA101979CA38BA3892B09F047CF20E030E040E85EE3B601DA
:209D8000898D9A8D0E9488776B01898F9A8FAF8DB8A11197B8A3AF8FAB2B09F02BCF20E099
:209DA00030E040E05FE36B8D7C8D8D8D9E8D0E9488776B8F7C8F8D8F9E8FE9A1FAA131970F
:209DC000FAA3E9A3EF2B09F00DCF83E29EE00E9475168BEB98E00E94851642E050E06DA1D0
:209DE00079A58BA59DA50E9478178FEB98E00E94851642E050E06FA578A989A99AA90E94D5
:209E0000781784EC98E00E94851642E050E06BA97CA98DA99EA90E947A178DA199A5ABA597
:209E2000BDA58093620290936302A0936402B09365028FA598A9A9A9BAA98093FB1B909308
:209E4000FC1BA093FD1BB093FE1B8BA99CA9ADA9BEA98093FF1B9093001CA093011CB0930F
:209E6000021C7FCB66E57EE0CE0101960E940122BE016F5F7F4FCE0107960E947E20182F58
:209E8000CE0101960E94162111116BCB8DE39EE00E947516C7C989E79EE00E94751684EAF7
:209EA0009EE00E9475160E94AC1C64E670E080E090E00E94350889EB9EE00E94751661E0E4
:209EC00082E390E00E94B51D60E082E390E00E945D188FEE9EE00E94751680E19FE00E9463
:209EE000751660ED77E080E090E00E94350884E39FE00E9475160E94741D87E49FE0CEC8BE
:209F00006EED76E0CE0143960E94B62081113EC06AE370E1CE0143960E94B620811136C09A
:209F200060E470E1CE0143960E94B620811131C06AE470E1CE0143960E94B620811129C0AF
:209F400065E570E1CE0143960E94B620811124C06DE570E1CE0143960E94B62081111CC09F
:209F600065E670E1CE0143960E94B6208111CBC862E770E1CE0143960E94B6208823E9F0C2
:209F800081E0809360028CE790E188C80E94741DBAC80E94801CB7C860E082E30E94B70740
:209FA00060E08CE10E94B70760E080E30E94B70760E08AE10E94B707A6C86AE970E1CE01A5
:209FC00043960E94B620882329F01092600285EA90E164C866EC70E1CE0143960E94B62099
:209FE0008111D4CF62ED70E1CE0143960E94B620882309F44BC0809120018068809320016B
:20A00000109229011092280180E00E94521861E080E30E94B70760E080E30E94890761E023
:20A020008AE10E94B70760E08AE10E94890761E082E30E94B70761E082E30E94890761E059
:20A040008CE10E94B70761E08CE10E94890781E090E09093C31A8093C21A10925E021092EF
:20A06000580280935C028093560280935D028093570210925A021092590210925402109237
:20A08000530283E599E00E940E163DC868EC70E1CE0143960E94B620882319F00E94AC1CDC
:20A0A00032C86BED70E1CE0143960E94B620811149C062EE70E1CE0143960E94B6208111EF
:20A0C00041C068EE70E1CE0143960E94B620811165C065EF70E1CE0143960E94B6208111AA
:20A0E0005DC066EE7EE0CE0143960E94B620811166C060E071E1CE0101960E940122BE013D
:20A100006F5F7F4FCE0143960E946320182FCE0101960E941621112309F457C0BE016D5E7E
:20A120007F4FCE0101960E94E7216EE170E0CE0101960E944F5C8C01CE0101960E94162123
:20A14000C8013FC08FEC99E00E941B0B8091C21A9091C31A83309105C0F4880F991FFC0147
:20A16000EA57FD4F808191810E9475168091C21A9091C31A8130910571F050F0029711F0A5
:20A180000C94834882E899E07ECF8FEB9BE0ECCF83E699E078CF81EB99E075CF81E08093AE
:20A1A000371B8093301B0E9468086093331B7093341B8093351B9093361B1092321B8EE115
:20A1C00090E00E94565B0C94834863E071E1CE0143960E94B620882331F08EE190E00E944F
:20A1E0003F1F0C94834869E071E1CE0101960E940122BE016F5F7F4FCE0143960E946320A8
:20A20000182FCE0101960E9416211123A1F0BE016D5E7F4FCE0101960E94E7216EE170E0EC
:20A22000CE0101960E944F5C8C01CE0101960E941621C801D4CF6CE071E1CE0101960E948D
:20A240000122BE016F5F7F4FCE0143960E94632081110AC063E171E1CE0143960E94B620A1
:20A2600001E0811101C000E0CE0101960E941621002309F4C1C066E070E0CE0143960E940A
:20A28000821F181619060CF069C046E050E0BE016D5E7F4FCE0101960E945E22CE0101960F
:20A2A0000E94062070E060E0CE0101960E94821F8C01181619060CF04AC09C0150E040E0D0
:20A2C000BE016F5F7F4FCE0107960E941222CE0107960E949E1F6B017C01CE0107960E941F
:20A2E0001621A8014F5F5F4FBE016F5F7F4FCE0107960E945E22CE0107960E94FB1F8B0185
:20A30000CE0107960E9416210115110511F403E210E0CE0101960E94162120E030E0A901F9
:20A32000C701B6010E94357920E030E0A90187FD32C0C701B6010E9435791816BCF0C701AD
:20A34000B601905821E93FE042ED50E415C0CE0101960E949E1F6B017C01D9CF03E210E0D2
:20A36000C12CD12C84E3E82E82E4F82E21E93FE042ED50E4C701B6010E94AC7620E030E00B
:20A3800040E05FE30E9488770E94DF78C8010E94D01E0C948348C701B6010E9435794601E7
:20A3A00057011816A4F0B7FAB094B7F8B09420E030E0A901C701B6010E94467687FD07C0B9
:20A3C00021E93FE042ED50E4C701B60106C021E93FE042ED50E4C501B4010E94AC7620E0E1
:20A3E00030E040E05FE30E9488770E94DF78C8010E94FF1C0C94834869E171E1CE0101965E
:20A400000E940122BE016F5F7F4FCE0143960E946320182FCE0101960E9416211123D1F0D4
:20A42000BE016D5E7F4FCE0101960E94E721AE01495F5F4FBE01635F7F4FCE0101960E9458
:20A44000995BCE0101960E9416216D857E858F8198859DCF63E271E1CE0101960E94012279
:20A46000BE016F5F7F4FCE0143960E946320182FCE0101960E9416211123D1F0BE016D5EAF
:20A480007F4FCE0101960E94E721AE01495F5F4FBE01635F7F4FCE0101960E94995BCE01BF
:20A4A00001960E9416216D857E858F819885A0CF63EF70E1CE0101960E940122BE016F5F40
:20A4C0007F4FCE0143960E946320182FCE0101960E9416211123C1F0BE016D5E7F4FCE014F
:20A4E00001960E94E72170E060E0CE0101960E944F5C8C01CE0101960E94162161E0C80102
:20A500000E94B51D0C94834869ED70E1CE0101960E940122BE016F5F7F4FCE0143960E94E5
:20A520006320182FCE0101960E9416211123C1F0BE016D5E7F4FCE0101960E94E72170E075
:20A5400060E0CE0101960E944F5C8C01CE0101960E94162160E0C8010E945D180C948348B1
:20A560006DE271E1CE0143960E94B620882321F00E94F8100C94834867E371E1CE01439605
:20A580000E94B620882329F081E08093361A0C94834862E471E1CE0143960E94B6208823ED
:20A5A00089F10E94591061E084E190E00E94B51D60E084E190E00E945D180E9468086B01E2
:20A5C0007C010E9468086C197D098E099F09683873418105910558F40E94F8100E9468082A
:20A5E00064E670E080E090E00E943508EACF61E090E080E00E94B51D61E090E080E00E9421
:20A600005D18B6CF6CE471E1CE0143960E94B620882321F00E9459100C94834867E571E1AE
:20A62000CE0143960E94B6208111AECF60E671E1CE0143960E94B62081118DC26AE671E1B0
:20A64000CE0143960E94B620811185C265E771E1CE0143960E94B620811112C061E871E144
:20A66000CE0143960E94B62081110AC068E476E1CE0143960E94B620882311F40C94834880
:20A680008AE891E10E9475168AEB91E10E9475168AE891E10E94751680EC95E00E94751676
:20A6A00084EE91E10E94751686E092E10E94751684E992E10E9475168AEA92E10E94851652
:20A6C0008EE290E00E94BE1782EC92E10E9485168EE20E94F3070E94BE1786EC92E10E94FB
:20A6E000751680ED92E10E9485168CE290E00E94BE1782EC92E10E9485168CE20E94F30735
:20A700000E94BE1786EC92E10E94751680EC95E00E94751688EE92E10E9475168BEF92E19F
:20A720000E94851684E390E00E94BE1782EC92E10E94851684E30E946007892B09F00FC282
:20A740008BED9BE00E94751683E193E10E9485168EE190E00E94BE1782EC92E10E94851650
:20A760008EE10E946007892B09F0FCC18BED9BE00E94751680EC95E00E9475168BE293E1E8
:20A780000E9475168DE493E10E94851680E390E00E94BE1782EC92E10E94851662E080E35D
:20A7A0000E94B70780E30E9460078C018DEE9BE00115110511F088EE9BE00E94851684E08B
:20A7C0009CE0012B11F081EF9BE00E94751686E693E10E9485168AE190E00E94BE1782ECDB
:20A7E00092E10E94851662E08AE10E94B7078AE10E9460078C018DEE9BE00115110511F078
:20A8000088EE9BE00E94851684E09CE0012B11F081EF9BE00E94751680EC95E00E947516D7
:20A820008FE793E10E94751689E993E10E94851682E390E00E94BE1782EC92E10E94851674
:20A8400082E30E946007892B09F08FC18DE19CE00E94751683EB93E10E9485168CE190E07A
:20A860000E94BE1782EC92E10E9485168CE10E946007892B09F07CC18DE19CE00E947516CC
:20A8800080EC95E00E9475168DEC93E10E94751686E092E10E94751685EE93E10E94751676
:20A8A00085E094E10E94851683E190E00E94BE1782EC92E10E94851683E10E946007892BF7
:20A8C00009F059C18DEE9BE00E9475168EE194E10E94851682E190E00E94BE1782EC92E1F6
:20A8E0000E94851682E10E946007892B09F046C18DEE9BE00E94751687E394E10E948516BC
:20A9000060912E1B70912F1B8091301B9091311B4AE050E00E946C168FE494E10E94851646
:20A9200060912C1B70912D1B80912E1B90912F1B0E948C1680EC95E00E94751686E594E19F
:20A940000E94751688E794E10E94851683E090E00E94BE1782EC92E10E94851683E00E943C
:20A960006007892B09F00DC18DEE9BE00E94751681E994E10E94851682E090E00E94BE176D
:20A9800082EC92E10E94851682E00E946007892B09F0FAC08DEE9BE00E94751680EC95E0C3
:20A9A0000E9475168AEA94E10E94751686E092E10E94751680ED94E10E94751680EC95E05E
:20A9C0000E94751682E095E10E94751686E092E10E94751685E295E10E94751682E495E159
:20A9E0000E94851680915E028111D1C084E39CE00E94751681E595E10E94851680915D02ED
:20AA00008111C8C084E49CE00E9475168DE595E10E94851680915C028111BFC085E59CE080
:20AA20000E9475168AE695E10E9485168091590290915A020E94C41780EC95E00E94751652
:20AA400089E795E10E94751682E495E10E948516809158028111A4C084E39CE00E94751659
:20AA600081E595E10E9485168091570281119BC084E49CE00E9475168DE595E10E94851630
:20AA800080915602811192C085E59CE00E9475168AE695E10E948516809153029091540256
:20AAA0000E94C41780EC95E00E94751684E995E10E94751686E092E10E94751683EB95E111
:20AAC0000E9485168DEC95E10E9475168CED95E10E9485160E94680828EE33E040E050E066
:20AAE0000E944B79CA01B9014AE050E00E946C168CEF95E10E94751686E096E10E948516B5
:20AB00002091CF1D3091D01D2115310511F425ED3DE1CE010196821B930B0E94BE178BE1C5
:20AB200096E10E94751680EC95E00E9475168AE891E10E94751682E296E10E94751686E5DF
:20AB400096E10E94751685E896E10E9475168AE891E10C944E481092361A0C9483488BEC52
:20AB60009BE0F0CD8BEC9BE003CE8FE09CE070CE8FE09CE083CE88EE9BE0A6CE88EE9BE01F
:20AB8000B9CE88EE9BE0F2CE88EE9BE005CF8CE29CE02ECF8BE39CE037CF8CE49CE040CFE6
:20ABA0008CE29CE05BCF8BE39CE064CF8CE49CE06DCF8B3611F40C94A247803711F40C9491
:20ABC000A247813711F00C94D94755E0E516F10410F00C94A24710E00C9403471F920F9239
:20ABE0000FB60F9211242F933F938F939F93AF93BF938091781B9091791BA0917A1BB091DE
:20AC00007B1B3091771B23E0230F2D3758F50196A11DB11D2093771B8093781B9093791BA0
:20AC2000A0937A1BB0937B1B80917C1B90917D1BA0917E1BB0917F1B0196A11DB11D809337
:20AC40007C1B90937D1BA0937E1BB0937F1BBF91AF919F918F913F912F910F900FBE0F907E
:20AC60001F90189526E8230F0296A11DB11DD2CF1F920F920FB60F9211240BB60F922F9362
:20AC80003F934F935F936F937F938F939F93AF93BF93EF93FF93E0914102F09142021995D7
:20ACA000FF91EF91BF91AF919F918F917F916F915F914F913F912F910F900BBE0F900FBE60
:20ACC0000F901F9018951F920F920FB60F9211240BB60F922F933F934F935F936F937F93AE
:20ACE0008F939F93AF93BF93EF93FF93E0913F02F09140021995FF91EF91BF91AF919F9165
:20AD00008F917F916F915F914F913F912F910F900BBE0F900FBE0F901F9018951F920F9282
:20AD20000FB60F9211240BB60F922F933F934F935F936F937F938F939F93AF93BF93EF9330
:20AD4000FF93E0913502F09136021995FF91EF91BF91AF919F918F917F916F915F914F9182
:20AD60003F912F910F900BBE0F900FBE0F901F9018951F920F920FB60F9211240BB60F9225
:20AD80002F933F934F935F936F937F938F939F93AF93BF93EF93FF93E0913302F0913402DE
:20ADA0001995FF91EF91BF91AF919F918F917F916F915F914F913F912F910F900BBE0F907E
:20ADC0000FBE0F901F9018951F920F920FB60F9211240BB60F922F933F934F935F936F93F2
:20ADE0007F938F939F93AF93BF93EF93FF93E0913D02F0913E021995FF91EF91BF91AF9186
:20AE00009F918F917F916F915F914F913F912F910F900BBE0F900FBE0F901F9018951F92F2
:20AE20000F920FB60F9211240BB60F922F933F934F935F936F937F938F939F93AF93BF9310
:20AE4000EF93FF93E0913B02F0913C021995FF91EF91BF91AF919F918F917F916F915F91D3
:20AE60004F913F912F910F900BBE0F900FBE0F901F9018951F920F920FB60F9211240BB6E5
:20AE80000F922F933F934F935F936F937F938F939F93AF93BF93EF93FF93E0913902F0916C
:20AEA0003A021995FF91EF91BF91AF919F918F917F916F915F914F913F912F910F900BBEE0
:20AEC0000F900FBE0F901F9018951F920F920FB60F9211240BB60F922F933F934F935F9354
:20AEE0006F937F938F939F93AF93BF93EF93FF93E0913702F09138021995FF91EF91BF91CF
:20AF0000AF919F918F917F916F915F914F913F912F910F900BBE0F900FBE0F901F90189562
:20AF20001F920F920FB60F9211240BB60F922F933F934F935F936F937F938F939F93AF93B0
:20AF4000BF93EF93FF9383E89CE10E94AC0AFF91EF91BF91AF919F918F917F916F915F915B
:20AF60004F913F912F910F900BBE0F900FBE0F901F9018951F920F920FB60F9211240BB6E4
:20AF80000F922F938F939F93EF93FF93E091931CF091941C8081E091991CF0919A1C82FDB8
:20AFA0001DC0908180919C1C8F5F8F7320919D1C821741F0E0919C1CF0E0ED57F34E958F14
:20AFC00080939C1CFF91EF919F918F912F910F900BBE0F900FBE0F901F9018958081F2CFF5
:20AFE0001F920F920FB60F9211240BB60F922F933F934F935F936F937F938F939F93AF93F0
:20B00000BF93EF93FF9380E29DE10E94AC0AFF91EF91BF91AF919F918F917F916F915F91A2
:20B020004F913F912F910F900BBE0F900FBE0F901F9018951F920F920FB60F9211240BB623
:20B040000F922F938F939F93EF93FF93E091301DF091311D8081E091361DF091371D82FD7F
:20B060001DC090818091391D8F5F8F7320913A1D821741F0E091391DF0E0E05EF24E958F80
:20B080008093391DFF91EF919F918F912F910F900BBE0F900FBE0F901F9018958081F2CF96
:20B0A0001F920F920FB60F9211240BB60F922F933F934F935F936F937F938F939F93AF932F
:20B0C000BF93EF93FF938091B900887F803609F44DC008F040C0883209F4A9C028F5803193
:20B0E00009F49DC0C8F4882309F4FBC0883009F496C0FF91EF91BF91AF919F918F917F91CC
:20B100006F915F914F913F912F910F900BBE0F900FBE0F901F901895883109F488C0803250
:20B1200041F78093C71B14C0803409F49DC040F48033B9F38833E9F68093C71B85ECB0C0FD
:20B14000803509F485C0883509F496C0883489F60E942846CECF883909F48CC038F588370A
:20B1600029F050F4883611F0803719F683E08093C91B10920E1A57C0883809F47BC0803901
:20B1800019F0803809F0B5CF80910E1A803208F071C0E0910E1A81E08E0F80930E1A80917A
:20B1A000BB00F0E0E251F64E80833DC0803B39F0E0F4803A09F479C0883A09F09ACF84E05D
:20B1C0008093C91B1092ED191092EC19E091291AF0912A1A19958091EC1981110FC081E02A
:20B1E0008093EC191092CC1909C0803C09F4A6CF883C09F4A3CF883B09F07BCFE091ED1909
:20B2000081E08E0F8093ED19F0E0E453F64E80818093BB009091ED198091EC1929C08091C6
:20B22000A41B8093BB0085EC8093BC0062CF9091C61B8091C51B981758F5E091C61B81E06E
:20B240008E0F8093C61BF0E0EB55F44E8081E9CFE091C61B81E08E0F8093C61B8091BB0042
:20B26000F0E0EB55F44E80839091C61B8091C51B9817C8F285E8D8CFE091C61B81E08E0FB9
:20B280008093C61B8091BB00F0E0EB55F44E80838091C81B81115CCF81E08093A31B84EA48
:20B2A0008093BC001092C91B24CF85EC8093BC001092C91B80910E1A803230F4E0910E1AD8
:20B2C000F0E0E251F64E108260910E1A70E0E091271AF091281A8EEE99E1199510920E1A49
:20B2E00008CF1092C71B34CF4F925F926F927F928F929F92AF92BF92CF92DF92EF92FF9244
:20B300000F931F93CF93DF93CDB7DEB762970FB6F894DEBF0FBECDBF4B015C0129873A8792
:20B320004B875C871A8B098B87010E9468086B017C018091131C9091141CA091151CB09168
:20B34000161C892B8A2B8B2B41F4C092131CD092141CE092151CF092161C8091131C90919C
:20B36000141CA091151CB091161CA7019601281B390B4A0B5B0BCA01B9010E944B7620E05F
:20B3800030E04AE754E40E9466782B013C0120E030E0A9010E94467618160CF07EC12DECB1
:20B3A0003CEC4CEC5DE3C301B2010E94357918160CF473C1C092131CD092141CE092151C0E
:20B3C000F092161CC0900F1CD090101CE090111CF090121C80910B1C90910C1CA0910D1C8C
:20B3E000B0910E1C8D879E87AF87B88B209166023091670240916802509169022D833E83F5
:20B400004F835887A3019201C501B4010E94AC762091071C3091081C4091091C50910A1C4F
:20B420000E94887769837A838B839C836093071C7093081C8093091C90930A1C2091031CC7
:20B440003091041C4091051C5091061CC501B4010E948777A30192010E946678A701960105
:20B460000E94AC766B017C01A50194016D817E818F8198850E94AC766D837E838F839887E4
:20B4800029813A814B815C816D857E858F8598890E94AC769B01AC016D817E818F8198854D
:20B4A0000E9488779B01AC01C701B6010E9488776B017C018092031C9092041CA092051CD3
:20B4C000B092061C8090FF1B9090001CA090011CB090021C8091FB1B9091FC1BA091FD1B4F
:20B4E000B091FE1B8D879E87AF87B88B209162023091630240916402509165022D833E8315
:20B500004F83588729853A854B855C85C301B2010E94AC762091F71B3091F81B4091F91BA5
:20B520005091FA1B0E94887769837A838B839C836093F71B7093F81B8093F91B9093FA1BE4
:20B540002091F31B3091F41B4091F51B5091F61B69857A858B859C850E948777A301920194
:20B560000E946678A50194010E94AC764B015C0129853A854B855C856D817E818F8198856B
:20B580000E94AC762B013C0129813A814B815C816D857E858F8598890E94AC769B01AC0139
:20B5A000C301B2010E9488779B01AC01C501B4010E94887729853A854B855C852093F31B2F
:20B5C0003093F41B4093F51B5093F61B25E83BEE41E55FE30E94AC7620E030E040E05FE3EE
:20B5E0000E94AC764B015C01AC019B01C701B6010E94887720E030E048EC52E40E94AC7637
:20B600000E94D878A989BA896D937C936F3F710519F014F06FEF70E06130BFEF7B0714F40C
:20B6200061E07FEFE989FA8971836083A5019401C701B6010E94877720E030E048EC52E4BB
:20B640000E94AC760E94D878D8016D937C936F3F710519F014F06FEF70E06130BFEF7B07AC
:20B6600014F461E07FEFF8017183608362960FB6F894DEBF0FBECDBFDF91CF911F910F91E4
:20B68000FF90EF90DF90CF90BF90AF909F908F907F906F905F904F9008958AE0482E87ED25
:20B6A000582E83E2682E8CE3782E84CE0F931F93CF93DF938C018091C21A9091C31A029769
:20B6C00011F00E94AC1CE8010F3F110519F014F0CFEFD0E0CA30D10514F4CAE0D0E060E0C5
:20B6E00080E30E94B70760E08AE10E94B70760E082E30E94B70760E08CE10E94B70761E029
:20B70000CE010E94B51D60E0CE010E945D18D0935A02C0935902D0935402C093530281E091
:20B7200080935B0210925502DF91CF911F910F9108958F929F92AF92BF92CF92DF92EF92AC
:20B74000FF920F931F93CF93DF93CDB7DEB72C970FB6F894DEBF0FBECDBF7C014B016A01D9
:20B7600086E390E0FB019183808383E290E0FA0191838083F701A480B58010E000E00A15B6
:20B780001B05A1F1B801C7010E94E909082E000C990BC0970A97E8F10F5F1F4FF0CFCE01C1
:20B7A00007960E94FB1FF401718360830A151B05C8F4B801C7010E94E909082E000C990B6E
:20B7C000C0970A9708F448C00F5F1F4FEFCFCE0101960E94FB1FF60171836083CE0101967D
:20B7E0000E941621CE0107960E9416212C960FB6F894DEBF0FBECDBFDF91CF911F910F9102
:20B80000FF90EF90DF90CF90BF90AF909F908F90089560EC75E0CE0107960E940122F70109
:20B82000A480B5800A151B0508F0B9CFB801C7010E94E909282F082E000C330B2053310957
:20B840002A30310508F0ABCF682FCE0107960E9472210F5F1F4FE3CF60EC75E0CE01019619
:20B860000E940122F701848195810817190708F0AECFB801C7010E94E909282F082E000C8E
:20B88000330B205331092A30310508F0A0CF682FCE0101960E9472210F5F1F4FE3CFAF92C5
:20B8A000BF92CF92DF92EF92FF920F931F93CF93DF9300D000D0CDB7DEB76C017B01FC018C
:20B8C000A480B58010E000E00A151B05B1F0B801C6010E94E909082E000C990BC0970A976D
:20B8E000F0F00F5F1F4FF0CFCE0101960E94FB1F7B01CE0101960E941621C70126960FB6A7
:20B90000F894DEBF0FBECDBFDF91CF911F910F91FF90EF90DF90CF90BF90AF90089560EC32
:20B9200075E0CE0101960E940122F6018481958108171907C8F6B801C6010E94E909282F0D
:20B94000082E000C330B205331092A30310560F6682FCE0101960E9472210F5F1F4FE5CF12
:20B96000E3E8FCE11382128288EE93E0A0E0B0E084839583A683B78326E932E03183208303
:20B9800045E351E05587448744E351E05787468740E351E0518B408B41E351E0538B428BA9
:20B9A00042E351E0558B448B46E351E0578B468B118E128E138E148EE0E2FDE1138212822A
:20B9C00084839583A683B7833183208325EC30E03587248724EC30E03787268720EC30E05F
:20B9E000318B208B21EC30E0338B228B22EC30E0358B248B26EC30E0378B268B118E128EF7
:20BA0000138E148EEDEBFDE11382128284839583A683B78388EA92E09183808360EC75E0E6
:20BA200089EC9DE10C940122CF93DF93CDB7DEB7CE54D1090FB6F894DEBF0FBECDBF789414
:20BA400084B5826084BD84B5816084BD85B5826085BD85B5816085BD80916E008160809301
:20BA60006E00109281008091810082608093810080918100816080938100809180008160B4
:20BA8000809380008091B10084608093B1008091B00081608093B0008091910082608093AD
:20BAA000910080919100816080939100809190008160809390008091A10082608093A10061
:20BAC0008091A10081608093A1008091A00081608093A0008091210182608093210180917F
:20BAE00021018160809321018091200181608093200180917A00846080937A0080917A0040
:20BB0000826080937A0080917A00816080937A0080917A00806880937A001092C100E091E9
:20BB2000301DF091311D82E08083E0912C1DF0912D1D1082E0912E1DF0912F1D80E1808380
:20BB40001092381DE091341DF091351D86E08083E091321DF091331D808180618083E09109
:20BB6000321DF091331D808188608083E091321DF091331D808180688083E091321DF091FB
:20BB8000331D80818F7D808364E670E080E090E00E9435080E94680861E08EE20E94B707D9
:20BBA00061E084E30E94B70761E082E30E94B70761E08CE20E94B70761E08EE10E94B70758
:20BBC00061E08CE10E94B70761E080E30E94B70760E080E30E9489076AE070E080E090E014
:20BBE0000E94350861E08AE10E94B70760E08AE10E9489076AE070E080E090E00E94350834
:20BC000060E080E30E94890760E08AE10E9489070E94DF1561E082E30E94B70761E082E330
:20BC20000E94890761E08CE10E94B70761E08CE10E948907809120018068809320011092F4
:20BC400029011092280180E00E94521810925E021092580281E080935C0280935602809335
:20BC60005D028093570261E080E30E94B70761E08AE10E94B70703E010E060E080E30E94D1
:20BC8000890760E08AE10E94890765E070E080E090E00E9435080150110979F70E94741DE5
:20BCA00062E083E10E94B70762E082E10E94B7078BE293E190933C0280933B02809169006D
:20BCC000806380936900EA9A86E798E090933E0280933D0280916900806C80936900EB9A80
:20BCE00010922F1B10922E1B10922D1B10922C1B10921B1C10921C1C10921D1C10921E1C30
:20BD00001092171C1092181C1092191C10921A1C0E9468086093231A7093241A8093251AF4
:20BD20009093261A0E94680860931F1A7093201A8093211A9093221A10921B1A10921C1AC9
:20BD400010921D1A10921E1A1092171A1092181A1092191A10921A1A1092131A1092141A3F
:20BD60001092151A1092161A10920F1A1092101A1092111A1092121A62E083E00E94B707E9
:20BD800062E082E00E94B7078CE595E1909336028093350280916A008C6080936A00ED9AA8
:20BDA00089ED94E1909334028093330280916A00836080936A00EC9A1092811B1092801B1B
:20BDC0001092D01B1092F21B0E94AA0B84E798E090932A1A8093291A85E798E09093281AE7
:20BDE0008093271A1092A21B88EB9BE0A0E0B0E08093CB1B9093CC1BA093CD1BB093CE1B48
:20BE000081E08093CA1B8CE08093B8008FEA96E10E94751660E88BE60E943E1064E670E032
:20BE200080E090E00E94350861E08BE60E943E1062E370E080E090E00E94350818E61093CC
:20BE400061020E94CD1980932C1A90E9980F923010F08836E1F481E080932B1A8FE797E182
:20BE60000E94851660E170E080912C1A0E946E160E940A1680912C1A813709F0A1C283EADD
:20BE800097E10E94751681E080937B1A29C089E6809361020E94CD1980932C1A90E9980F25
:20BEA000923010F0883641F481E080932B1A83ED96E10E947516D2CF1093610288E097E179
:20BEC0000E94851660E170E080912C1A0E946E160E940A168BE397E10E94751610927B1A0B
:20BEE00080917B1A882371F164E089E10E943E1063E08AE10E943E1068E08BE10E943E10AF
:20BF000068E08CE10E943E1063E08DE10E943E1060E088E30E943E100E9468080E9468081C
:20BF20006093771A7093781A8093791A90937A1A8AEE97E10E94751689E098E10E9485164F
:20BF40000E940A160E94291A10921D1B0E9468086093191B70931A1B80931B1B90931C1B4C
:20BF60001092181B1092171B83E498E10E94751682E698E10E9475168CE898E10E947516E3
:20BF800083EB98E10E94751680EC95E00E94751660E089E30E94B70760E08AE30E94B70766
:20BFA0001AE089E30E94F3078AE30E94F3071150C1F760E4762EC12CD12C76014601570175
:20BFC0000BE113E089E30E94F307BC01990F880B990B0E944D762AE038E240EA5BE30E944B
:20BFE000AC7620E030E040E250E40E9487779B01AC01C501B4010E9488774B015C018AE39E
:20C000000E94F307BC01990F880B990B0E944D762AE038E240EA5BE30E94AC7620E030E023
:20C0200040E250E40E9487779B01AC01C701B6010E9488776B017C01C8010197F1F77A9461
:20C040007110C0CF20E030E040E85CE3C501B4010E94AC7660935A1A70935B1A80935C1AB2
:20C0600090935D1A20E030E040E85CE3C701B6010E94AC766093561A7093571A8093581A10
:20C080009093591A88E89AE00E940E1687E79AE00E941B0B20E030E04AE754E460915A1ACC
:20C0A00070915B1A80915C1A90915D1A0E94AC7641E050E00E94781780E79AE00E941B0BFC
:20C0C00020E030E04AE754E46091561A7091571A8091581A9091591A0E94AC7641E050E0E8
:20C0E0000E9478178DE69AE00E940E16E091931CF091941C82E08083E0918F1CF091901C5D
:20C100001082E091911CF091921C8FEC808310929B1CE091971CF091981C86E08083E09136
:20C12000951CF091961C808180618083E091951CF091961C808188608083E091951CF09152
:20C14000961C808180688083E091951CF091961C80818F7D80831092511A10924C1A109225
:20C16000371A1092381A1092391A10923A1A10923B1A10923C1A10923D1A10923E1A10920B
:20C180004D1A10924E1A10924F1A1092501A1092521A1092531A1092541A1092551A8DEA62
:20C1A0009AE00E941B0B80E895E20E94C41780E18093561B81E180936D1B1092591B81E088
:20C1C0008093581B1092701B80936F1B0E94DC1B80E29DE10E948C0A892B91F080E29DE149
:20C1E0000E94380A8A3019F08D3009F0F1C08091CD1D9091CE1D892B59F381E080932D1A6F
:20C200000E9460468091361A882309F442C00E9468080091321A1091331A2091341A30912E
:20C22000351A4B015C01801A910AA20AB30A95018401043F11402105310558F16093321AD5
:20C240007093331A8093341A9093351A0E9468086B017C0180912E1A90912F1AA091301A82
:20C26000B091311A46015701881A990AAA0ABB0AD501C401843F9140A105B10550F00E9468
:20C28000F810C0922E1AD0922F1AE092301AF092311A11E083E89CE10E948C0A892B09F406
:20C2A00031C183E89CE10E94380A4091521A5091531A6091541A7091551A4F5F5F4F6F4F4C
:20C2C0007F4F4093521A5093531A6093541A7093551AE091511A8A3019F08D3009F004C114
:20C2E000E73008F46AC0F0E0E15EF34E10820E9468086093371A7093381A8093391A9093EB
:20C300003A1A68EC78E18FE19CE10E94A07A82529C4109F09BC040E1BE016F5E7F4F82E091
:20C320000E94BA0643E0BE016C5C7F4F83E00E94BA0640E1BE016F5F7F4F84E00E94BA061C
:20C3400043E0BE016F5C7F4F85E00E94BA0644E0BE01635D7F4F86E00E94BA0644E0BE017F
:20C36000675D7F4F87E00E94BA0648E0BE016F5D7F4F88E00E94BA06CE0189960E94147201
:20C380008093431ACE0181960E94107260933F1A7093401A8093411A9093421ACE018D969B
:20C3A0000E9414721816190634F48989882319F08981811120C010924C1A1092511A6ACF50
:20C3C000803719F487EB97E15CCD8BEC97E159CD90EE980F9F3508F0FBCE2091CD1D30915B
:20C3E000CE1D2233310508F0F3CE682F89EC9DE10E947221EDCE10934C1ABE016C5C7F4F36
:20C40000CE0141960E94A91F6093481A7093491A80934A1A90934B1ABE016F5C7F4FCE012B
:20C4200001960E94A91F6093441A7093451A8093461A9093471A0E94680860933B1A7093F4
:20C440003C1A80933D1A90933E1AB7CF6CEC78E18FE19CE10E94A07A82529C4109F0ADCF9B
:20C4600043E0BE01635D7F4F82E00E94BA0640E1BE016F5E7F4F83E00E94BA0643E0BE0166
:20C48000675D7F4F84E00E94BA0640E1BE016F5F7F4F85E00E94BA0643E0BE016F5D7F4F85
:20C4A00086E00E94BA068DA5813409F084CF8989882309F480CF8981882309F47CCF1093D8
:20C4C0004C1ABE01675D7F4FCE0141960E94A91F6093481A7093491A80934A1A90934B1ADB
:20C4E000BE016F5D7F4F9BCF2E2F30E0233631050CF063CFEF5FE093511A215E334ED90149
:20C500008C93C8CE0E94680800914D1A10914E1A20914F1A3091501A4B015C01801A910A30
:20C52000A20AB30A95018401083E13402105310508F49BC060934D1A70934E1A80934F1AEA
:20C540009093501A0E9468086B017C018EEF9AE00E941B0B80914C1A90E00E94BE17809125
:20C560004C1A882301F188EF9AE00E941B0B6091481A7091491A80914A1A90914B1A46E027
:20C5800050E00E94781782EF9AE00E941B0B6091441A7091451A8091461A9091471A46E0BF
:20C5A00050E00E9478178BEE9AE00E941B0B6AE070E08091431A0E946E1684EE9AE00E94A3
:20C5C0001B0B60913F1A7091401A8091411A9091421A41E050E00E9478178BED9AE00E9491
:20C5E0001B0B60913B1A70913C1A80913D1A90913E1A611571058105910541F046015701BF
:20C60000861A970AA80AB90AC501B4014AE050E00E946C1689EC9AE00E941B0B6091371A72
:20C620007091381A8091391A90913A1A611571058105910541F097018601061B170B280B00
:20C64000390BC901B8014AE050E00E946C1681EC9AE00E941B0B6091521A7091531A80910A
:20C66000541A9091551A0E948C1689E30E94F307BC01990F880B990B0E944D762AE038E24B
:20C6800040EA5BE30E94AC7620E030E040E250E40E94877720915A1A30915B1A40915C1AC6
:20C6A00050915D1A0E9487776B017C018AE30E94F307BC01990F880B990B0E944D762AE085
:20C6C00038E240EA5BE30E94AC7620E030E040E250E40E9487772091561A3091571A4091EA
:20C6E000581A5091591A0E9487772DEC3CEC4CEC5DE30E9466784B015C014090981A509090
:20C70000991A60909A1A70909B1A2DEC3CEC4CEC5DE3C701B6010E946678A30192010E947C
:20C7200087772AE939E949E15EE30E94AC76A30192010E9488776093981A7093991A809351
:20C740009A1A90939B1AC0909C1AD0909D1AE0909E1AF0909F1AA7019601C501B4010E9473
:20C7600087772AE939E949E15EE30E94AC76A70196010E94887760939C1A70939D1A809301
:20C780009E1A90939F1A80917B1A882309F422C20E9468086B017C018091771A9091781A83
:20C7A000A091791AB0917A1AA7019601281B390B4A0B5B0BCA01B9016530710581059105B3
:20C7C00008F408C20E944B7620E030E04AE754E40E9466786FAB78AF89AF9AAFC092771A92
:20C7E000D092781AE092791AF0927A1ACE0101960E94F11969817A81762767277627072E36
:20C80000000C880B990B0E944D762091731A3091741A4091751A5091761A0E94877720E072
:20C8200030E040E059E30E94AC762B013C016B817C81762767277627072E000C880B990B36
:20C840000E944D7620916F1A3091701A4091711A5091721A0E94877720E030E040E059E319
:20C860000E94AC764B015C016D817E81762767277627072E000C880B990B0E944D76209108
:20C880006B1A30916C1A40916D1A50916E1A0E94877720E030E040E059E30E94AC76239682
:20C8A0006CAF7DAF8EAF9FAF239769857A85762767277627072E000C880B990B0E944D765A
:20C8C0002091671A3091681A4091691A50916A1A0E94877720E030E043E852E40E94667899
:20C8E00027966CAF7DAF8EAF9FAF27976B857C85762767277627072E000C880B990B0E9418
:20C900004D762091631A3091641A4091651A5091661A0E94877720E030E043E852E40E9483
:20C9200066782B966CAF7DAF8EAF9FAF2B976D857E85762767277627072E000C880B990B8F
:20C940000E944D7620915F1A3091601A4091611A5091621A0E94877720E030E043E852E453
:20C960000E9466782F966CAF7DAF8EAF9FAF2F976F817885762767277627072E000C880B51
:20C98000990B0E944D762CE53FEE46EA53E40E94667820E030E048EA51E40E94887760935E
:20C9A0007C1A70937D1A80937E1A90937F1AC090941AD090951AE090961AF090971AA701DA
:20C9C0009601C301B2010E9487772AE939E949E15EE30E94AC76A70196010E9488776BAF4B
:20C9E0007CAF8DAF9EAF6093941A7093951A8093961A9093971AC090901AD090911AE09024
:20CA0000921AF090931AA7019601C501B4010E9487772AE939E949E15EE30E94AC76A701D7
:20CA200096010E9488776093901A7093911A8093921A9093931AC0908C1AD0908D1AE09077
:20CA40008E1AF0908F1AA701960123966CAD7DAD8EAD9FAD23970E9487772AE939E949E18A
:20CA60005EE30E94AC76A70196010E9488774B015C0180928C1A90928D1AA0928E1AB0928B
:20CA80008F1AC090881AD090891AE0908A1AF0908B1AA701960127966CAD7DAD8EAD9FADF9
:20CAA00027970E9487772AE939E949E15EE30E94AC76A70196010E9488776093881A70933C
:20CAC000891A80938A1A90938B1AC090B21AD090B31AE090B41AF090B51AA70196012B965E
:20CAE0006CAD7DAD8EAD9FAD2B970E9487772AE939E949E15EE30E94AC76A70196010E94C5
:20CB000088776B017C01C092B21AD092B31AE092B41AF092B51A4090841A5090851A609072
:20CB2000861A7090871AA30192012F966CAD7DAD8EAD9FAD2F970E9487772AE939E949E129
:20CB40005EE30E94AC76A30192010E9488779B01AC012093841A3093851A4093861A5093A6
:20CB6000871A6FA978AD89AD9AAD0E94AC769B01AC016091801A7091811A8091821A909158
:20CB8000831A0E9488776093801A7093811A8093821A9093831AA50194016BAD7CAD8DAD07
:20CBA0009EAD0E94077820EE3EE245E652E40E94AC764B015C0180915E1A811133C58092E8
:20CBC000BA1A9092BB1AA092BC1AB092BD1A81E080935E1A0E9468080091731B1091741B1C
:20CBE0002091751B3091761B601B710B820B930B623371058105910508F4AAC00E946808E1
:20CC00006093731B7093741B8093751B9093761B88E39BE00E941B0B0E94381090E00E9400
:20CC2000BE170E943810882309F490C083E39BE00E941B0B6091941A7091951A8091961A84
:20CC40009091971A44E050E00E9478178EE29BE00E941B0B6091901A7091911A8091921AC6
:20CC60009091931A44E050E00E94781789E29BE00E941B0B60918C1A70918D1A80918E1ABB
:20CC800090918F1A44E050E00E94781784E29BE00E941B0B6091881A7091891A80918A1AB0
:20CCA00090918B1A43E050E00E9478178FE19BE00E941B0B6091B21A7091B31A8091B41A0D
:20CCC0009091B51A43E050E00E9478178AE19BE00E941B0B6091841A7091851A8091861A52
:20CCE0009091871A43E050E00E94781784E19BE00E941B0B6091801A7091811A8091821A72
:20CD00009091831A42E050E00E9478178CE09BE00E941B0B6091BA1A7091BB1A8091BC1AA1
:20CD20009091BD1A42E050E00E94781785E09BE00E941B0B60917C1A70917D1A80917E1A08
:20CD400090917F1A41E050E00E9478170E940A168091C41A882309F47BC00E94381088236E
:20CD600009F476C08091C21A9091C31A029709F06FC00E9468086FAB78AF89AF9AAF8091EF
:20CD8000BE1A9091BF1AA091C01AB091C11A8FA898ACA9ACBAAC881A990AAA0ABB0AD501D0
:20CDA000C4014497A105B10508F452C0AFA8B8ACC9ACDAACA092BE1AB092BF1AC092C01A62
:20CDC000D092C11A2091B61A3091B71A4091B81A5091B91A6091BA1A7091BB1A8091BC1A2A
:20CDE0009091BD1A0E9487774B015C0120914F023091500240915102509152020E94357934
:20CE000018160CF040C487EB9BE00E941B0B41E050E0C501B4010E9478178FEA9BE00E949C
:20CE20001B0B60914F0270915002809151029091520241E050E00E94781782E99BE00E9454
:20CE40000E1681E08093B11A0E941A160E94801C0E9468089B01AC018091E71A9091E81ACF
:20CE6000A091E91AB091EA1A0097A105B10509F0F3C5F89480910F1B9091101BA091111B25
:20CE8000B091121B8093E31A9093E41AA093E51AB093E61A80910B1B90910C1BA0910D1BA6
:20CEA000B0910E1B8093DF1A9093E01AA093E11AB093E21A78942093E71A3093E81A40931A
:20CEC000E91A5093EA1A0E9468080091131B1091141B2091151B3091161B5B016C01A01A71
:20CEE000B10AC20AD30A96018501043F11402105310508F4E7C16093131B7093141B8093B7
:20CF0000151B9093161BF89480911B1C90911C1CA0911D1CB0911E1C8FAB98AFA9AFBAAF39
:20CF20004090171C5090181C6090191C70901A1C80900F1B9090101BA090111BB090121B31
:20CF40008BAE9CAEADAEBEAEA0900B1BB0900C1BC0900D1BD0900E1B2B96ACAEBDAECEAEC7
:20CF6000DFAE2B9778948091071B9091081BA091091BB0910A1BCFA8D8ACE9ACFAACC81610
:20CF8000D906EA06FB0688F08091031B9091041BA091051BB091061BEBACFCAC0DAD1EAD63
:20CFA000E816F9060A071B07C0F40FA918AD29AD3AAD0093071B1093081B2093091B30933E
:20CFC0000A1B2BAD3CAD4DAD5EAD2093031B3093041B4093051B5093061B8091FF1A909171
:20CFE000001BA091011BB091021B481659066A067B0698F08091FB1A9091FC1AA091FD1A90
:20D00000B091FE1A2B968CAC9DACAEACBFAC2B9788169906AA06BB06B0F44092FF1A5092CF
:20D02000001B6092011B7092021B2B96ACACBDACCEACDFAC2B97A092FB1AB092FC1AC0926E
:20D04000FD1AD092FE1A8091071B9091081BA091091BB0910A1BCFA8D8ACE9ACFAACC81AF5
:20D06000D90AEA0AFB0AC701B6010091FF1A1091001B2091011B3091021B53014201801A13
:20D08000910AA20AB30A23968CAE9DAEAEAEBFAE23978090031B9090041BA090051BB090CE
:20D0A000061B2BAD3CAD4DAD5EAD281939094A095B09A090FB1AB090FC1AC090FD1AD090ED
:20D0C000FE1A2B96ECACFDAC0EAD1FAD2B97EA18FB080C091D092796ECAEFDAE0EAF1FAF20
:20D0E00027978FA898ACA9ACBAAC8092071B9092081BA092091BB0920A1B4092FF1A509239
:20D10000001B6092011B7092021BABACBCACCDACDEACA092031BB092041BC092051BD09280
:20D12000061B2B96CCACDDACEEACFFAC2B97C092FB1AD092FC1AE092FD1AF092FE1AB62F1E
:20D14000A72F6115710501E08007910510F0BFEFAFEFEB2FFA2FF093FA1AE093F91ABFADF7
:20D160002196AFAD219723968CAC9DACAEACBFAC23978114910401E0A006B10410F0BFEF17
:20D18000AFEFEB2FFA2FF093F81AE093F71AB22FA32F2115310511E04107510510F0BFEF39
:20D1A000AFEFEB2FFA2FF093F61AE093F51A2496BFAD24972596AFAD259727968CAC9DAC87
:20D1C000AEACBFAC27978114910401E0A006B10410F0BFEFAFEFEB2FFA2FF093F41AE093D3
:20D1E000F31A0E944D0E182F27962CAD3DAD4EAD5FAD279723966CAD7DAD8EAD9FAD23975C
:20D200000E944D0E123008F0F4C51093F21A1093F11A1092F01A823008F002C68093EF1A87
:20D220008093EE1A1092ED1A8091EC1A882309F449C08091EB1A811145C08091F21A8250C6
:20D24000823028F08091EF1A82508230D8F581E08093EB1A10921D1B0E94550F61E090E08F
:20D2600080E00E94B51D60E090E080E00E945D180E94741D8FED9BE00E941B0BE091F21A44
:20D28000E15086ED9BE0E33038F4F0E0EE0FFF1FE457FD4F808191810E941B0B8BED9BE0F0
:20D2A0000E941B0BE091EF1AE15086ED9BE0E33038F4F0E0EE0FFF1FE457FD4F8081918149
:20D2C0000E940E1680911D1B882381F10E9468080091191B10911A1B20911B1B30911C1B96
:20D2E000601B710B820B930B693E734081059105D8F010921D1B0E94550F61E090E080E0DD
:20D300000E94B51D60E090E080E00E945D180E940F100E949D0F82E090E09093181B809328
:20D32000171B80911D1B81110E94311E8091311B882309F49AC00E9468086B017C01809184
:20D340005F02823509F083C5F89480912E1B90912F1B789420912A1B30912B1B821B930BDF
:20D360009093291B8093281B8091241B9091251BA091261BB091271BA7019601281B390B84
:20D380004A0B5B0BDA01C901883C9105A105B10540F0C092241BD092251BE092261BF092DF
:20D3A000271B2091281B3091291B8091221B9091231B2817390728F18091200180688093C0
:20D3C0002001109229011092280180E00E9452188BE891E00197F1F760E080E30E94B707C2
:20D3E00060E08AE10E94B70760E082E30E94B70760E08CE10E94B7071092311B8EE480939D
:20D400005F0280911E1B90911F1BA091201BB091211BC81AD90AEA0AFB0A31E3C31635E756
:20D42000D306E104F10408F180912001806880932001109229011092280180E00E945218EF
:20D4400060E080E30E94B70760E08AE10E94B70760E082E30E94B70760E08CE10E94B707AC
:20D460001092311B8EE480935F028091371B882391F10E9468080091331B1091341B2091B6
:20D48000351B3091361B4091321B442309F4F9C48091311B81111FC01092321B68EB7BE080
:20D4A00080E090E00E9435088091301B8F5F8093301B0E9468086093331B7093341B80935D
:20D4C000351B9093361B8091301B873009F4CAC4893009F4D1C40E94F8100E946808009152
:20D4E000381B1091391B20913A1B30913B1B601B710B820B930B633371058105910550F03D
:20D500000E9468086093381B7093391B80933A1B90933B1B0E94680800913C1B10913D1B88
:20D5200020913E1B30913F1B4B015C01801A910AA20AB30A95018401083E1340210531056F
:20D5400040F060933C1B70933D1B80933E1B90933F1B809160028823A9F00E9468080091B3
:20D56000401B1091411B2091421B3091431B601B710B820B930B613E73498440910510F04F
:20D580000E94801C0E9468086B017C018091721B90E08C010F5F1F4F017011270093721B12
:20D5A00027E1289FF001299FF00D1124EC5BF44E2589222371F04081518162817381460123
:20D5C0005701841A950AA60AB70AB501A40177FFA7C4C8010196817099278093721B87E1F0
:20D5E000809FF001819FF00D1124EC5BF44E8589882371F080819181A281B381A70196017D
:20D60000281B390B4A0B5B0BDA01C901B7FF89C461E070E080E090E00E9435080E94560BDD
:20D620000C94E860A70196016FA978AD89AD9AAD0E94AC762091BA1A3091BB1A4091BC1A83
:20D640005091BD1A0E94887728E431EE4AE75FE30E94AC766B017C0120E037ED43EA5CE396
:20D66000C501B4010E94AC769B01AC01C701B6010E9488776093BA1A7093BB1A8093BC1A7A
:20D680009093BD1AA7CA20914B0230914C0240914D0250914E025058C501B4010E94467640
:20D6A00087FF1DC083E79BE00E941B0B41E050E0C501B4010E9478178AE69BE00E941B0BAA
:20D6C00060914B0270914C0280914D0290914E0241E050E00E9478178DE49BE0B0CBC090B3
:20D6E000B21AD090B31AE090B41AF090B51ACBAEDCAEEDAEFEAE20E030E040EC5FE3C50116
:20D70000B4019F770E943579C12CD12C76011816ECF520914702309148024091490250917C
:20D720004A02C501B4010E94AC766B017C01209143023091440240914502509146026BAD1F
:20D740007CAD8DAD9EAD0E94AC769B01AC01C701B6010E9488776B017C012DEC3CEC4CEC8C
:20D760005EEB0E94467687FD68C12DEC3CEC4CEC5EE3C701B6010E94357918163CF45DEC25
:20D78000C52E5CECD52EED2C5EE3F52EC092AD1AD092AE1AE092AF1AF092B01A2091A91A90
:20D7A0003091AA1A4091AB1A5091AC1AC701B6010E9488772B013C0120E030E040E85FEB9C
:20D7C0000E94467687FD41C120E030E040E85FE3C301B2010E943579181634F4412C512CE4
:20D7E00030E8632E3FE3732E0091A51A1091A61A2091A71A3091A81A23960CAF1DAF2EAFFA
:20D800003FAF239711E01093A41A60ED78E1CE0141960E940122B301A201CE0101960E949E
:20D82000B1214D815E8169817A81CE0141960E944621CE0101960E94162141E050E063E101
:20D8400075E0CE0141960E94462123964CAD5DAD6EAD7FAD2397CE0101960E94B1214D815F
:20D860005E8169817A81CE0141960E944621CE0101960E941621BE016F5E7F4FCE01019636
:20D880000E94E721CE0101960E946A22CE0101960E9416212FA938AD49AD5AAD2093191B6A
:20D8A00030931A1B40931B1B50931C1B10931D1B1092A41A8091A01A9091A11AA091A21A7E
:20D8C000B091A31A281B390B4A0B5B0BDA01C90184369105A105B10508F4AAC08FA998ADD4
:20D8E000A9ADBAAD8093A01A9093A11AA093A21AB093A31A83ED98E10E94851642E050E059
:20D90000C501B4010E9478178AED98E10E94851641E050E06BAD7CAD8DAD9EAD0E947817E6
:20D920008FED98E10E94851643E050E0C701B6010E94781785EE98E10E9485166091A91AD5
:20D940007091AA1A8091AB1A9091AC1A43E050E00E9478178CEE98E10E94851643E050E03E
:20D96000C301B2010E94781782EF98E10E94851660914F027091500280915102909152026A
:20D9800041E050E00E94781787EF98E10E94851660914B0270914C0280914D0290914E027B
:20D9A00041E050E00E9478178FEF93E00E9485166091DB1A7091DC1A8091DD1A9091DE1AB9
:20D9C0000E94D878CB010E94BE1786E094E00E9485166091D31A7091D41A8091D51A90910D
:20D9E000D61A0E94D878CB010E94BE1787E49BE00E941B0B60919C1A70919D1A80919E1A2C
:20DA000090919F1A42E050E00E94781781E49BE00E941B0B6091981A7091991A80919A1AE5
:20DA200090919B1A42E050E00E9478170E940A16CE0141960E9416210BCA4DECC42E4CEC14
:20DA4000D42EED2C4EEBF42EA1CE412C512C20E8622E2FEB722EC8CE49015A01881A990A25
:20DA6000AA0ABB0AC501B401643671058105910508F429CAF89480900F1B9090101BA09056
:20DA8000111BB090121B40900B1B50900C1B60900D1B70900E1B7894C090E31AD090E41AF8
:20DAA000E090E51AF090E61ACFAAD8AEE9AEFAAEC090DB1AD090DC1AE091DD1AF091DE1ABD
:20DAC000E090D31A2496EFAE2497F090D41A2896FFAE28973090D51A2090D61AEFA8F8ACB5
:20DAE00009AD1AAD8E149F04A006B10688F0E090DF1AF090E01A0091E11A1091E21AEBAEEA
:20DB0000FCAE0DAF1EAF4E145F046006710678F58092E31A9092E41AA092E51AB092E61A21
:20DB20004092DF1A5092E01A6092E11A7092E21AC601DF018093D71A9093D81AA093D91A6D
:20DB4000B093DA1A24968FAD249728969FAD2897A32DB22D8093CF1A9093D01AA093D11A3E
:20DB6000B093D21A1092CE1A1092CD1AA4C97F018092E31A9092E41AA092E51AB092E61AD4
:20DB80004092DF1A5092E01A6092E11A7092E21A2093E71A3093E81A4093E91A5093EA1ABD
:20DBA0000E944B7620E030E044E352E40E94AC7623966CAF7DAF8EAF9FAF23971092CE1A02
:20DBC00020E030E040E05FE3B601C7010E94467618160CF004C1C501B4010FA918AD29AD39
:20DBE0003AAD601B710B820B930B0E944B7620E030E64AE657E40E94AC7623962CAD3DADF8
:20DC00004EAD5FAD23970E9466784B015C0120E030E040E05FE30E944676181624F596016C
:20DC2000A701C501B4010E9487779F779601A7010E9466782FE832EC45EF5DE30E94467645
:20DC400018168CF081E08093CE1A9601A701C501B4010E94887720E030E040E05FE30E944F
:20DC6000AC766B017C01C601D7018093D71A9093D81AA093D91AB093DA1A24961FAD249743
:20DC800028960FAD28971092CD1A20E030E040E05FE3612F702F832D922D0E944676181626
:20DCA0000CF0A2C0C301B2018BAC9CACADACBEAC681979098A099B090E944B7620E030E69A
:20DCC0004AE657E40E94AC7623962CAD3DAD4EAD5FAD23970E9466786B017C0120E030E05F
:20DCE00040E05FE30E944676181664F5212F302F432D522DC701B6010E9487779F77212FBA
:20DD0000302F432D522D0E9466782FE832EC45EF5DE30E9446761816ACF081E08093CD1A09
:20DD2000212F302F432D522DC701B6010E94887720E030E040E05FE30E94AC76162F072F74
:20DD4000382E292E812F902FA32DB22D8093CF1A9093D01AA093D11AB093D21A8091590226
:20DD600090915A02892BC9F420E030E0A9016091C91A7091CA1A8091CB1A9091CC1A0E94A3
:20DD80004676181654F01092D71A1092D81A1092D91A1092DA1A1092CE1A809153029091F2
:20DDA0005402892B09F08FC820E030E0A9016091C51A7091C61A8091C71A9091C81A0E9407
:20DDC000467618160CF47FC81092CF1A1092D01A1092D11A1092D21A1092CD1A74C8C12C2E
:20DDE000D12CE12CF12C3FCF10E000E0312C212CA9CF9091F11A191769F01093F11A91E028
:20DE00009093F01A9091F01A933008F404CA1093F21A01CA9091F01A9F3FA1F39F5FF0CF49
:20DE20009091EE1A891769F08093EE1A91E09093ED1A9091ED1A933008F4F6C98093EF1A48
:20DE4000F3C99091ED1A9F3FA1F39F5FF0CF8C3431F4F89480912C1B90912D1B7ACA90E0C9
:20DE600080E078CA6DE270E083E290E00E94D01E81E08093321B2FCB0E94741D1092371B1A
:20DE80002ACBDC01CB01801B910BA20BB30B2091301B223079F1C8F4213009F01CCB803AE3
:20DEA0009F40A105B10508F416CB0E94741D82E08093301B0E9468086093331B7093341BB2
:20DEC0008093351B9093361B06CB2330F9F0243009F001CB883B9B40A105B10508F4FBCA8A
:20DEE0006DE270E083E290E00E94FF1C85E08093301BBECF883B9B40A105B10508F4EBCAF6
:20DF00008EE190E00E943F1F83E0D2CF803A9F40A105B10508F4DFCA0E94741D84E0C8CF56
:20DF20008C0127E1209FC001219F900D1124AC014C5B544E5A01DA015396EC91E73008F099
:20DF400067CBF0E027E18827E755F0498F4F0C946D79B06FE46F0370207033705070637084
:20DF6000209FC001219F900D11248C010C5B144E24E0AE014F5F5F4F6CE3F80182890E9435
:20DF80007B19811104C0A701960162E00FC089818C3449F48A81853531F48B818E3419F47B
:20DFA0008C81813439F0A701960163E0C5010E94FA0F2ECB81E0D80153968C93F801C0820D
:20DFC000D182E282F38224CB209FC001219F900D11248C010C5B144E63E2D80152968C919B
:20DFE0000E94270E882379F282E0F801838BF4E6CF0ED11CE11CF11CD801CD92DD92ED92F7
:20E00000FC92139705CB209FC001219F900D11248C010C5B144E21E0AE014F5F5F4F63E23F
:20E02000F80182890E947B19882309F4ACCF8981A701960164E0813009F0B8CF83E0BBCFD8
:20E04000209FC001219F900D11248C010C5B144E65E2D80152968C910E94270E882309F4B4
:20E0600092CF84E0C2CF209FC001219F900D11248C010C5B144E22E0AE014F5F5F4F66E08F
:20E08000F80182890E947B19882309F47CCF89819A81D8011D969C938E931C9785E08CCFDF
:20E0A000209FC001219F900D11248C010C5B144E64E2D80152968C910E94270E882309F455
:20E0C00062CF86E092CF209FC001219F900D1124FC01EC5BF44E4F012AE0AE014F5F5F4F4B
:20E0E00060E082890E947B19882309F44CCF8F819885D4011C962D913C911D9782179307B6
:20E1000021F4A701960165E051CFF4019587848789819A81918780872B813C81338722871A
:20E1200049855A85578746871496CD92DD92ED92FC921797452B39F5245631092C393F4717
:20E1400020F544978D30934010F187E097E1909FF001919FF00D1124EC5BF44E848B91E0D4
:20E16000811190E0968B87E1809FF001819FF00D1124EC5BF44E85E0838B04E6C00ED11C11
:20E18000E11CF11C1CCF88E0E1CF86E0DFCF80E0DDCF89EC9DE10C941621EF920F931F93B3
:20E1A000CF93DF93E80134E047FD34E1042E000C550B57FF03C0519541955109E32E022F26
:20E1C000242FAE010E947672CE01DF91CF911F910F91EF9008950F931F93CF93DF938230CE
:20E1E000910510F482E090E0E091D11DF091D21D30E020E0B0E0A0E0309799F42115310504
:20E2000009F44AC0281B390B24303105D8F58A819B816115710589F1FB0193838283FE0176
:20E2200011C0408151810281138148175907E0F04817590799F4109761F012960C931297A0
:20E2400013961C933296CF01DF91CF911F910F9108950093D11D1093D21DF4CF21153105CF
:20E2600051F04217530738F0A901DB019A01BD01DF01F801C1CFEF01F9CF9093D21D80935D
:20E28000D11DCDCFFE01E20FF31F819391932250310939832883D7CF2091CF1D3091D01DB6
:20E2A000232B41F420916C0230916D023093D01D2093CF1D20916A0230916B022115310586
:20E2C00041F42DB73EB740916E0250916F02241B350BE091CF1DF091D01DE217F307A0F4CC
:20E2E0002E1B3F0B2817390778F0AC014E5F5F4F2417350748F04E0F5F1F5093D01D40936F
:20E30000CF1D819391939FCFF0E0E0E09CCFCF93DF930097E9F0FC01329713821282A0910C
:20E32000D11DB091D21DED0130E020E01097A1F420813181820F931F2091CF1D3091D01DA4
:20E340002817390709F061C0F093D01DE093CF1DDF91CF910895EA01CE17DF07E8F54A818A
:20E360005B819E0141155105B1F7E901FB83EA8349915991C40FD51FEC17FD0761F4808111
:20E3800091810296840F951FE90199838883828193819B838A83F0E0E0E012968D919C91B6
:20E3A00013970097B9F52D913C911197CD010296820F931F2091CF1D3091D01D28173907C8
:20E3C00039F6309751F51092D21D1092D11DB093D01DA093CF1DBCCFD383C28340815181D8
:20E3E000840F951FC817D90761F44E5F5F4F88819981480F591F518340838A819B819383A1
:20E4000082832115310509F0B0CFF093D21DE093D11D9ECFFD01DC01C0CF13821282D7CF9A
:20E42000662777270C94EF73FC0188279927E89421912032E9F3293010F02E30C8F32B3218
:20E4400041F02D3239F4689404C00E946E72820F911D219120532A30C0F31EF490958195FF
:20E460009F4F08951F93FC0199278827BC01E89411911032E9F3193010F01E30C8F31B325B
:20E4800051F01D3249F4689406C00E945972610F711D811D911D119110531A30B0F33EF412
:20E4A00090958095709561957F4F8F4F9F4F1F910895592F482F372F262F660F771F881FD4
:20E4C000991F660F771F881F991F620F731F841F951F660F771F881F991F08957AE0979F29
:20E4E000902D879F802D910D112408958F929F92AF92BF92CF92DF92EF92FF920F931F9300
:20E50000CF93DF9300D000D000D0CDB7DEB76A01F22EB02E102FFBE3AF2EA01608F41BE38B
:20E520001F5F012F27E0AE014F5F5F4F0E944D75BC018981982F9970913009F44EC09BE2D7
:20E54000E1FC04C09E2D9170E0FC49C05E2D5071E82FE87083FF55C084E0911101C083E0ED
:20E56000EF2DE81B8F1508F0E0E0D6018E2F20E25523C9F1992329F0D6019C93C60101961F
:20E580006C0196012D5F3F4FE2FE33C08EE4D6018C9391E411969C93119712968C93D9018E
:20E5A0008E2F90E281112AC0E20FF32FF11D10828EEF9FEF29960FB6F894DEBF0FBECDBFEC
:20E5C000DF91CF911F910F91FF90EF90DF90CF90BF90AF909F908F9008959DE2B7CF90E24F
:20E5E000B5CF2D9381508111FCCFCE0ED11CE0E0C1CF8EE6D6018C9391E6CCCF9D93815013
:20E60000D1CF482F447082FF3DC084E0911101C083E08F1510F4EF2DE81BD6018E2F20E22A
:20E62000552309F1992329F0D6019C93C60101966C0196012D5F3F4FE2FE1BC089E4D60112
:20E640008C938EE411968C93119786E412968C93D9018E2F90E2882309F4A6CF9D93815063
:20E66000FACF2D9381508111FCCFCE0ED11CE0E0D9CF89E6D6018C938EE611968C9311976B
:20E6800086E6E4CF9B0177FF02C030E020E0A1E0B0E0911102C0B0E0A0E0F9013196AE0F74
:20E6A000BF1F8B2C912CBB2009F461C05401EFEFAE1ABE0AAA0DBB1DFA161B0619F014F07F
:20E6C0004F2D4A1B511188C0E3FC59C07601A42FB0E2A1114FC0C40ED11C992309F45BC087
:20E6E00040E0D6011196F60190836D01552309F448C0012F060F9A81582F507184FF03C099
:20E70000913309F4015010160CF047C0093008F008E0EEE2FE2E5B01A01AB108850191942F
:20E72000819491082F3F320729F4D601FC92F60131966F016217730794F1021713077CF5B8
:20E74000DB01A21BB30BAA24A394B12CAC0EBD1EAA0DBB1D11968C9121503109D60111966F
:20E7600028153905F4F0F60180836D01DBCFB12CA12CA0CFF701B1937F01A150AACF911147
:20E78000B0CFD601942F50E302C05D9391509111FCCFC40ED11C40E0ACCF01E0BACF80E306
:20E7A000DBCF6217730731F4963388F4953311F4552369F0F6018083FD01842F90E2811105
:20E7C00008C0A40FB11D1C9290E080E0F3CE81E3F1CF91938150F3CF911183CF8ACF8F9268
:20E7E0009F92AF92BF92CF92DF92EF92FF920F931F93CF93DF935C017B016115710519F07C
:20E80000DB018D939C9385010F5F1F4FF501D0818D2F90E00E9425766C01892BB9F5DD32DD
:20E82000B9F50F5F1F4FD5011196DC91C1E05801F1E0AF1AB10843E050E066E272E0C50164
:20E840000E942E76892B69F5680182E0C80ED11C45E050E061E272E0C6010E942E76892B27
:20E8600021F4680197E0C90ED11CE114F10419F0D701CD92DC9260E070E080E89FEFC111EF
:20E88000FFC060E070E080E89FE7FAC05801BBCFDB3229F485010E5F1F4FF501D181C0E02B
:20E8A000C6CF43E050E06EE172E0C5010E942E76892BE9F0F80110E000E020E030E0A901B3
:20E8C0005F01B0ED8B2E8D0E89E08815C8F19C2E689491F88C2F8870C2FF16C0811102C03B
:20E8E0000F5F1F4F3196D501DC91C92DE9CFE114F10429F00E5F1F4FF7011183008360E057
:20E9000070E080EC9FE7BCC0882311F001501109A5E0B0E00E946D779B01AC01220F331FBB
:20E92000441F551F280D311D411D511D283999E93907490799E15907A8F2C6609C2ED2CF39
:20E94000AEEF8A1206C0C3FD3CC09C2E689493F8C9CFDF7DD534A9F580818D3239F4C06102
:20E96000DF011296818162E070E006C0DF018B32C1F3119661E070E080535D01A61AB70A7A
:20E980008A30F8F4E0E8CE16ECE0DE065CF4B601660F771F660F771FC60ED71ECC0CDD1CBE
:20E9A000C80ED11C5D01FFEFAF1ABF0A8C9180538A30A8F1C4FF03C0D194C194D1080C0D41
:20E9C0001D1DC1FF09C0E114F10431F081E0A81AB108D701AD92BC92CA01B9010E944B7640
:20E9E000C370C33009F490584B015C0120E030E0A9010E944676882309F440C0C5E5D2E047
:20EA000017FF05C0119501951109CDE3D2E06E01B8E1CB1AD10880E2E82EF12C0FC0D50163
:20EA2000B1CFFE0125913591459154910E191F09C501B4010E94AC764B015C01D501C4014E
:20EA40000E151F0574F72497F594E794CC16DD06A9F78A2F880F8B2F881F8F3F49F020E028
:20EA600030E0A901C501B4010E944676811106C082E290E09093D41D8093D31DC501B40145
:20EA8000DF91CF911F910F91FF90EF90DF90CF90BF90AF909F908F900895283008F027E0AA
:20EAA0003327DA01990F311D87FD916000966105710539F432602E5F3D9330E32A95E1F77E
:20EAC00008959F3F30F080387105610509F03C5F3C5F3D93913008F08068911DDF93CF93E5
:20EAE0001F930F93FF92EF92192F987F9695E92F96959695E90FFF27ED54FD4F99273327F3
:20EB0000EE24FF24A701E70105900894079428F4360FE71EF81E491F511D660F771F881F60
:20EB2000991F0694A1F70590079428F4E70EF81E491F561FC11D770F881F991F661F0694D5
:20EB4000A1F70590079428F4F80E491F561FC71FD11D880F991F661F771F0694A1F70590E9
:20EB6000079420F4490F561FC71FD81F990F661F771F881F0694A9F784911095177041F026
:20EB8000D695C79557954795F794E7941A95C1F7E9E5F2E0689415901591359165919591B0
:20EBA00005907FE27395E118F10A430B560BC90BD009C0F7E10CF11E431F561FC91FD01DA8
:20EBC0007EF4703311F48A95E6CFE894015030F0080F0AF40027021708F4202F2395022FD1
:20EBE0007A3328F079E37D932A95E9F710C07D932A9589F606949795679537951795179442
:20EC0000E118F10A430B560BC90BD00998F023957E9173957A3308F070E37C932013B8F764
:20EC20007E9170617D9330F0839571E37D9370E32A95E1F71124EF90FF900F911F91CF916B
:20EC4000DF91992787FD9095089591110C941977803219F089508550C8F70895FB01DC01CE
:20EC60004150504088F08D9181341CF08B350CF4805E659161341CF06B350CF4605E861BE8
:20EC8000611171F3990B0895881BFCCF0E94887608F481E00895E89409C097FB3EF4909527
:20ECA0008095709561957F4F8F4F9F4F9923A9F0F92F96E9BB279395F695879577956795F5
:20ECC000B795F111F8CFFAF4BB0F11F460FF1BC06F5F7F4F8F4F9F4F16C0882311F096E9BF
:20ECE00011C0772321F09EE8872F762F05C0662371F096E8862F70E060E02AF09A95660F87
:20ED0000771F881FDAF7880F9695879597F90895990F0008550FAA0BE0E8FEEF1616170613
:20ED2000E807F907C0F012161306E407F50798F0621B730B840B950B39F40A2661F0232B5E
:20ED4000242B252B21F408950A2609F4A140A6958FEF811D811D08950E94BF760C943377A1
:20ED60000E94257738F00E942C7720F0952311F00C941C770C94227711240C9467770E945E
:20ED8000447770F3959FC1F3950F50E0551F629FF001729FBB27F00DB11D639FAA27F00DA5
:20EDA000B11DAA1F649F6627B00DA11D661F829F2227B00DA11D621F739FB00DA11D621FB8
:20EDC000839FA00D611D221F749F3327A00D611D231F849F600D211D822F762F6A2F1124D9
:20EDE0009F5750409AF0F1F088234AF0EE0FFF1FBB1F661F771F881F91505040A9F79E3F98
:20EE0000510580F00C941C770C9467775F3FE4F3983ED4F3869577956795B795F795E795F2
:20EE20009F5FC1F7FE2B880F911D9695879597F9089599278827089597F99F6780E870E0E0
:20EE400060E008959FEF80EC089500240A941616170618060906089500240A941216130666
:20EE6000140605060895092E0394000C11F4882352F0BB0F40F4BF2B11F460FF04C06F5F26
:20EE80007F4F8F4F9F4F089557FD9058440F551F59F05F3F71F04795880F97FB991F61F0E2
:20EEA0009F3F79F087950895121613061406551FF2CF4695F1DF08C0161617061806991F30
:20EEC000F1CF86957105610508940895E894BB2766277727CB0197F908950E947877A59FEB
:20EEE000900DB49F900DA49F800D911D11240895A29FB001B39FC001A39F700D811D11249E
:20EF0000911DB29F700D811D1124911D08955058BB27AA270E949F770C9433770E942577BC
:20EF200038F00E942C7720F039F49F3F19F426F40C9422770EF4E095E7FB0C941C77E92F45
:20EF40000E94447758F3BA17620773078407950720F079F4A6F50C9466770EF4E0950B2EE9
:20EF6000BA2FA02D0B01B90190010C01CA01A0011124FF27591B99F0593F50F4503E68F1F0
:20EF80001A16F040A22F232F342F4427585FF3CF469537952795A795F0405395C9F77EF4BE
:20EFA0001F16BA0B620B730B840BBAF09150A1F0FF0FBB1F661F771F881FC2F70EC0BA0FC7
:20EFC000621F731F841F48F4879577956795B795F7959E3F08F0B0CF9395880F08F0992778
:20EFE000EE0F9795879508950E94257760F080E891E009F49EEF0E942C7728F040E851E088
:20F0000071F45EEF0CC00C9422770C946677E92FE0780E94447740F3092E052AB1F3261775
:20F0200037074807590738F00E2E07F8E02569F0E025E0640AC0EF6307F8009407FADB014D
:20F04000B9019D01DC01CA01AD01EF930E947D780E9433770E9437785F91552339F02BEDA3
:20F060003FE049E450FD49EC0C9488770895DF93DD27B92FBF7740E85FE3161617064807F0
:20F080005B0718F4D92F0E943A799F938F937F936F930E944279E4EEF0E00E940E790E9473
:20F0A00033772F913F914F915F910E94BF76DD2351F09058A2EA2AED3FE049EC5FE3D078C5
:20F0C0005D270E949F77DF910C9433770E947A780C9433770E942C7758F00E94257740F061
:20F0E00029F45F3F29F00C941C7751110C9467770C9422770E94447768F39923B1F3552360
:20F1000091F3951B550BBB27AA2762177307840738F09F5F5F4F220F331F441FAA1FA9F30B
:20F1200035D00E2E3AF0E0E832D091505040E695001CCAF72BD0FE2F29D0660F771F881FFE
:20F14000BB1F261737074807AB07B0E809F0BB0B802DBF01FF2793585F4F3AF09E3F510579
:20F1600078F00C941C770C9467775F3FE4F3983ED4F3869577956795B795F7959F5FC9F7AB
:20F18000880F911D9695879597F90895E1E0660F771F881FBB1F621773078407BA0720F01A
:20F1A000621B730B840BBA0BEE1F88F7E09508950E94DF786894B1110C94677708950E94EE
:20F1C0004C7788F09F5798F0B92F9927B751B0F0E1F0660F771F881F991F1AF0BA95C9F7D2
:20F1E00014C0B13091F00E946677B1E008950C946677672F782F8827B85F39F0B93FCCF3CC
:20F20000869577956795B395D9F73EF490958095709561957F4F8F4F9F4F0895DF93CF9341
:20F220001F930F93FF92EF92DF927B018C01689406C0DA2EEF010E94BF76FE01E894A591AC
:20F240002591359145915591A6F3EF010E949F77FE019701A801DA9469F7DF90EF90FF90AA
:20F260000F911F91CF91DF9108950E94887608F48FEF08959B01AC0160E070E080E89FE357
:20F280000C9466789B01AC010C94AC760E948876880B990B0895A1E21A2EAA1BBB1BFD010D
:20F2A0000DC0AA1FBB1FEE1FFF1FA217B307E407F50720F0A21BB30BE40BF50B661F771FC4
:20F2C000881F991F1A9469F760957095809590959B01AC01BD01CF010895EE0FFF1F881F57
:20F2E0008BBF0790F691E02D1994B7FF0C946D770E946D77821B930B08954F925F926F9281
:20F300007F928F929F92AF92BF92CF92DF92EF92FF920F931F93CF93DF938C01009799F43B
:20F32000CB01DF91CF911F910F91FF90EF90DF90CF90BF90AF909F908F907F906F905F902C
:20F340004F900C94EB70FC01E60FF71F9C0122503109E217F30708F4AEC0D901CD91DC9180
:20F360001197C617D70720F1C530D10578F0CE0104978617970750F0C61BD70B2297C19331
:20F38000D1936D937C93CF010E948771C801DF91CF911F910F91FF90EF90DF90CF90BF907C
:20F3A000AF909F908F907F906F905F904F9008955B01AC1ABD0A4C018C0E9D1EA091D11D9D
:20F3C000B091D21D512C412CF12CE12C109731F58091CF1D9091D01D8815990509F05CC0C1
:20F3E0004616570608F058C080916A0290916B02009741F48DB79EB740916E0250916F0241
:20F40000841B950BE817F90708F055C0F093D01DE093CF1DF90171836083B8CF8D919C912F
:20F42000119712966C90129713967C901397A815B90559F56C0142E0C40ED11CCA14DB04A4
:20F4400020F1AC014A195B09DA011296159780F06282738251834083D9016D937C93E1143A
:20F46000F10471F0D7011396FC93EE9312978ECF22968C0F9D1FF90191838083F301EFCFCD
:20F48000F093D21DE093D11D81CF4816590608F42C017D01D3019ACFCB010E94EB707C0162
:20F4A000009749F0AE01B8010E946E7AC8010E94877187016BCF10E000E068CF911108951F
:20F4C00081548A5108F4805E855A08959111089581568A5108F4805285580895FB01DC0114
:20F4E00002C001900D9241505040D8F70895FC018191861721F08823D9F799270895319730
:20F50000CF010895FB01DC018D91019080190110D9F3990B0895FB01DC0101900D92002016
:20F52000E1F70895FB01DC014150504030F08D910190801919F40020B9F7881B990B089533
:20F54000FB0151915523A9F0BF01DC014D9145174111E1F759F4CD010190002049F04D91D8
:20F5600040154111C9F3FB014111EFCF81E090E00197089516E0C6E8D6E000E006C0802F67
:20F58000FE010E946D792196011DC738D10780E00807A9F7F894FFCFFFFFFFFF01010101CF
:20F5A0009A99993E0000F0420000F0420000F0420000F04264701700007017000012006F86
:20F5C00012833BEC51383E82A87BB9FB09FB09FB09FB09FB09FB09FB09FB096F12033BCD9E
:20F5E000CCCC3C00000C4200000C420000000101000000010101004E01680000803F000020
:20F60000803E0000D51D800014283C506496C80A0F14191E23282D32373C41464B50FC1879
:20F620000919FE185C035803530300000000CE0AFC09290A360B8C0A380A7E0A00000000D1
:20F64000F80DCB0D4A0EA80DF206B80DA90D0D0A006E616E00696E66006F7666005B4D5079
:20F66000555D2043616C696272616E646F206F6666736574732E2E2E2028726F626F742097
:20F6800071756965746F29002020546F6D616E646F2000206D756573747261732E2E2E005A
:20F6A0005B4D50555D2043616C696272616369C3B36E20636F6D706C65746164613A00208E
:20F6C000204779726F206F66667365747320284C5342293A20583D0020593D00205A3D00A1
:20F6E0002020416363656C206F66667365747320284C5342293A20583D004200E29AA0EF4A
:20F70000B88F20486162696C6974616E646F20726F626F742070617261206D6F76696D6968
:20F72000656E746F2E2E2E0054206C696E3D302E30303020616E673D302E303030204C704A
:20F74000776D3D30205270776D3D30204C72706D3D30205272706D3D30204C643D4620520A
:20F76000643D460054206C696E3D0020616E673D00206863773D00206863653D00206779EF
:20F78000723D002067797A3D00204C70776D3D00205270776D3D00204C72706D3D00205299
:20F7A00072706D3D00204C6672706D3D0020526672706D3D00204C66733D00205266733DF1
:20F7C00000204C7472706D3D0020527472706D3D00204C70693D00205270693D0020504988
:20F7E0003D00204C643D002052643D0053C38D20E2809420276862206F6E272070617261FA
:20F8000020726561637469766172004E4F2044455445435441444F0063616C2066726F6EB8
:20F82000740063616C20726561720063616C0066726F6E74200066726F6E74090072656177
:20F8400072200072656172090073746174003D3D3D3D3D3D2042414C414E434520414E5430
:20F86000492D4341C38D4441203D3D3D3D3D3D005B42414C5D2041637469766F3A20202084
:20F88000202020005B42414C5D204361C3AD646F3A20202020202020005B42414C5D204D6C
:20F8A00050553A202020202020202020005B42414C5D205069746368206162733A202020BA
:20F8C00000C2B0005B42414C5D204572726F722070697463683A20005B42414C5D2047790C
:20F8E000726F593A2020202020202000C2B02F73005B42414C5D20436F727265636369C30C
:20F90000B36E3A202000206D2F73005B42414C5D20436D6420626173653A20202020763D3A
:20F920000020773D005B42414C5D20536574706F696E743A20202020005B42414C5D204B4A
:20F94000703D0020204B643D006B7020006B7009006B6420006B64090054494D454F555401
:20F96000004F555450555400494E5055540073656C667465737400636865636B0070726F4D
:20F9800074656374206F6E0070726F74656374206F66660070726F7465637420726573658E
:20F9A000740068620068630066696C7465722000686320656E61626C65643D0020686F6C42
:20F9C000643D00207265663D00207961773D00207261773D00206779726F3D00206269612D
:20F9E000733D0020616C7068613D00206E6F6973653D00206F75743D00666C6F6F72200082
:20FA00006B204641494C2073746F70206265666F72652070726F66696C65206368616E6794
:20FA200065006B20666C6F6F723D00736D6F6F7468006C6567616379006B20736D6F6F74AB
:20FA4000683D006B20656E61626C65643D00204B705F763D00204B695F763D0020636F7237
:20FA6000723D5B2D002C2B005D0070204F4B2070776D3D00702053544F5000712046414989
:20FA80004C2075736167653D71204C7C522070776D0071204641494C207369646500712086
:20FAA0004F4B20736964653D0020523D00204F4C3D00204F523D006A204F4B2075733D009C
:20FAC0006C6566747363616C6520006A204641494C2073746F70206265666F72652073633E
:20FAE000616C65206368616E6765006A204641494C207363616C652072616E6765203530CE
:20FB00002E2E313030006A206C6566747363616C653D006A2053544154204C75733D002007
:20FB20005275733D00204C7261773D00204C6163633D00204C72656A3D0020527261773DA8
:20FB40000020526163633D00205272656A3D006A205245534554204F4B007520002074618E
:20FB6000726765743D0020484C3D002048523D00206572724C3D0020657272523D00207232
:20FB800065764C3D0020726576523D00206D733D006420444941475F53544152542070773B
:20FBA0006D3D363020333030306D7300642050494E204C3D0020743D006420444941475F95
:20FBC000454E44204C5F70756C7365733D0020525F70756C7365733D000A3D3D3D2043419B
:20FBE0004C494252414349C3934E20504944203D3D3D00456E7669613A204B50203C76617C
:20FC00006C6F723E2C204B49203C76616C6F723E2C204B44203C76616C6F723E00456A650E
:20FC20006D706C6F3A204B5020322E3000457363726962652027455849542720706172613E
:20FC40002073616C6972004B5020004B4920004B4420004B503D00204B493D00204B443D96
:20FC60000046696E2063616C696272616369C3B36E205049440A00E29C8520456E636F64B6
:20FC80006572732072657365746561646F730072204F4B007320007A2050494E5F53544144
:20FCA0005455535F5354415254007A204C2050574D5F70696E3D3436204449525F70696E6F
:20FCC0003D3532204252414B455F70696E3D35302053544F505F70696E3D343800207C2042
:20FCE0004449523D00204252414B453D00204252414B455F6D6F64653D002053544F503DBD
:20FD0000002053544F505F6D6F64653D00206272616B65643D007A20522050574D5F70693E
:20FD20006E3D3434204449525F70696E3D3330204252414B455F70696E3D32382053544F83
:20FD4000505F70696E3D3236007A2048414C4C204C5F70696E3D313920525F70696E3D310E
:20FD60003800207C204C3D00204C5F746F74616C3D0020525F746F74616C3D00204C5F726B
:20FD8000706D3D0020525F72706D3D007A2053544154453D0020726F73325F636F6E6E657C
:20FDA000637465643D007A2050494E5F5354415455535F454E4400782053574545505F529F
:20FDC000494748545F535441525400782050574D3D00204F435235413D0020544343523509
:20FDE000413D307800202E2E2E002070756C7365733D00207472616E733D0078205357452E
:20FE000045505F52494748545F454E4400582053574545505F4C4546545F535441525400C7
:20FE2000582050574D3D00204F435235433D00582053574545505F4C4546545F454E4400A4
:20FE400066204155544F43414C5F46465F53544152540066204155544F43414C5F46465F62
:20FE6000454E4400662050574D3D00204C465F72706D3D002052465F72706D3D00204C4206
:20FE80005F72706D3D002052425F72706D3D00662046465F4C4546545F4741494E3D002061
:20FEA00046465F52494748545F4741494E3D002046465F4C4546545F4257443D00204646C3
:20FEC0005F52494748545F4257443D00662028636F706961206573746F732076616C6F7280
:20FEE00065732061207069645F636F6E74726F6C2E682079207265666C6173686561207062
:20FF000061726120706572736973746972290079204D494E494D414C5F544553545F53543A
:20FF200041525400792050574D3D0079204D494E494D414C5F544553545F454E44003F203C
:20FF4000556E6B6E6F776E20524F533220636F6D6D616E643A2000444553434F4E4F43497B
:20FF6000444F004849474820284144454C414E544529004C4F572028415452C3815329003E
:20FF800048494748004C4F57002028464C4F54414E54452F454E41424C45290020284449D6
:20FFA0005341424C45290048494748202841435449564F29004C4F572028494E4143544968
:20FFC000564F2900E29C852053C38D00E29D8C204E4F00F09F94922053C38D00F09F949397
:20FFE000204E4F00F09F9B912053C38D00E296B6EFB88F204E4F00746600746620007466F7
:020000040001F9
:2000000020737461747573007466206F6E2031007466206F66662031007466206F6E203245
:20002000007466206F66662032007466206F6E20005052554542410053495354454D41204D
:20004000444520434F4D414E444F532046554E43494F4E414E444F20434F525245435441DC
:200060004D454E544500436F6D616E646F205445535420726563696269646F2079207072EA
:200080006F63657361646F204F4B0048454C500043414C4942524143494F4E005049445F4C
:2000A00043414C494252415445005054455354000A3D3D3D2043414C494252414349C39378
:2000C0004E204155544F4DC381544943412047454E4552414C203D3D3D00456C69676520CC
:2000E0007469706F3A2056454C2C20504F532C20414E4700456A656D706C6F3A2056454C96
:20010000003D3D3D204155544F2043414C494252414349C3934E205049442056454C4F43FB
:2001200049444144203D3D3D00204572726F723D003D3D3D204D454A4F52205049442056A8
:20014000454C4F4349444144203D3D3D00504F53003D3D3D204155544F2043414C494252C4
:20016000414349C3934E2050494420504F53494349C3934E203D3D3D003D3D3D204D454AFC
:200180004F522050494420504F53494349C3934E203D3D3D003D3D3D204155544F204341AB
:2001A0004C494252414349C3934E2050494420414E47554C4152203D3D3D003D3D3D204D83
:2001C000454A4F522050494420414E47554C4152203D3D3D004F7063696F6E65733A205601
:2001E000454C2C20504F532C20414E472C20455849540046696E2063616C696272616369B1
:20020000C3B36E206175746F6DC3A1746963610A00F09FA7AA2050525545424120444952E7
:200220004543544120444520504F53494349C3934E202853494E20504944290048616269A1
:200240006C6974616E646F20726F626F742E2E2E0041706C6963616E646F2050574D3D35D2
:2002600030206120616D626F73206D6F746F7265732C2064697265636369C3B36E204144CA
:20028000454C414E544500E29C85204D6F746F72657320616374697661646F7320636F6E5B
:2002A0002050574D3D353000E28FB1EFB88F204D6F76696D69656E746F20706F7220322006
:2002C000736567756E646F732E2E2E00F09F9B9120446574656E69656E646F2E2E2E00E2E6
:2002E0009C932050727565626120636F6D706C657461646100565445535400F09FA7AA2080
:200300005052554542412056454C4F434944414420434F4E54494E5541202853494E205050
:200320004944290041706C6963616E646F2050574D3D3330206120616D626F73206D6F74A5
:200340006F72657320636F6E74696E75616D656E746500E29AA0EFB88F20456C20726F62C4
:200360006F74207365206D6F766572C3A120636F6E74696E75616D656E746520686173748B
:20038000612071756520656E76C3AD65732053544F5000E29C85204D6F746F7265732061ED
:2003A0006374697661646F7320636F6E2050574D3D333000F09F93A220456E76C3AD6120CE
:2003C00053544F50207061726120646574656E657200504152415200454D455247454E4350
:2003E0005900454D455247454E4349410052454C45415345004C494245524152004D4F54E2
:200400004F525F535441545553005341464554595F4F4E0053697374656D612064652073DE
:20042000656775726964616420414354495641444F005341464554595F4F464600536973D7
:2004400074656D612064652073656775726964616420444553414354495641444F00494E56
:20046000484142494C4954415200424C4F51554541520045535441444F0053544154450050
:200480005052554542412D544F54414C00544553542D544F54414C004144004154524153FB
:2004A000004154004352554345200043525543450043525543452D444552004352554345B7
:2004C0002D495A510048414C4C5F494E464F0048414C4C5F44454255470048414C4C5F5494
:2004E0004553540048414C4C5F52455345540044454255475F4F4E0044454255475F4F464F
:20050000460053544F505F44454255470053595354454D5F50494E5300414C4C5F50494EEC
:2005200053003D3D3D3D3D3D3D3D3D3D3D3D3D3D3D3D3D3D3D3D3D3D3D3D3D3D3D3D3D3D42
:200540003D3D3D3D3D3D3D3D3D3D3D3D3D3D3D3D3D00F09F948D2045535441444F20434F4C
:200560004D504C45544F2044452050494E45532044454C2053495354454D4100F09F94A76D
:200580002050494E455320444520434F4E54524F4C204445204D4F544F5245533A00E29430
:2005A00080E29480E29480E29480E29480E29480E29480E29480E29480E29480E29480E23D
:2005C0009480E29480E29480E29480E29480E29480E29480E29480E29480E29480E294806B
:2005E000E29480E29480E29480E29480E29480E29480E29480E29480E29480E29480E294E9
:2006000080E29480E29480E29480E29480E29480E29480E29480E29480E29480E29480E2DC
:200620009480E29480E29480E2948000F09F938A2050574D202856656C6F63696461642908
:200640003A00202050574D5F4C4546545F4D4F544F5220202850696E2000293A2000202838
:20066000302D313032332900202050574D5F52494748545F4D4F544F52202850696E20009E
:20068000E29EA1EFB88F2044495245434349C3934E3A0020204449525F4C4546545F4D4F6E
:2006A000544F5220202850696E200020204449525F52494748545F4D4F544F5220285069A9
:2006C0006E2000F09F9B912050494E45532053544F502028454E41424C452F44495341424B
:2006E0004C45293A00202053544F505F4C4546545F4D4F544F5220202850696E2000202017
:2007000053544F505F52494748545F4D4F544F52202850696E2000F09F94922050494E4536
:2007200053204252414B4520284652454E4F293A0020204252414B455F4C4546545F4D4F92
:20074000544F5220202850696E200020204252414B455F52494748545F4D4F544F5220283B
:2007600050696E2000F09F938A2050494E45532044452053454E534F5245533A00F09FA73C
:20078000B22053454E534F5245532048414C4C202856656C6F6369646164293A0020204816
:2007A000414C4C5F4C4546545F4D4F544F5220202850696E2000202048414C4C5F52494795
:2007C00048545F4D4F544F52202850696E20002020436F6E7461646F7265732048616C6C0B
:2007E0003A20497A713D002C204465723D00F09F9181EFB88F204F50544F454E434F4445A3
:2008000052532028506F73696369C3B36E293A0020204F50544F5F4C4546545F4D4F544F93
:200820005220202850696E200020204F50544F5F52494748545F4D4F544F52202850696EF9
:200840002000F09F8E9BEFB88F2050494E455320444520434F4E54524F4C20414449434987
:200860004F4E414C45533A002020284E696E67C3BA6E2070696E2061646963696F6E616C72
:2008800020636F6E666967757261646F2061637475616C6D656E74652900F09F92BE204587
:2008A000535441444F5320494E5445524E4F532044454C2053495354454D413A00F09F9450
:2008C000A72045737461646F204D6F746F7220497A7175696572646F3A00202048616269F6
:2008E0006C697461646F3A200020204672656E61646F3A20002020446574656E69646F3A22
:200900002000202050574D2041637475616C3A2000F09F94A72045737461646F204D6F7415
:200920006F72204465726563686F3A00F09F938820494E464F524D414349C3934E20444513
:200940004C2053495354454D413A00E29AA120566F6C74616A652064656C2073697374652C
:200960006D613A20004E6F20636F6E666967757261646F00F09F9590205469656D706F207F
:2009800064652066756E63696F6E616D69656E746F3A200020736567756E646F7300F09F1E
:2009A00092BE204D656D6F726961206C696272653A200020627974657300F09F8EAF2043FF
:2009C0004F4D414E444F533A2053595354454D5F50494E532C20414C4C5F50494E532C2024
:2009E00050494E535F434F4D504C45544500F09F939D20457374612066756E6369C3B36E80
:200A000020736520657870616E6465206175746F6DC3A1746963616D656E74650020202015
:200A20006375616E646F2061677265676173206E7565766F732070696E657320616C2073C3
:200A4000697374656D61005B4D50555D20496E696369616C697A616E646F204D505539328E
:200A600035302F363530302E2E2E005B4D50555D2053656E736F7220656E636F6E747261CF
:200A8000646F20656E2064697265636369C3B36E203078363920284144303D564343290043
:200AA0005B4D50555D204552524F523A204E6F20736520646574656374C3B320656C207340
:200AC000656E736F722E2057484F5F414D5F493D3078005B4D50555D2056657269666963A7
:200AE0006120636F6E657869C3B36E205344412870696E3230292053434C2870696E323145
:200B000029207920616C696D656E74616369C3B36E20332E3356005B4D50555D2053656EFE
:200B2000736F722064657465637461646F2E2057484F5F414D5F493D3078005B4D50555D34
:200B4000205469706F3A204D505539323530005B4D50555D205469706F3A204D50553635A0
:200B60003030005B4D50555D205469706F3A204D50553630353020636F6D70617469626CBD
:200B800065005B4D50555D20436F6E6669677572616369C3B36E2061706C69636164613A4F
:200BA000002020444C50463D3431487A20204779726F3DC2B1353030C2B02F73202041634D
:200BC00063656C3DC2B13467202053616D706C65526174653D323030487A000AF09FA49604
:200BE00020524F53322042524944474520494E494349414C495A41444F00202020457370CA
:200C00006572616E646F20636F6E657869C3B36E2064652052617370626572727920506935
:200C20002E2E2E0020202050726F746F636F6C6F3A20436F6D616E646F7320646520746599
:200C400078746F2073657269616C002020204261756420726174653A20313135323030006E
:200C600047474100524D430076200042206572723D002067793D0020636F723D0020626184
:200C800073653D002066696E3D0020666C3D0020726C3D00494E484142494C495441444FD3
:200CA00000424C4F51554541444F00007E858F859D2D8E010D5F1F4FB4E0EB2EF12C2AC09A
:200CC00029853A854B855C85211531054105510549F4AF81B8859E964D925D926D927C9235
:200CE000D19752C081149104A104B10429F4EFEFFFEFFA83E98302C09A82898228893D85C8
:200D00004E855F85B101C6018E010F5F1F4FA2E0EA2EF12CC988DA88F6011995882309F481
:200D20002BC129853A854B855C85215030404040504029873A874B875C87530142014F8D1F
:200D400058A169A17AA141505040604070404F8F58A369A37AA30894411C511C611C711C92
:200D6000CF8CD8A0E9A0FAA0C114D104E104F10409F065CEC984DA84EB84FC84C114D10489
:200D8000E104F10409F0F8C0982D892D2EA13FA148A559A5223031054105510508F4F5C0DE
:200DA00089019A01CBA0CC2009F471C08B829C82AD82BE82E12F922F832F202F3E2F492F38
:200DC000582F60E070E080E090E002E00E94AB0EFB89F20FA1E0F21708F0A0E02C89230F81
:200DE000E1E0231708F0E0E03A2F320FA1E0321708F0A0E0EA2BAD89A40F21E0A41708F0A2
:200E000020E04E2F4A0FE1E04A1708F0E0E02E2BEE89E50FA1E0E51708F0A0E0522F5E0F7B
:200E200021E05E1708F020E0A22B2F89260FE1E0261708F0E0E06A2F620FA1E0621708F0D8
:200E4000A0E0EA2BA88DA70F21E0A71708F020E07E2F7A0FE1E07A1708F0E0E02E2BA98D8C
:200E6000A80FE1E0A81708F0E0E0822F8A0F21E08A1708F020E0E22BDA8C9D0D2F2F9E0F77
:200E80008E010D5F1F4FF4E0EF2EF12C6FC0FC01F983EA83E12F922F832F202F3E2F492F0F
:200EA000582F60E070E080E090E001E00E94AB0EFB89F20FA1E0F21708F0A0E02C89230FA1
:200EC000E1E0231708F0E0E03A2F320FA1E0321708F0A0E0EA2BAD89A40F21E0A41708F0C1
:200EE00020E04E2F4A0FE1E04A1708F0E0E02E2BEE89E50FA1E0E51708F0A0E0522F5E0F9B
:200F000021E05E1708F020E0A22B2F89260FE1E0261708F0E0E06A2F620FA1E0621708F0F7
:200F2000A0E0EA2BA88DA70F21E0A71708F020E07E2F7A0FE1E07A1708F0E0E02E2BA98DAB
:200F4000A80FE1E0A81708F0E0E0822F8A0F21E08A1708F020E0E22BDA8C9D0D2F2F9E0F96
:200F60008E010F5F1F4FE2E0EE2EF12CC988DA88F6011995882349F48F819885B501A40143
:200F80000E949E82882499245401B401C501A9960FB6F894DEBF0FBECDBFDF91CF911F9150
:200FA0000F91FF90EF90DF90CF90BF90AF909F908F907F906F905F904F903F902F900895D2
:200FC00089819A81009709F0BACE7ACE80E190E008952F923F924F925F926F927F928F9287
:200FE0009F92AF92BF92CF92DF92EF92FF920F931F93CF93DF93EC01009709F476C04230F9
:2010000051056105710508F470C042505040604070405A016B01288C398C9A01A60160E03E
:2010200070E080E090E05101CC24DD24EE24FF2400E010E00E945E0DFA8DEB8D2C8CAD8C4B
:201040000E8DBF8DA8A1D9A1F20F11E0F21708F010E0E30F21E0E31708F020E0312F3E0F71
:2010600011E03E1708F010E0212B240EE1E0241608F0E0E0422F420D21E0421508F020E001
:20108000E22BA50E21E0A51608F020E05E2F5A0DE1E05A1508F0E0E02E2BC62FC00FE1E022
:2010A000C61708F0E0E0622F6C0F21E06C1708F020E0E22BB70F21E0B71708F020E07E2FCC
:2010C0007B0FE1E07B1708F0E0E02E2BA80FE1E0A81708F0E0E0822F8A0F21E08A1708F04F
:2010E00020E0E22B9D0FE90F08C0F0E030E040E050E060E070E080E0E0E02F2F9E2FDF91FC
:20110000CF911F910F91FF90EF90DF90CF90BF90AF909F908F907F906F905F904F903F90BC
:201120002F9008955F926F927F928F929F92AF92BF92CF92DF92EF92FF920F931F93CF93D2
:20114000DF93CDB7DEB72D970FB6F894DEBF0FBECDBF6C01F701A081B18182819381809614
:2011600093838283F6018081853E11F0882319F4F701148226C1F60193859F3009F060C074
:20118000F7018481882321F0F6019585891709F185E3FD0111928A95E9F7F6018585F701EA
:2011A00084839D960C939D979E961C939E979F962C939F97D0963C93D097D1964C93D19796
:2011C000D2965C93D297D3966C93D397D4967C93D497F601808190E08F73907001972DE08A
:2011E00030E0829FA001839F500D929F500D1124BE016F5F7F4F82E092E02DE0FC01019011
:20120000CF01FB010192BF012150C1F7CE01019660E04F31510508F0D4C0FC017191CF01AF
:201220009D01240F351FF601E70FF11D7081F90170836F5F4F5F5F4F6D3009F4C2C0E9CFB2
:201240009C919923E9F0F701948056010894A11CB11C8824839490E0F50151905F013C019C
:201260007694762C662477946794959587958629850D8394FBE08F1671F7981609F46CC0D5
:2012800085E3FD0111928A95E9F79D960C939D979E961C939E979F962C939F97D0963C93C9
:2012A000D097D1964C93D197D2965C93D297D3966C93D397D4967C93D497B601CD0120E01E
:2012C000FB0130813032A9F0FC013083F601448543FF09C0FB014081413428F04B3518F415
:2012E000305EFC0130832F5F6F5F7F4F0196283039F78C91853011F485EE8C93F601808502
:20130000803231F1FD01E20FF11D8EE28083B601685F7F4F522F5C5F2F5FFB013081303264
:20132000B9F0CD01820F911DFC013083F601448544FF09C0FB014081413428F04B3518F4A5
:20134000305EFC0130832F5F6F5F7F4F251729F7FD01E20FF11D1082F601838590968C93F6
:2013600090970489158920E030E0980111270027428D538D60E070E0042B152B262B372BB2
:2013800095960D931D932D933C939897448D558D668D778D99964D935D936D937C939C9729
:2013A0008689978992969C938E939197808D918D94969C938E93939781E0F701858380E0CE
:2013C00001C081E02D960FB6F894DEBF0FBECDBFDF91CF911F910F91FF90EF90DF90CF90E5
:2013E000BF90AF909F908F907F906F905F9008952F923F924F925F926F927F928F929F92AF
:20140000AF92BF92CF92DF92EF92FF920F931F93CF93DF93CDB7DEB7A4970FB6F894DEBFEC
:201420000FBECDBF5B01009709F4BFC16115710509F4BBC1DC01ED91FC91248135813CA35C
:201440002BA3DB019D96BC91B9A3FB0136A447A450A861A872A883A8F4A9FAA3062FCB2C99
:20146000DB010D900020E9F711971A2F161B812F90E00C966DE070E00E94ABFF262ECE0103
:20148000019660E270E04BE050E00F944800C5016EE270E00F9480000097E1F0DC01119668
:2014A0002C9111972223B1F0BC016F5F7F4FDB010D900020E9F71197A61BB70B8A2F809516
:2014C000180FCE0109964A2FA43008F043E050E00F943F00193098F4CE010196602F7C2D8A
:2014E000412F50E00F943F00F50180818E3251F581818E3209F48281882319F123C0DE0134
:201500001196E02FFC2D88E001900D928150E1F7D50195962C919597822F90E034E0959562
:2015200087953A95E1F7203A10F4805D01C08F598F832F702A3010F4205D01C02F59288780
:2015400001C022248981853E11F485E0898385E1FE013C96DF011D928A95E9F7F50180A165
:201560008C8781A192A1988F8F8B83A194A19A8F898F85A196A1A7A1B0A5BE8BAD8B9C8F82
:201580008B8F81A592A5A3A5B4A58D8F9E8FAF8FB8A3022D10E025E0000F111F2A95E1F757
:2015A00020E030E040E050E060E070E0D9A0D00E91E0D01608F090E0812F830DB1E08117BC
:2015C00008F0B0E0C92EC80E91E0C81608F090E0B92BA1E0421608F0A0E0B40D81E0B415DF
:2015E00008F080E0A82BF1E0531608F0F0E0A50D81E0A51508F080E0F82BE1E0641608F043
:20160000E0E0F60D81E0F61508F080E0E82B81E0751608F080E0E70D91E0E71508F090E023
:20162000892B91E0861608F090E0880D21E0881508F020E0922B2D2D3C2D4B2F5A2F6F2F35
:201640007E2FFAA19F0F6E010894C11CD11C8601E0E2EE2EF12CABA1BCA1FD01199588233D
:2016600009F4A3C0998020E030E0892D90E0AC015695542F44275795479595958795942E65
:20168000982AF601E20FF31F8181980E2F5F3F4F2A30310551F7C22CFFE0DF2E81C0CE0108
:2016A00001966FEF70E040E250E00F9448008C2D90E00197EDE0F0E08E9FD0018F9FB00D61
:2016C0009E9FB00D1124AA0DBB1D81E0E1E0F0E0EC0FFD1FE80FF11D9C919083982F9F5F39
:2016E000E1E0F0E0EC0FFD1FE90FF11D10828E5F8B3019F08A3121F402C08EE001C08CE1CB
:201700009D91992311F08F3108F3C982C21419F48C2D80648983DC869E861D861B8E1C8ED0
:2017200029A1332DA201B301882D9AA18E010F5F1F4FE0E2EE2EF12CABA1BCA1FD0119957D
:2017400079A1705E61E0B9A17B1708F060E0630D51E0631508F050E0540D41E0541508F018
:2017600040E0450D31E0451508F030E0360D21E0361508F020E0270D91E0271508F090E0B4
:20178000980D81E0981508F080E079A3362E452E542E632E722E892EEAA1E80FEAA3CA9474
:2017A000CC2009F07CCF81E001C080E0A4960FB6F894DEBF0FBECDBFDF91CF911F910F91D6
:2017C000FF90EF90DF90CF90BF90AF909F908F907F906F905F904F903F902F9008958F9229
:2017E0009F92AF92BF92CF92DF92EF92FF920F931F93CF93DF93CDB7DEB760970FB6F894B9
:20180000DEBF0FBECDBF8C010E94E987DE011196E0E1EE2EFD011192EA94E9F7F801C08098
:20182000D180E08CF18CF601868097808D010F2EF6EECF2EF7E8DF2EF02DAA24BB24F40103
:20184000199560960FB6F894DEBF0FBECDBFDF91CF911F910F91FF90EF90DF90CF90BF9052
:20186000AF909F908F9008952F923F924F925F926F927F928F929F92AF92BF92CF92DF9212
:20188000EF92FF920F931F93CF93DF93CDB7DEB765970FB6F894DEBF0FBECDBF9B838A8387
:2018A0009B01009709F442C24115510509F43EC2DA010D900020E9F7CD01841B950B0B9625
:2018C0006DE070E00E9497FF6F5F6D8BD9018D919D910D90BC91A02D8C839D83AE83BF83EE
:2018E000AA81BB81ED91FC91119780852C813D814E815F81211531054105510561F48B3097
:2019000019F59A968D919D910D90BC91A02D8C839D83AE83BF831D861E861F86188A198AB3
:201920001A8A1B8A1C8A2224DD24CC24BB24AA24992488247724522C4D2C3C2CB886A98604
:201940009A868B86672CF0C1EA81FB8122A0D3A0C4A0B5A0A6A097A080A471A4F28DFD8784
:20196000AA81BB815B96BC91BE87EA81FB81F48DFF87AA81BB815D96BC91B88BEA81FB81BE
:20198000F68DF98BAA81BB815F96BC91BA8BEA81FB81F0A1FB8BAA81BB819196BC91BC8B32
:2019A000CACFED852E1609F038C1FE85DF1609F034C12F85C21609F030C13889B31609F087
:2019C0002CC14989A41609F028C15A89951609F024C18B89881609F020C19C89791609F007
:2019E0001CC12C813D814E815F81211531054105510509F49BC1D228DC28DB28DA28D9288B
:201A0000D828D72809F4B4C08A819B81BA01A9010E941C81DC01CB010097A105B10509F0F6
:201A2000A3C08A819B814C815D816E817F8101E010E020E030E00E9490846C837D838E83EB
:201A40009F83611571058105910509F46FC1DC01CB010297A109B1095C016D01AA81BB8157
:201A600058962D903C9059979501A60160E070E080E090E05101CC24DD24EE24FF2400E00A
:201A800010E00E945E0DEA81FB81528CC38CA48D058DD68CB78DB0A0A1A0520E442443949C
:201AA000521608F04424C30E21E0C31608F020E04C0C31E04C1408F030E0232BA40F31E0D8
:201AC000A41708F030E0322E3A0E21E03A1608F020E0322B050F21E0051708F020E0A32FFA
:201AE000A00F31E0A01708F030E0232B462F4D0D31E0461708F030E0622F640F21E0641754
:201B000008F020E0322B572F5B0F21E0571708F020E0350F41E0351708F040E0242B482F8A
:201B20004B0D51E0481708F050E0240F81E0241708F080E0652E682AEA2DE90FA88769871B
:201B40003A872B876E0E2C813D814E815F81223031054105510508F4F1C08A819B81BA01C9
:201B6000A9010E94EF8BEAC08C839D83AE83BF838A819B814C815D816E817F810E94E98780
:201B8000222ED32EC42EB52EA62E972E882E792EAA81BB8158968D919C9159978C01E22DFD
:201BA000E80FF1E0E21508F0F0E09D2D910F21E09D1508F020E06F2F690F81E0691708F09A
:201BC00080E0822B8C0D51E08C1508F050E05B0D41E05B1508F040E04A0D31E04A1508F095
:201BE00030E0390D21E0391508F020E0280D91E0281508F090E0ED876E878F87588B498BC7
:201C00003A8B2B8B970D9C8B522C4D2C3C2CB886A9869A868B86672C1C86AA81BB81ED9167
:201C2000FC910190F081E02D222D3D2D4C2D5B2D6A2D792D882D972D8E010F5F1F4FEE241B
:201C4000FF24E3941995882309F470C08981853E11F08823A1F5BC85BF5FBC87ED89BE1768
:201C600008F06CC0722D705E61E0721508F060E06D0D51E06D1508F050E05C0D41E05C1583
:201C800008F040E04B0D31E04B1508F030E03A0D21E03A1508F020E0290D91E0291508F0EF
:201CA00090E0980D81E0981508F080E0272ED62EC52EB42EA32E922E892E780E72CE522DEE
:201CC000505E44244394521508F044244D0C332433944D1408F033243C0C41E03C1408F078
:201CE00040E04B0D31E04B1508F030E03A0D21E03A1508F020E0290D91E0291508F090E017
:201D0000980D81E0981508F080E0552E488739872A879B87682E670C252ED42CC32CB42EA6
:201D2000A32E922E892E762C1C863BCE552444243324188619861A861B866624252D342D1B
:201D4000432D588569857A858B85962D65960FB6F894DEBF0FBECDBFDF91CF911F910F9114
:201D6000FF90EF90DF90CF90BF90AF909F908F907F906F905F904F903F902F9008952F92E3
:201D80003F924F925F926F927F928F929F92AF92BF92CF92DF92EF92FF920F931F93CF9310
:201DA000DF93CDB7DEB7C854D0400FB6F894DEBF0FBECDBF9FA38EA3009769F0DC0114963B
:201DC0008D919C911597009731F016968D919C911797009711F484E009C01092931580918B
:201DE000941590919515009721F08FE0809393158AC382E3E4E9F5E1DF011D928A95E9F7BA
:201E0000EEA1FFA1F0939515E093941581849284A384B4849401A50160E070E080E090E035
:201E200009E00E94AB0E322E38A749AB5AAB6BAB7CAB8DAB25969FAF2597255F31E023151F
:201E400008F030E0F8A53F0F41E03F1708F040E0E9A84E0D51E04E1508F050E0FAA85F0D4A
:201E600061E05F1508F060E00BA9600F71E0601708F070E01CA9710F81E0711708F080E0BC
:201E80009DA9890F91E0ADA98A1708F090E0AEA1BFA1ED91FC912596BFAD25979B0F8E01BE
:201EA0000F5F1F4FB5E2EB2EF12C1995882319F48091951656C0E981FA81F9AFE8AFEC80B1
:201EC000FD80FFAAEEAAFB802296FFAE22972E800F81188524961FAF0EAF249789859A85A3
:201EE0002C853D8521963FAF2EAF21978E889F88A88CB98C4A8D5B8D6C8D7D8D4AAF5BAFBA
:201F00006CAF7DAFEAA0FBA00CA11DA12996ECAEFDAE0EAF1FAF299781149104A104B10417
:201F200039F4009711F48BE01CC04C01AA24BB2421960EAD1FAD21970115110541F09801AB
:201F400040E050E02AAF3BAF4CAF5DAF11C06AAD7BAD8CAD9DAD611571058105910541F497
:201F60008EE0809393151092951510929415CBC2EEA9FFA9CF01A0E0B0E075016401C81A38
:201F8000D90AEA0AFB0A222D30E040E050E06AAD7BAD8CAD9DAD0E946CFFDC01CB01C81A5C
:201FA000D90AEA0AFB0A88AD99AD019724962EAD3FAD2497E5E0220F331FEA95E1F7820FC6
:201FC000931F68AD79AD0E9497FFCB01A0E0B0E0C81AD90AEA0AFB0A2296FFAD22972F2FC7
:201FE00030E040E050E0C701B6010E94BEFF29013A01253F0FE0300700E0400700E0500756
:2020000010F48DE0AECF253F1FEF310710E0410710E0510738F486E0AEA1BFA118968C939A
:20202000189704C08BE0EEA1FFA180878CE2E6E9F5E1DF011D928A95E9F708AD19AD7801F7
:2020400000E010E020E030E040E050E0E9A6FAA60BA71CA72DA73EA74FA758AB9401A501BF
:2020600060E070E080E090E0A9A4BAA4CC24DD24EE24FF2400E010E00E945E0D20939615F4
:2020800030939715409398155093991560939A1570939B1580939C1590939D152EA93FA913
:2020A00040E050E060E070E080E090E0A9A4BAA4CC24DD24EE24FF240E945E0D320E3EAE66
:2020C000E1E0321608F0E0E0F8A5F30F21E0F31708F020E0EF0FEEAB31E0EF1708F030E0E7
:2020E000232BE9A9E40F31E0E41708F030E02E0F29AB21E049A94E1708F020E0322B4AA948
:20210000450F21E0451708F020E0340F3AAB31E05AA9541708F030E0232B4BA9460F31E0BF
:20212000461708F030E0240F2BAB21E06BA9641708F020E0322B4CA9470F21E0471708F0AA
:2021400020E0340F3CAB31E07CA9741708F030E0232B3DA9380F41E0381708F040E0230F57
:202160002DAB81E0231708F080E0482B25968FAD2597980F490F48A79EAD90939E15AEA908
:20218000A0939F15B9A9B093A015EAA9E093A115FBA9F093A215ECA8E092A315FDA8F0927F
:2021A000A4154093A515A30192012E5F3F4F4F4F5F4FAEA1BFA118961C911897163029F023
:2021C00064E070E080E090E004C062E070E080E090E00E946CFFDC01CB018093A6159093CE
:2021E000A715A093A815B093A915E8ADF9ADF093AB15E093AA152296FFAD22978F2F90E037
:20220000E8ACF9AC8E9D90018F9D300D9E9D300D11243093AD152093AC15222D30E040E03B
:2022200050E060E070E080E090E0A9A4BAA4CC24DD24EE24FF2400E0163009F0DDC010E091
:202240000E945E0D21960EAD1FAD2197580100E010E00E945E0D8EAC820EE1E0821608F02A
:20226000E0E02EA9230F11E0231708F010E02E2E220E31E0221608F030E0132B29A9240F62
:2022800031E0241708F030E0120F41E0121708F040E0342B4AA9450F21E0451708F020E06C
:2022A000F32EF40E31E0F41608F030E0232B4BA9460F31E0461708F030E0E22EE40E21E0C8
:2022C000E41608F020E0322B4CA9470F21E0471708F020E0D32ED40E31E0D41608F030E027
:2022E000232B3DA9380F41E0381708F040E0C22EC30E81E0C31608F080E0B42EB82A28A5F7
:20230000920FB90E8092B6152092B7151093B815F092B915E092BA15D092BB15C092BC15A4
:20232000B092BD152496EEADFFAD24979F0140E050E060E070E080E090E005E00E94AB0E3D
:20234000280DA1E0281508F0A0E0320DF1E0321508F0F0E0A30FE1E0A31708F0E0E0FE2BE5
:20236000410FE1E0411708F0E0E0F40F31E0F41708F030E0E32B5F0D31E05F1508F030E00E
:20238000E50F41E0E51708F040E0342B6E0D41E06E1508F040E0B32FB60F31E0B61708F001
:2023A00030E0432B7D0D31E07D1508F030E0470F51E0471708F050E0352B5C2D580F61E0CC
:2023C0005C1508F060E0350F81E0351708F080E0862BB90E8B0D2093AE15A093AF15F0930B
:2023E000B015E093B115B093B2154093B3153093B4158093B51584C010E00E945E0DEAACFA
:20240000FBAC0CAD1DAD1701280157016201EE24FF2400E010E00E945E0D8EAC820EE1E0F9
:20242000821608F0E0E0FEA9F30F21E0F31708F020E0EF0F31E0EF1708F030E0232BF9A993
:20244000F40F31E0F41708F030E0A22FAF0F21E0AF1708F020E0322B4AA9450F21E0451706
:2024600008F020E0F32FF40F31E0F41708F030E0232B4BA9460F31E0461708F030E0622F7D
:20248000640F21E0641708F020E0322B4CA9470F21E0471708F020E0340F51E0341708F09F
:2024A00050E0252B4DA9480F71E0481708F070E0522F540F81E0541708F080E0872BF8A401
:2024C0009F0D890F8092AE15E093AF15A093B015F093B1156093B2153093B3155093B4157A
:2024E0008093B51529960CAD1DAD2EAD3FAD29970093BE151093BF152093C0153093C11538
:2025000084E995E102C080E090E0C85BDF4F0FB6F894DEBF0FBECDBFDF91CF911F910F918E
:20252000FF90EF90DF90CF90BF90AF909F908F907F906F905F904F903F902F900895009745
:2025400019F0FC01118210820895CF93DF93FB010097E1F13097D1F120A124FF3CC036C01B
:20256000A8ECB5E1EF0125E309900D922150E1F79093C7158093C615ADEFB5E11092FD15E5
:2025800011961C92119712961C92129713961C92139714961C92149715961C92159716968A
:2025A0001C92169717961C92179745A156A167A170A54093051650930616609307167093BD
:2025C000081610920916CD01C79702C080E090E0DF91CF9108952091C6153091C715211592
:2025E0003105A1F7BDCFCF93DF93EC01009771F0FC01ED5BFF4F8081882331F0FE01819157
:202600009191BF010E94F88919821882DF91CF9108952F923F924F925F926F927F928F927C
:202620009F92AF92BF92CF92DF92EF92FF920F931F93CF93DF93CDB7DEB76F970FB6F8945B
:20264000DEBF0FBECDBF6C01788B6F875A874987009731F06115710519F04115510511F40F
:2026600084E0DEC11092931510929516DC01D796BC91B983FC01F0ADFA83DC01D996BC913D
:20268000BB83FC01F2ADFC83DC01DB96BC91BD83FC01F4ADFE83DC01DD96BC91BF83FC010B
:2026A000F6ADF887DC019B964D905D906D907C909E974B865C866D867E86E985FA852F011B
:2026C00066247724882499245401F981F40D41E0F41508F040E02A81250D31E0251508F03A
:2026E00030E0E42FE20F41E0E21708F040E0342B2B81260D41E0261508F040E0320F51E070
:20270000321708F050E0452B2C81270D51E0271508F050E0420F61E0421708F060E0562BBE
:202720002D81280D61E0281508F060E0520F71E0521708F070E0672B2E81290D71E0291597
:2027400008F070E0620F11E0621708F010E0712BEF80EA0C11E0EA1408F010E07E0D21E00A
:202760007E1508F020E0212B88858B0D280F6B847C848D849E84230134018824992454016D
:202780004D8A5E8A6F8A788E898E9A8EAB8EBC8EB216F0F02B1541F5A716D0F07A1521F579
:2027A0009616B0F0691501F5A98CA51688F05A15D9F4288D241760F04217B1F4631640F0CE
:2027C000361591F45E1620F0E51571F44F1660F44B845C8469807A80461857085A8649868F
:2027E0004114510409F4E5C1D601ED91FC911197408C518C5C864B86F601FF968080918009
:20280000A280B38081149104A104B10409F060C097968D909D90AD90BC909A9789818114F6
:202820009104A104B10491F4BA818B2BEB818E2BFC818F2B4D8084295E8085296F80862933
:202840007884872909F4B5C18AE0EAC02A81822B3B81832B4C81842B5D81852B6E81862BD9
:202860007F81872B9885892B99F149805A806B807C80498A5A8A6B8A7C8A6B847C847301AC
:2028800000E010E0442455243201B501A40111C0D6018D919C910E941C81AB01BC014E18F8
:2028A0005F08600A710A411551056105710509F483C189899A89AB89BC89840D951DA61D4F
:2028C000B71D8E159F05A007B10710F74A015B014B845C84089441085108E981FA814E228E
:2028E0005F2229843A849601215C3F4F3A8B298BDE8ECD8EAD8DBE8DCD90DC90C601B5013F
:20290000A4010E94E9874F8F052FF62E7D8B182FE92E6B847C84641875082614370408F40B
:202920003101F601C080D180A20160E070E080E090E0A0E0B0E049825A836B837C838D8325
:202940009E83AF83B887B42DB20F21E0B41508F020E08A81830F91E05A81851708F090E094
:20296000322F380F21E0381708F020E0922B2B81AF8D2A0F81E0EB812E1708F080E0492FA7
:20298000420F91E0421708F090E0892B9C81900F61E0FC819F1708F060E0582F590F81E048
:2029A000591708F080E0682B8D818F0D71E02D81821708F070E0680F91E0681708F090E063
:2029C000792B8E81AD898A0FA1E0EE818E1708F0A0E0780F91E0781708F090E0A92B8F8195
:2029E000810F91E0FF818F1708F090E0A80F21E0A81708F020E0922B18851E0DF601C0801D
:202A0000D1802B2F8A2F910F0F8518897301F6011995882341F480919516882309F4B4C0AC
:202A200080939315C9C02F853889260D371D388B2F8726183708A30160E070E080E090E05C
:202A4000A0E0B0E069825A836B837C838D839E83AF83B887AD8DBE8DD7968C91D797D89624
:202A60002C91D897D9964C91D997DA965C91DA97DB966C91DB97DC967C91DC97DD96AC911E
:202A8000ED8DFE8DB6ADF9818F0F31E08F1708F030E0EA812E0F91E02E1708F090E0132FEF
:202AA000120F31E0121708F030E0932B3B81340F21E04B81341708F020E0E92EE30E91E06D
:202AC000E31608F090E0292B3C81350F91E05C81351708F090E0522F530F21E0531708F0F8
:202AE00020E0922B3D81360F21E06D81361708F020E0692F630F91E0631708F090E0292B31
:202B00003E81370F91E07E81371708F090E0230F41E0231708F040E0942B4F814A0F31E0EC
:202B2000AF814A1708F030E0940F71E0941708F070E0372B48854B0F340FED8DFE8D87AB12
:202B400010AFE1AE52AF63AF24AF95AF36AFC301840D951D6B847C8486159705E0F080811A
:202B60009181B501A4010E941C814B015C01611571058105910569F4CD8CDE8CF601FF964C
:202B8000108211821282138289859A858219930915C044245524A989BA898D929D92AD92CB
:202BA000BC9213972114310409F0A4CE89859A8505C080E090E002C08FEF9FEF6F960FB6EE
:202BC000F894DEBF0FBECDBFDF91CF911F910F91FF90EF90DF90CF90BF90AF909F908F909B
:202BE0007F906F905F904F903F902F9008952F923F924F925F926F927F928F929F92AF92C5
:202C0000BF92CF92DF92EF92FF920F931F93CF93DF93CDB7DEB764970FB6F894DEBF0FBE88
:202C2000CDBF6C017E876D87588B4F87009709F455C06115710509F451C04115510509F49D
:202C40004DC0DC01D796BC91B983FC01F0ADFA83DC01D996BC91BB83FC01F2ADFC83DC01AE
:202C6000DB96BC91BD83FC01F4ADFE83DC01DD96BC91BF83FC01F6ADF887FC0183A594A5DB
:202C8000A5A5B6A58C019D0140E050E060E070E0F8857F1718F1F71719F55F806515F0F013
:202CA0005616F1F47E805715C8F07516C9F49D804915A0F09416A1F4BC803B1578F0B31652
:202CC00079F49B81291750F0921751F4BA811B1728F0B11729F4F9810F1710F484E04BC080
:202CE000D6018D919C911197FC01008CF18DE02DFC87EB87F601FF9680809180A280B3800F
:202D000081149104A104B10409F096C097968D909D90AD90BC909A9781149104A104B1042B
:202D200079F52981BA812B2BEB812E2BFC812F2B4D8024295E8025296F802629788427297E
:202D400009F05DC040E050E060E070E001E010E020E030E00E9490844B015C01D601979639
:202D60006D937D938D939C939A97611571058105910531F480E1809393158FEF9FEF52C25A
:202D8000F60177A960AD51AD42ADE3ADD601DC963C91DC97DD962C91DD97DE969C91DE974F
:202DA000872F862B852B842B8E2B832B822B892B09F442C09B01CA01432E522E692E782EF1
:202DC000EB85FC85AF0160E070E016016A017B012DC04C185D086E087F08D1018D919C91F4
:202DE000B501A4010E941C81DC01CB010097A105B105D1F4411451046104710411F08AE0E9
:202E0000BACFF10180819181B501A40101E010E020E030E00E9490844B015C01611571059D
:202E20008105910519F4A6CF4C015D014C145D046E047F0470F661012B843C840894210897
:202E4000310849805A80242035206F8478887A8669869601215C3F4F3A8B298BDC8ACB8A45
:202E6000AB89BC896D907C90C301B501A4010E94E987D42E152FF62EE72E082FC92E4B8423
:202E80005C8442185308E985FA85E415F50508F42F01D3016D907C90A10160E070E080E022
:202EA00090E0A0E0B0E029825A836B837C838D839E83AF83B887B22DB20F21E0B21508F01B
:202EC00020E08A81830F91E05A81851708F090E0322F380F21E0381708F020E0922B2B81AC
:202EE0002D0D81E06B81261708F080E0492F420F91E0421708F090E0892B9C81910F61E009
:202F00007C81971708F060E0582F590F81E0591708F080E0682B8D818F0D71E09D8189176A
:202F200008F070E0680F91E0681708F090E0792B8E818E0DA1E0EE818E1708F0A0E0780F98
:202F400091E0781708F090E0A92B8F81800F91E0FF818F1708F090E0A80F21E0A81708F028
:202F600020E0922B08850C0DF301C480D5802B2F8A2F900F0D851E857201F60119958823B7
:202F800009F4ECC06D847E84640C751C7E866D8669847A84641875087A866986920140E017
:202FA00050E060E070E080E090E049823A834B835C836D837E838F839887AB89BC89D79644
:202FC0008C91D797D8962C91D897D9964C91D997DA965C91DA97DB966C91DB97DC967C91E3
:202FE000DC97DD96AC91EB89FC89B6ADF9818F0F31E08F1708F030E07A80270D91E02715A0
:2030000008F090E0032F020F31E0021708F030E0932B3B81340F21E0FB813F1708F020E04B
:20302000C92EC30E91E0C31608F090E0292B3C81350F91E06C80361508F090E0522F530FCE
:2030400021E0531708F020E0922B3D81360F21E07D80371508F020E0692F630F91E0631716
:2030600008F090E0292B3E81370F91E04E81341708F090E0230F41E0231708F040E0942B38
:203080004F814A0F31E07F81471708F030E0940F71E0941708F070E0372B48854B0F340FDD
:2030A000AB89BC89D7968C93D797D8960C93D897D996CC92D997DA965C93DA97DB966C93A4
:2030C000DB97DC962C93DC97DD969C93DD97DE963C93DE97C201820D931D4B845C848415C2
:2030E000950580F18D919C91B501A4010E941C81DC01CB010097A105B10501F569847A8463
:203100006114710491F0AB89BC898D919C91B501A40101E010E020E030E00E949084DC01B1
:20312000CB010097A105B10549F4CB88DC88F601FF96108211821282138212C04C015D0185
:2031400022243324E989FA8980829182A282B38249845A844114510409F082CECB88DC881A
:20316000D601D7965C91D797D8964C91D897D9963C91D997DA962C91DA97DB966C91DB97CC
:20318000DC967C91DC97DD960C91DD97DE961C91DE979B968D919D910D90BC91A02D2C01C2
:2031A0003D018824992454015A826B827C82B116F8F01B1589F5A016D8F00A1569F5971647
:2031C000B8F0791549F5861698F0681529F59C80921670F0291501F5BB80B31648F03B15D8
:2031E000D9F47A81741720F04717B1F44516A0F4BA01C901D6019B967C939B979C964C939B
:203200009C979D969C939D979E962C939E97F601ED5BFF4F81E080838F85988949845A84EC
:203220008419950964960FB6F894DEBF0FBECDBFDF91CF911F910F91FF90EF90DF90CF9016
:20324000BF90AF909F908F907F906F905F904F903F902F9008952F923F924F925F926F9226
:203260007F928F929F92AF92BF92CF92DF92EF92FF920F931F93CF93DF93CDB7DEB72E976F
:203280000FB6F894DEBF0FBECDBF6C014B875C876D877E87009709F42DC2DC0197964D9062
:2032A0005D906D907C909A97ED91FC911197808D918D411451046104710471F02B853C85B3
:2032C0004D855E852F83388749875A874C01AA24BB2479018A011EC02B853C854D855E8514
:2032E000211531054105510509F4B3C1E7CFD6018D919C91B301A2010E941C81DC01CB013E
:203300000097A105B105A9F0E818F9080A091B092C013D018E149F04A006B10640F3EF8238
:20332000F88609871A87411451046104710491F504C0EF82F88609871A878F819885A98595
:20334000BA85880D991DAA1DBB1D0197A109B109BC01CD01A50194010E94BEFF89019A01FE
:20336000F60180819181B301A2010E949084DC01CB010097A105B10509F4BCC14114510476
:203380006104710439F4F60187A390A7A1A7B2A72C013D012B853C854D855E85D6019B9694
:2033A0002D933D934D935C939E97211531054105510529F4F60117A210A611A612A6D601A8
:2033C0008D919D91BD010E94F889882309F492C12B853C854D855E85211531054105510597
:2033E00039F4D6018D919C911197B301A2012FC12F81388549855A8582169306A406B506DF
:2034000008F427C1D601AD90BC901197A114B10409F41FC1B2E04B1651046104710408F45B
:2034200018C1C501B301A2010E941C816F83788789879A87F50120803180D10118968C9151
:203440001897930182018B3009F07BC08FEF9FEFAFEFBFE08B839C83AD83BE83E12F922FFF
:20346000832F242D3E2F492F582F60E070E080E090E002E00E94AB0EF501B285E3844484E4
:2034800085840685A7859088F188B20F11E0B21708F010E0EE2DE30F21E0E31708F020E078
:2034A000312F3E0F11E03E1708F010E0212B440EE1E0441608F0E0E0422F440D21E04415A4
:2034C00008F020E0E22B850E21E0851608F020E05E2F580DE1E0581508F0E0E02E2B060F7A
:2034E000E1E0061708F0E0E0622F600F21E0601708F020E0E22BA70F21E0A71708F020E04C
:203500007E2F7A0FE1E07A1708F0E0E02E2BF92DF80FA1E0F81708F0A0E0822F8F0F21E08D
:203520008F1708F020E0A22B9F0DF101848095802B2F9A0F8E010D5F1F4FB4E0EB2EF12C33
:2035400076C08FEF9FEF9A838983E12F922F832F242D3E2F492F582F60E070E080E090E060
:2035600001E00E94AB0EF501B285E384448485840685A7859088F188B20F11E0B21708F0EF
:2035800010E0EE2DE30F21E0E31708F020E0312F3E0F11E03E1708F010E0212B440EE1E001
:2035A000441608F0E0E0422F440D21E0441508F020E0E22B850E21E0851608F020E05E2F24
:2035C000580DE1E0581508F0E0E02E2B060FE1E0061708F0E0E0622F600F21E0601708F02C
:2035E00020E0E22BA70F21E0A71708F020E07E2F7A0FE1E07A1708F0E0E02E2BF92DF80F8B
:20360000A1E0F81708F0A0E0822F8F0F21E08F1708F020E0A22B9F0DF101848095802B2FD6
:203620009A0F8E010F5F1F4FA2E0EA2EF12CF4011995882371F02F81388549855A852115C0
:2036400031054105510529F0C501BA01A9010E949E828B859C85AD85BE858C019D0140E0A1
:2036600050E060E070E0D601DE968C91DE97781790F1871709F040C0DD968C91DD97681783
:2036800050F18617C9F5DC968C91DC97581718F1851791F5DB968C91DB974817E0F0841728
:2036A00059F5DA968C91DA973817A8F0831721F5D9968C91D997281770F08217E9F4D896A8
:2036C0008C91D897181738F08117B1F4D7968C91D797081788F4F60107AB10AF21AF32AF1E
:2036E00013AE14AE15AE16AEFF96108211821282138202C080E001C081E02E960FB6F89484
:20370000DEBF0FBECDBFDF91CF911F910F91FF90EF90DF90CF90BF90AF909F908F907F90CC
:203720006F905F904F903F902F9008952F923F924F925F926F927F928F929F92AF92BF9237
:20374000CF92DF92EF92FF920F931F93CF93DF938C015B01009709F43FC061157105E1F123
:20376000FC0167A950AD31AD22AD413059F0413018F0423089F510C0F501C080D180E280B6
:20378000F38018C0862F952FA32FB22FF501C080D180E280F3800AC0F501C080D180E280A3
:2037A000F380FC0183A594A5A5A5B6A5C80ED91EEA1EFB1EF80183A594A5A5A5B6A58C1505
:2037C0009D05AE05BF05E0F4C801B701A6010E942B998823A9F401C080E0DF91CF911F9185
:2037E0000F91FF90EF90DF90CF90BF90AF909F908F907F906F905F904F903F902F9008956A
:2038000016012701F801C7AA30AE41AE52AE13AE14AE15AE16AEFF96108211821282138245
:20382000F501C082D182E282F38281E0D6CFCF93DF939C01EB010097A9F1209799F188A126
:2038400084FF30C080910A1690910B16009749F08091471690914816009721F5A7E4B6E1F6
:2038600002C0AAE0B6E1BD016E5F7F4FCE0145E3FC010190CF01FB010192BF014150C1F71F
:2038800011963C932E934DA15EA16FA178A5D7964D935D936D937C93DA97DC961C921E924A
:2038A000DB9702C0A0E0B0E0CD01DF91CF910895009719F0FC011182108208952F923F9298
:2038C0004F925F926F927F928F929F92AF92BF92CF92DF92EF92FF920F931F93CF93DF9314
:2038E000CDB7DEB7AE970FB6F894DEBF0FBECDBF98A78FA3009709F482C16115710509F4F2
:203900007EC1DC016D907C901197F301008CF18DE02DFCA7EBA7D7962D903D904D905C90DA
:20392000DA97DB962D913C91DC973AA729A72E173F0710F0FC0142C1FE01319686E0DF015F
:203940001D928A95E9F785E3FB0111928A95E9F77A836983211431044104510409F03BC1D1
:20396000D301ED91FC91119780858B3039F49A962D903D904D905C909D972DC1F301028CAC
:20398000F38DE02DD30192968D919C919397E81BF90BFCA7EBA71FC1EBA5FCA529A53AA52F
:2039A000E21BF30BFEA7EDA74901AA24BB24CC24DD247601211431044104510409F064C053
:2039C000D30192962C91929793965C91939794966C91949795967C91959796968C91969799
:2039E00097969C9197979896FC91989799961C919997280D31E0281508F030E0590D41E037
:203A0000591508F040E0350FE1E0351708F0E0E04E2B6A0D51E06A1508F050E0460FE1E039
:203A2000461708F0E0E05E2B7B0D61E07B1508F060E0570FE1E0571708F0E0E06E2B8C0DD8
:203A400071E08C1508F070E0680FE1E0681708F0E0E07E2B9D0D81E09D1508F080E0790F77
:203A6000E1E0791708F0E0E08E2BEE2DEF0FF1E0EE1508F0F0E08E0F91E08E1708F090E0B4
:203A80009F2BEF2DE10F5CC0C301B201A1010E94E987E92FF22FF80DA1E0F21708F0A0E0C9
:203AA000932F990D21E0931708F020E03A2F390FA1E0391708F0A0E02A2BA42FAA0D91E0B1
:203AC000A41708F090E0422F4A0F21E04A1708F020E0922BA52FAB0D21E0A51708F020E0A1
:203AE000592F5A0F91E05A1708F090E0292BA62FAC0D91E0A61708F090E0622F6A0F21E008
:203B00006A1708F020E0922BA72FAD0D21E0A71708F020E0792F7A0F91E07A1708F090E08D
:203B2000292BA82FAE0D91E0A81708F090E0822F8A0F21E08A1708F020E0922BEF0D2F2F0C
:203B40009E0F1C821B82D301ED91FC910280F381E02D8E01095F1F4FEE24FF246894E5F828
:203B6000CDA4DEA40F2EF2E9AF2EF8E8BF2EF02D4E010894811C911C1995882309F43FC0E9
:203B80008B819C81E9A5FAA5E80FF91FFAA7E9A72BA53CA5E217F307F0F0C301B201A101F2
:203BA0000E941C811B012C01611571058105910581F48E81882399F4EFA1F8A587A190A52F
:203BC000A1A5B2A587AB90AFA1AFB2AF14AE13AE16C01AA619A68E81882309F4DDCEAFA19C
:203BE000B8A5D7962D923D924D925C92DA97E9A5FAA5DC96FC93EE93DB978E8101C080E0DE
:203C0000AE960FB6F894DEBF0FBECDBFDF91CF911F910F91FF90EF90DF90CF90BF90AF908F
:203C20009F908F907F906F905F904F903F902F9008958F929F92AF92BF92CF92DF92EF92F8
:203C4000FF920F931F93CF93DF934C01EB018A01009709F465C0209709F462C088818823A4
:203C600009F45EC04115510509F45AC08F3209F4219685E3F80111928A95E9F780E1F80194
:203C800080A301C0E5018881882309F44BC0C401B8010E94179C6C01009709F441C0CE01FA
:203CA0006FE270E00F944F00009739F0E82FEC1B5C010894A11CB11C2AC0AC2FBD2FFD0161
:203CC00001900020E9F73197EC1B5E01AE0EB11C1EC0F80101900020E9F73197E01BF10B75
:203CE000EE15FF05B1F4CE01B801A7010F946300009779F4F60111821082CE0DDF1D8881E2
:203D0000882381F0F80180A184FDBCCF09C0EE2EFF24C601B8010E945E9C8823D1F610C0FB
:203D200080E001C081E0DF91CF911F910F91FF90EF90DF90CF90BF90AF909F908F9008958C
:203D4000F601118210829FCFFC01009761F047A150A561A572A547AB50AF61AF72AF14AE16
:203D600013AE81E0089580E00895CF92DF92EF92FF920F931F93CF93DF938C017B01EA0187
:203D8000009709F451C06115710509F44DC0FB018081882309F448C0209709F445C0C80159
:203DA000BE010E945E9C882399F0C701BE010F945A000097A1F7F80187A190A5A1A5B2A5CE
:203DC00087AB90AFA1AFB2AF14AE13AE92E02DC0F801C080D18085E3FE0111928A95E9F74C
:203DE000CE01B7014FE150E00F947100B801695D7F4FC601AE010E94348C2DA73EA74FA7F4
:203E000058AB69AB7AAB8BAB9CAB232B242B252B262B272B282B292B39F0C601BE010E9461
:203E2000F88991E0882309F490E0892FDF91CF911F910F91FF90EF90DF90CF9008952F9266
:203E40003F924F925F926F927F928F929F92AF92BF92CF92DF92EF92FF920F931F93CF932F
:203E6000DF93CDB7DEB72C970FB6F894DEBF0FBECDBF1C016B01009709F499C0611571054B
:203E800009F495C0DB019D965C909D979E96BC909E979F966C909F97D0967C90D097D19645
:203EA0008C90D197D2969C90D297D396AC90D397D4964C90D497852D8B298629872988294B
:203EC00089298A29842909F472C0D101ED91FC910190F081E02D252D3B2DA301B4018A2DEB
:203EE000942D8E010F5F1F4F0F2EFCE0EF2EFF24F02D1995882309F45AC0B5EEB983D101FF
:203F0000ED91FC910480F581E02D252D3B2DA301B4018A2D942D8E010F5F1F4F1995882340
:203F200009F445C08C858F3069F5752D705E61E0751508F060E06B0D51E06B1508F050E08D
:203F4000560D41E0561508F040E0470D31E0471508F030E0380D21E0381508F020E0290DD0
:203F600091E0291508F090E09A0D81E09A1508F080E0572EB62E652E742E832E922EA92E35
:203F8000480EA3CFF60145A156A167A170A5411551056105710541F0C1010E949E8291E0BA
:203FA000882319F490E001C091E0892F01C080E02C960FB6F894DEBF0FBECDBFDF91CF91F5
:203FC0001F910F91FF90EF90DF90CF90BF90AF909F908F907F906F905F904F903F902F906F
:203FE00008954F925F926F927F928F929F92AF92BF92DF92EF92FF920F931F93CF93DF93B1
:20400000CDB7DEB760970FB6F894DEBF0FBECDBF5C014B013A012901D02E009709F4A8C041
:204020006115710509F4A4C083E080170CF4A0C007FD22C0202F332727FD309544E0220F0C
:20404000331F4A95E1F722543E4F932F990F990B492F592F692F792F892F8E010F5F1F4FE3
:20406000E0E1EE2EF12CF5011995882309F480C08D81882309F47CC080918C16882309F071
:2040800077C0E4E8F6E181E1DF011D928A95E9F7B0928516A0928416909287168092861640
:2040A000709289166092881650928B1640928A16D7FC5AC08D8180938C168A8590E0A0E02B
:2040C000B0E0BA2FA92F982F88274B8550E060E070E0BA0155274427842B952BA62BB72BC5
:2040E000498550E060E070E0842B952BA62BB72B4C8550E060E070E0742F66275527442768
:20410000842B952BA62BB72B81879287A387B4878E8590E0A0E0B0E0BA2FA92F982F88272D
:204120004F8550E060E070E0BA0155274427842B952BA62BB72B4D8550E060E070E0842BE6
:20414000952BA62BB72B488950E060E070E0742F662755274427842B952BA62BB72B858716
:204160009687A787B08B06C08FEF80938C1602C0E0E0F0E0CF0160960FB6F894DEBF0FBEED
:20418000CDBFDF91CF911F910F91FF90EF90DF90BF90AF909F908F907F906F905F904F903E
:2041A0000895009721F0FC01108681E0089580E00895FC0190E0B9E00EC0A19178E0990F26
:2041C000292F30E04A2F50E02427352727FD9B27AA0F7150A1F72E2F281B261770F3892F37
:2041E000880F81600895DC0180E090E012C0382F2227ED91F0E0892F9927E827F927EE0F89
:20420000FF1FE057F64F8591949182279327615070406115710559F708958EBD0DB407FE1B
:20422000FDCF8DB58F778DBD08958FEF8EBD0DB407FEFDCF8DB58F778DBD8EB50895FF9225
:204240000F931F93CF93DF93CDB7DEB72A970FB6F894DEBF0FBECDBF082F4F83588769873D
:204260007A870E9415A190919616802F8064992301F18E010F5F1F4F96E0F80111929A952B
:20428000E9F789838A858A8389858B8388858C838F818D83C80165E00E94D9A08E8386E01E
:2042A000F82EF80181918F010E940DA1FA94C9F71AC00E940DA18A850E940DA189850E9466
:2042C0000DA188850E940DA18F810E940DA1002319F0083029F402C085E903C087E801C0CF
:2042E0008FEF0E940DA10AE00E9415A18F3F11F40150D1F72A960FB6F894DEBF0FBECDBFBB
:20430000DF91CF911F910F91FF900895CF93DF9300D0CDB7DEB78091711B9091721B9A832C
:2043200089838B81807F81608B83CE01019661E00E94C7AF91E089270F900F900F90DF914A
:20434000CF910895CF93DF9300D0CDB7DEB78091711B9091721B9A8389838B81807F8B8316
:20436000CE01019660E00E94C7AF0F900F900F90DF91CF910895EF92FF920F931F938091BE
:20438000A0168823F9F4209198163091991640919A1650919B1660919C1670919D16809185
:2043A0009E1690919F1601EA16E1E12CE2E0FE2E0E949AA5882321F081E08093A01603C00C
:2043C00080E001C081E01F910F91FF90EF9008952F923F924F925F926F927F928F929F9298
:2043E000AF92BF92CF92DF92EF92FF920F931F93CF93DF93CDB7DEB761970FB6F894DEBF20
:204400000FBECDBF29833A834B835C836D837E838F8398871801FA86E9861B867BC149805D
:204420005A808FEF91E04822592252018980841821E09981981508F020E09A819B1981E0E6
:20444000EA81E91708F080E0F92EF21A21E09F1508F020E0822B9B81E92EE81A81E09E15C3
:2044600008F080E09C81192F181B81E0911708F080E09D81A92EA81A81E09A1508F080E0CC
:204480009E81992E981A81E0991508F080E09F81792E781A81E0971508F080E06884681AF1
:2044A000C12CF2E0DF2EC418D50889859A858C159D0508F46C01809198168815E9F4809154
:2044C00099168F15C9F480919A168E15A9F480919B16811789F480919C168A1569F4809124
:2044E0009D16891549F480919E16871529F480919F16861509F494C00E94BBA1882309F458
:2045000010C1282D3F2D4E2D512F6A2D792D872D962D09E00E94310E052F2E873F87B42EFF
:2045200028988091971682FD05C0482D5F2D6E2D712F04C04E855F856B2D702F81E10E94C7
:204540001FA1882349F0289A81E056C02150304029F4289A82E050C020E030E8288B398BBD
:204560000E9415A1288939898E3F81F721EA36E1288B398B0E9415A128893989F9018193B9
:204580009F01F8E1213A3F0799F780929816F0929916E0929A1610939B16A0929C16909204
:2045A0009D1670929E1660929F1680919616882331F10E9415A18D871C860E9415A1282FA4
:2045C00030E08C859D85282B392B81EA96E160E072E0288B398B0E94F3A02889398928170F
:2045E000390789F0289A9B859F5F9B87953018F40E9415A195CF83E08093951692C00E945E
:2046000015A10E9415A1B2016F55794EC101A6010F943F002C0C3D1C289A0E9415A109C08F
:20462000B2016F55794EC101A6010F943F002C0C3D1CE985FA85EC19FD09FA87E987360140
:2046400088249924AA24BB2465016981660D51E0F9816F1708F050E02A81270D31E08A812D
:20466000281708F030E0520F41E0521708F040E0342B4B81480D21E09B81491708F020E0FB
:20468000732F740F31E0741708F030E0232B4C81490D31E0EC814E1708F030E0122F140F91
:2046A00021E0141708F020E0322B4D814A0D21E0FD814F1708F020E0032F040F31E0041706
:2046C00008F030E0232B4E814B0D31E08E81481708F030E0F22EF40E21E0F41608F020E0B1
:2046E000322B4F814C0D21E09F81491708F020E0340FEE24E394341708F0EE242E29888536
:204700008D0D69835A837B831C830D83FE823F83280F2887E985FA85309709F080CE81E085
:2047200001C080E061960FB6F894DEBF0FBECDBFDF91CF911F910F91FF90EF90DF90CF901E
:20474000BF90AF909F908F907F906F905F904F903F902F9008952F923F924F925F926F9211
:204760007F928F929F92AF92BF92CF92DF92EF92FF920F931F93CF93DF93CDB7DEB72E975A
:204780000FB6F894DEBF0FBECDBF290149835A836B83272E382E9C831E830D8337010115B8
:2047A000110509F479C0E114F10409F475C0CE14DF0408F471C0A114B10409F46DC0970173
:2047C00040E050E060E070E080E090E0EF82388749875A876B877C878D879E8792014981BD
:2047E0005A816B81722D832D9C810D811E8173010E94E8A1882309F44FC08D819E81820153
:2048000029813A814B81522D632D7C817401F5011995882309F442C06F81640D21E06415BD
:2048200008F020E09885950D81E0951508F080E0522E590E21E0591608F020E0822B3981A8
:20484000830F51E0831708F050E04A81540F41E07A81571708F040E09B81490F31E049171E
:2048600008F030E0320D21E0321508F020E0230D91E0231508F090E0462E89835A834B8345
:20488000232E322E2C81290F2C83C618D708C614D70408F0A3CF02C080E001C081E02E96EF
:2048A0000FB6F894DEBF0FBECDBFDF91CF911F910F91FF90EF90DF90CF90BF90AF909F90F8
:2048C0008F907F906F905F904F903F902F900895CF92DF92EF92FF920F931F93CF93DF93A6
:2048E00000D000D0CDB7DEB780939616109295168091711B9091721B9D838C838E81807F6B
:2049000081608E83CE01049661E040E00E94B2AF8091711B9091721B9A8389838B81807F59
:204920008B83CE01019660E040E00E94B2AF229A219A209A2398289A83E58CBD8DB58E7FF2
:204940008DBD109297160E9486A1882311F486E0B1C00AE00E9415A10150E1F7289800E063
:2049600012E080E040E050E060E070E00E941FA1813021F001501040A1F770C080919616BB
:20498000882361F08BE341E050E060E070E00E941FA1813019F0289A83E08CC088E04AEAA3
:2049A00051E060E070E00E941FA182FD18C00E9415A10E9415A10E9415A180FD02C088E0CE
:2049C00079C00E9415A18A3A11F087E073C08091971682608093971600E010E814C087E371
:2049E00040E050E060E070E00E941FA189E240E050E060E070E00E941FA182FDEDCF80917C
:204A000097168160E7CF8091971690E09C012370307021153105B1F081FD04C0CC24DD2414
:204A2000760105C0C12CD12CE12CB0E4FB2E87E340E050E060E070E00E941FA189E2B701B7
:204A4000A60105C081E040E050E060E070E00E941FA180FF06C001501040A9F6289A82E09E
:204A600029C08091971681FF1AC08AE340E050E060E070E00E941FA1882311F0289A19C03F
:204A80000E9415A186FF05C0809197168460809397160E9415A10E9415A10E9415A180E1A9
:204AA00040E052E060E070E00E941FA1289A882321F081E0809395162CC08CB58C7F8CBD94
:204AC0008DB581608DBD8FEF809398168093991680939A1680939B1680939C1680939D1656
:204AE00080939E1680939F1681E08093A01620E030E040E050E060E070E080E090E001EA52
:204B000016E1E12CA2E0FA2E0E94E8A191E0882309F490E0892F26960FB6F894DEBF0FBE04
:204B2000CDBFDF91CF911F910F91FF90EF90DF90CF9008952F923F924F925F926F927F92DA
:204B40008F929F92AF92BF92CF92DF92EF92FF920F931F93CF93DF93CDB7DEB763970FB68D
:204B6000F894DEBF0FBECDBF29833A834B835C836D837E838F8398871A87098717010E9490
:204B8000A2A1882309F48AC18FC149805A802FEF31E04222532252019980941821E0398111
:204BA000391508F020E09A819B1981E04A81491708F080E0592F521B5B8721E0951708F080
:204BC00020E0822B9B81692F681B6C8781E0961708F080E09C81D92ED81A81E09D1508F077
:204BE00080E09D81C92EC81A81E09C1508F080E09E81B92EB81A81E09B1508F080E09F8193
:204C0000A92EA81A81E09A1508F080E08884881A612CF2E07F2E641875082614370408F46F
:204C20003101809198168915F1F4809199167B858717C9F480919A169C858917A1F48091BD
:204C40009B168D1581F480919C168C1561F480919D168B1541F480919E168A1521F48091B0
:204C60009F16881589F10E94BBA1882309F41FC14114510429F4E0E06E16E2E07E0690F40D
:204C8000292D3B854C855D2D6C2D7B2D8A2D982D01EA16E1E12CE2E0FE2E0E94E8A1882333
:204CA00009F405C190929816FB85F09399162C8520939A16D0929B16C0929C16B0929D168F
:204CC000A0929E1680929F1649855A8566E1413A560771F0C2018F55994E69857A85A301DB
:204CE0000F943F001092A0162614370409F4DAC028988091971682FF0FC0292D3B854C85B9
:204D00005D2D6C2D7B2D8A2D982D09E00E94310EBA01422F532F04C0492D5B856C857D2D1F
:204D200088E10E941FA1882319F0289A81E0BDC08EEF0E940DA101EA16E1F80181918F010A
:204D40000E940DA1F8E1013A1F07B9F780919616882341F081EA96E160E072E00E94F3A0D7
:204D60008C0102C00FEF1FEF812F0E940DA1802F0E940DA100E010E806C00150104019F48D
:204D8000289A82E092C00E9415A18F3FB1F70E9415A1289A29853A85260D371D3A87298750
:204DA000930140E050E060E070E080E090E03D874E875F87688B798B8A8B9B8B6981660DA1
:204DC00051E03981631708F050E02A814D85240F31E07A81271708F030E0520F41E0521759
:204DE00008F040E0342B4B818E85480F21E09B81491708F020E0732F740F31E0741708F0D8
:204E000030E0232B4C81EF854E0F31E0FC814F1708F030E0022F040F21E0041708F020E042
:204E2000322B4D812889420F21E08D81481708F020E0D32ED40E31E0D41608F030E0232BAB
:204E40004E819989490F31E0EE814E1708F030E0C22EC40E21E0C41608F020E0322B4F815A
:204E6000FA894F0F21E08F81481708F020E0340F11E0341708F010E0212B88859B89890F6D
:204E800069835A837B830C83DD82CE823F83280F288726183708E1E0E093A0162114310494
:204EA00009F073CE81E004C085E08093951680E063960FB6F894DEBF0FBECDBFDF91CF9100
:204EC0001F910F91FF90EF90DF90CF90BF90AF909F908F907F906F905F904F903F902F9060
:204EE00008952F923F924F925F926F927F928F929F92AF92BF92CF92DF92EF92FF920F9335
:204F00001F93CF93DF93CDB7DEB727970FB6F894DEBF0FBECDBF542E652E762E872E982EB9
:204F2000492E1A8309831701DC82CB82BE82AD820115110509F475C0C114D10409F471C069
:204F4000BB24B394E114F10409F450C0BB244EC0BB2021F42C143D0408F463C02F813A2DA0
:204F6000452D562D672D782D892D942D09811A8176010E949AA5882309F453C086018F81BD
:204F80008C0D91E0EF818E1708F090E03A2D310F21E03A1508F020E0A92EA30E91E0A316E9
:204FA00008F090E0292B250D71E0251508F070E0760D61E0761508F060E0670D51E0671588
:204FC00008F050E0580D41E0581508F040E0490D31E0491508F030E08F83522E672E762E06
:204FE000852E942E430E2C183D0802C02F83A32EBB2019F421143104B1F089819A810F8175
:205000001A2D252D362D472D582D692D742DED80FE80EB81FC8119956C01009709F098CF7E
:2050200002C080E001C081E027960FB6F894DEBF0FBECDBFDF91CF911F910F91FF90EF90FA
:20504000DF90CF90BF90AF909F908F907F906F905F904F903F902F9008951092A1181092A2
:20506000A218EAE0F1E080818170808387B1897F87B9EBE0F1E080818170808388B1897F94
:2050800088B908951F93CF93DF93FC018181882309F056C05091090146B1A091A1185A17B6
:2050A00019F1A52761E070E0B0E0C52FD0E011E09D01062E02C0359527950A94E2F720FFB4
:2050C0000EC09E01062E02C0359527950A94E2F720FD05C08181882311F4608311836F5F97
:2050E0007F4F6830710521F78091A218481721F1842790E09C013595279520FF0BC0242F05
:20510000269520FD07C02181222321F42BE0208321E02183959587959595879580FF0CC0CA
:20512000842F8695869580FD07C08181882321F48CE0808381E081835093A1184093A21883
:20514000DF91CF911F910895FC01F8948181908111827894882311F0FB019083089580918E
:20516000090146B16A3010F06A5001C0482F21E030E002C0220F331F6A95E2F7409550E06F
:205180004223532381E04217530709F080E0089560E573EC80E090E00895462FFC016281C4
:2051A0006F700E94B2AF0895462FFC0162816F700E94D4AF08952F923F924F925F926F9215
:2051C0007F928F929F92AF92BF92CF92DF92EF92FF920F931F93CF93DF93CDB7DEB76F97AF
:2051E0000FB6F894DEBF0FBECDBF2C01F82E352D8091731B9091741B9D8F8C8F2E8D207FC3
:2052000024602E8F9A8F898F8B8D807F83608B8F8091711B9091721B9F8B8E8B888D807F56
:205220008760888F80916B1B90916C1B9C8B8B8B2D89207F22602D8B998B888B2A89207FDC
:2052400021602A8B9E878D878F85807F8F8700D000D08DB79EB70196DC01FE01709623E001
:2052600001900D922150E1F7DC011396FE013D9683E001900D928150E1F78F2D932F4C8DCA
:205280005D8D6E8D098D1A8D2B8DCE88DF88E88C8B889C88AD883F8F0E941CBD8DB79EB7B5
:2052A00006960FB6F8949EBF0FBE8DBFC201C8960E9474F8F201E95BFF4F10822AE4822E87
:2052C000912C840C951C8CE694E0F40191838083C2018E549F4F0E9474F8F40114823FEC87
:2052E000A32EB12CA40CB51C8091651B9091661B482F8A879B876C85607F6C87082F8F8396
:2053000098872985207F21602987C5015B85152F0E9463F48091731B9091741B9D838C838F
:205320008E81807F8E838091631B9091641B9A8389838B81807F8B83B201685B7F4F45E074
:20534000642E41E0742E640C751C5EE7252E52E0352E240C351CC20180529F4F4F2D3F8D7E
:20536000532F9E012C5F3F4F8E010F5F1F4F730161010E944FB5C3010E9489F3F201E458FB
:20538000FD4F8CE494E0918380832CEB34E0F10121933193CF010E9440EAF201E955FD4F18
:2053A0008CE795E091838083F201E954FD4F10826F960FB6F894DEBF0FBECDBFDF91CF91C4
:2053C0001F910F91FF90EF90DF90CF90BF90AF909F908F907F906F905F904F903F902F905B
:2053E0000895109290008AE0809391001092920080E090E2909399008093980082E08093EE
:20540000710008951F93CF93DF93EC0112E01093B00084E08093B10089E18093B3001093CB
:205420007000CE010E94F1A91092A0008BE08093A1001092A20085E290E09093A900809396
:20544000A800109372008CEE91E060E00E94CEB3C954DD4F8883813051F480916B00806299
:2054600080936B0080916800816080936800DF91CF911F9108950F931F934FB7F894FC01D9
:2054800004A515A526A537A54FBFB801C9011F910F9108958F929F92AF92BF92CF92DF92CE
:2054A000EF92FF92FC012FB7F894C0A8D1A8E2A8F3A864A975A986A997A92FBF0E947CFDC2
:2054C0004B015C01C701B6010E947CFD20E034E244E759E40E94A5FC9B01AC01C501B40104
:2054E0000E942AFC462F572F682F792FCB01BA01FF90EF90DF90CF90BF90AF909F908F906B
:2055000008952FB7F894FC0114AA15AA16AA17AA2FBF0895809170008D7F809370008091D5
:2055200071008D7F8093710078940E94167EF8948091700082608093700080917100826052
:2055400080937100209194003091950080919800909199002817390750F081E090E0909316
:2055600099008093980010929500109294000895FC0184A595A5A6A5B7A58C599F4FAF4F05
:20558000BF4F84A795A7A6A7B7A740A951A962A973A94C595F4F6F4F7F4F40AB51AB62AB0E
:2055A00073AB17C084A995A9A6A9B7A90196A11DB11D84AB95ABA6ABB7AB80A991A9A2A9E9
:2055C000B3A980549244AF40B04080AB91ABA2ABB3AB80A991A9A2A9B3A9813422E4920776
:2055E0002FE0A20720E0B207E8F60895FB01DC01E153FF4F21E101900D922150E1F708954C
:205600001F920F920FB60F920BB60F9211242F933F934F935F936F937F938F939F93AF9329
:20562000BF93EF93FF938BEA98E10E948AAAFF91EF91BF91AF919F918F917F916F915F9150
:205640004F913F912F910F900BBE0F900FBE0F901F9018950F931F93CF93DF9300D0CDB78F
:20566000DEB78B016115710591F41092A9188091751B9091761B9A8389838B81807F8760C7
:205680008B83CE01019660E00E94D4A809C08091AA1890E08617970719F082E08093A918B2
:2056A0000093AA180F900F900F90DF91CF911F910F910895EF92FF920F931F93CF93DF93C1
:2056C000CDB7DEB729970FB6F894DEBF0FBECDBF7C01062F60E070E00E942AAB002329F0B5
:2056E000C70181539F4F0E945DF582E090E062E00E94CEB38095881F8827881F0E9460756C
:2057000080EF9BE161E00E94B0F983EF9BE10E940AF683EA9BE161E00E94B0F986EA9BE121
:205720000E940AF6C7010E9402AAF701ED53FF4F1082F701EA53FF4F80E090E0A0E0B0E036
:2057400080839183A283B383F701E253FF4F10828091731B9091741B98878F838985807F3D
:2057600086608987CE01079660E00E94CDA88091751B9091761B9D838C838E81807F8760F9
:205780008E83CE01049661E00E94CDA880916F1B9091701B9A8389838B81807F84608B83CA
:2057A000CE01019660E00E94CDA80E94A2B4F701E95BFF4F80838823C9F0870100521F4FFB
:2057C000C8010E9430B6B70164587D4FC8010E94F4B5C801B7010E941EB5C8010E94A2B56C
:2057E000AB01BC01C701C8960E9478F829960FB6F894DEBF0FBECDBFDF91CF911F910F91E2
:20580000FF90EF900895EF92FF920F931F93CF93DF930F920F92CDB7DEB7162F602FEE2066
:20582000A1F086E890E0612F2A8349830F94AD0087E890E04981642F0F94AD0088E890E034
:205840002A81622F0F94AD0010C07FECE72EF12CE80EF91EC7012A8349830E948DB1C70159
:20586000612F49812A810E94B3B10F900F90DF91CF911F910F91FF90EF900895CF92DF9242
:20588000FF920F931F93CF93DF9300D0CDB7DEB78C01F22EFC01222321F4E253FF4F10824D
:2058A00037C0EC53FF4F6083FC01EB53FF4F6083A6ECCA2ED12CC80ED91E642F70E080E07E
:2058C00090E00E947CFD20E030E040E251E40E94A5FCDC01CB01F60180839183A283B38381
:2058E000F801ED53FF4FF0828091731B9091741B9A8389838B81807F86608B83CE010196D2
:2059000061E00E94CDA8F801E253FF4F81E080830F900F900F90DF91CF911F910F91FF90C3
:20592000DF90CF900895CF93DF9300D000D0CDB7DEB7FC01E253FF4F10828091731B90919D
:20594000741B9D838C838E81807F86608E83CE01049660E00E94D4A88091731B9091741B6E
:205960009A8389838B81807F86608B83CE01019660E00E94CDA826960FB6F894DEBF0FBECB
:20598000CDBFDF91CF9108958F929F92AF92BF92CF92DF92EF92FF920F931F93CF93DF931E
:2059A000CDB7DEB72C970FB6F894DEBF0FBECDBF8C015EECA52EB12CA80EB91EF5018081B9
:2059C000882309F40FC1C8010E944AAA6B017C01F5018081833011F1843038F4813009F4CD
:2059E0006EC0823009F0FEC00AC0853009F48EC0853008F441C0863009F0F4C0B7C0F801C1
:205A0000E653FF4FC701B60120813181428153810E94BCFE87FDE6C083E0E2C0F801EC53D3
:205A2000FF4F8081815080838091731B9091741B9B878A878C85807F86608C87CE010A9649
:205A400060E00E94D4A84AEC842E912C800E911EF801EA53FF4FC701B601208131814281ED
:205A600053810E942AFCDC01CB01F40180839183A283B38384E0B4C0F801E653FF4FC7015A
:205A8000B60120813181428153810E94BCFE87FDA9C0F801EC53FF4F8081882371F4F8018C
:205AA000ED53FF4F808181508083882321F4C8010E9493AC97C085E093C081E091C0809147
:205AC000731B9091741B98878F838985807F86608987CE01079661E00E94D4A83AEC832EB2
:205AE000912C800E911EF801EA53FF4FC701B60120813181428153810E942AFCDC01CB014E
:205B0000F40180839183A283B38369C08091731B9091741B9D838C838E81807F86608E8372
:205B2000CE01049660E00E94D4A82AEC822E912C800E911EF801EA53FF4F60817181828184
:205B4000938120E030E040E450E40E94C0FE9B01AC01C701B6010E942AFCDC01CB01F4013B
:205B600080839183A283B38386E03AC0BAEC8B2E912C800E911EC701B601F4012081318133
:205B8000428153810E94BCFE87FD2CC0D801AC53BF4FF801EB53FF4F80818C93F801EA53E1
:205BA000FF4FC701B60120813181428153810E942AFCDC01CB01F40180839183A283B38356
:205BC0008091731B9091741B9A8389838B81807F86608B83CE01019661E00E94D4A882E027
:205BE000F50180832C960FB6F894DEBF0FBECDBFDF91CF911F910F91FF90EF90DF90CF90A7
:205C0000BF90AF909F908F900895EF92FF920F931F93CF93DF938C01FC01E95BFF4F8081B4
:205C20008823D9F0E801C052DF4FCE010E949CB568E3E62EF12CE00EF11EC7010E949EF88C
:205C4000882359F0CE010E94B3B6CE010E94A2B5AB01BC01C7010E9478F8C8010E94C4AC90
:205C6000DF91CF911F910F91FF90EF9008951F920F920FB60F920BB60F9211242F933F9376
:205C80004F935F936F937F938F939F93AF93BF93EF93FF938BEA98E10E94B8AAFF91EF911E
:205CA000BF91AF919F918F917F916F915F914F913F912F910F900BBE0F900FBE0F901F9072
:205CC00018951F920F920FB60F920BB60F9211241F932F933F934F935F936F937F938F9378
:205CE0009F93AF93BF93EF93FF93CF93DF9300D0CDB7DEB71091621B113099F48091751B80
:205D00009091761B9A8389838B81807F85608B83CE01019665E00E94C7AF882311F4109394
:205D2000CD082396DEBFCDBFDF91CF91FF91EF91BF91AF919F918F917F916F915F914F910C
:205D40003F912F911F910F900BBE0F900FBE0F901F9018951F920F920FB60F920BB60F921A
:205D600011242F933F934F935F936F937F938F939F93AF93BF93EF93FF93CF93DF93CDB71E
:205D8000DEB7EC97DEBFCDBF0E944B7E8091A3189091A41801969093A4188093A318843AAC
:205DA00091050CF4B2C01092A4181092A3188091A7189091A8181816190614F4019748C07A
:205DC0008091A918813099F58091A5189091A61801969093A6188093A51882E08093A91887
:205DE00082E190E09093A8188093A7188091751B9091761B98878F838985807F8760898793
:205E0000CE01079660E00E94D4A88091AA18873009F07BC0DE019C96EAE7F9E181E101904B
:205E20000D928150E1F7CE018C9660E06CC08230E1F58091AA1890E02091A5183091A61805
:205E40002817390754F083E08093A91880E590E09093A8188093A71858C081E08093A91871
:205E600082E190E09093A8188093A7188091751B9091761B9D838C838E81807F87608E8312
:205E8000CE01049661E00E94D4A88091AA188730E1F5DE015B96EAE7F9E181E101900D92CD
:205EA0008150E1F7CE014B962DC0833071F51092A6181092A51881E08093A91882E190E0BC
:205EC0009093A8188093A7188091751B9091761B9A8389838B81807F87608B83CE0101962B
:205EE00061E00E94D4A88091AA18873071F4DE011A96EAE7F9E181E101900D928150E1F7DF
:205F0000CE010A9661E00E947CF5EC96DEBFCDBFDF91CF91FF91EF91BF91AF919F918F9153
:205F20007F916F915F914F913F912F910F900BBE0F900FBE0F901F9018958BEA98E10E9492
:205F4000DBA808952FEF3FEFFC01318320830895FC0181E0208131819FEF2F3F390709F0FE
:205F600080E00895DC01ED91FC911197318181E090E002C0880F991F6A95E2F7282F20951C
:205F80002323442309F480E0822B81830895DC01ED91FC911197808190E002C095958795A0
:205FA0006A95E2F781700895DC01ED91FC911197328181E090E002C0880F991F6A95E2F77E
:205FC000282F20952323442309F480E0822B8283089580E290E09093781B8093771B83E2CA
:205FE00090E09093761B8093751B86E290E09093741B8093731B89E290E09093721B809311
:20600000711B8CE290E09093701B80936F1B8FE290E090936E1B80936D1B82E390E09093AB
:206020006C1B80936B1B80E091E090936A1B8093691B83E091E09093681B8093671B86E0BB
:2060400091E09093661B8093651B89E091E09093641B8093631B08956F927F928F929F928A
:20606000AF92BF92CF92DF92EF92FF920F931F93CF93DF93CDB7DEB7FC01962E642E722E76
:20608000B02EDE2CEA88FB888C010E5F1F4FC801608540E00E9400F8C801692D0E94E6F775
:2060A0001E141F04A4F5C801662D0E94E6F781E0E816F10461F1C801672D0E94E6F782E033
:2060C000E816F10421F1C8016B2D0E94E6F783E0E816F104E1F0C8016D2D0E94E6F784E06E
:2060E000E816F104A1F0C8016C2D0E94E6F785E0E816F10461F0C8016A2D0E94E6F786E04D
:20610000E816F10421F0C801682D0E94E6F7C8010E94C3F7DF91CF911F910F91FF90EF904B
:20612000DF90CF90BF90AF909F908F907F906F9008958F92AF92CF92EF920F930F920F92E2
:20614000EDB7FEB71282118240E020E000E0EE24CC24AA2488240E942CB00F900F900F91E7
:20616000EF90CF90AF908F9008958F92AF92CF92EF920F930F920F9221E030E0EDB7FEB7B4
:206180003283218320E000E0EE24CC24AA2488240E942CB00F900F900F91EF90CF90AF90D1
:2061A0008F9008958F92AF92CF92EF920F930F920F92E3E0F0E0ADB7BEB71296FC93EE93D7
:2061C0001197EE24CC24AA2488240E942CB00F900F900F91EF90CF90AF908F9008958F9245
:2061E000AF92CF92EF920F930F920F92E4E0F0E0ADB7BEB71296FC93EE931197CC24AA240D
:2062000088240E942CB00F900F900F91EF90CF90AF908F9008958F92AF92CF92EF920F93B7
:206220000F920F92E5E0F0E0ADB7BEB71296FC93EE931197AA2488240E942CB00F900F9018
:206240000F91EF90CF90AF908F9008958F92AF92CF92EF920F93CF93DF93CDB7DEB70F9251
:206260000F92E7E0F0E0ADB7BEB71296FC93EE9311970E942CB00F900F90DF91CF910F9181
:20628000EF90CF90AF908F900895BF92CF92DF92EF92FF920F931F93CF93DF938C01B62E57
:2062A0006A017901EC012296CE01F801608540E00E9400F8CE016B2D0E94E6F7CE010E9496
:2062C000C3F7CE01F801608541E00E9400F8CE0161E00E9450F8F6018083CE0160E00E94F7
:2062E00050F8F7018083CE010E94C3F7DF91CF911F910F91FF90EF90DF90CF90BF90089548
:2063000002960E946AF70895FC012081222321F011826FE60E9499B008951F93CF93DF935B
:20632000EC01162F8881882369F08985681751F0CE0166E6412F0E94B5B0198780E49CE935
:206340000197F1F7DF91CF911F910895462FFC012081222339F064E70E94B5B080E49CE9E4
:206360000197F1F70895FF920F931F93CF93DF93EC01F62E142F022F8881882361F08981B3
:20638000882319F0CE010E9484B1CE0163E64F2D212F0E94D2B0DF91CF911F910F91FF90EC
:2063A0000895FF920F931F93CF93DF93EC01F62E142F022F8881882361F08981882319F03F
:2063C000CE010E9484B1CE016EE64F2D212F0E94D2B0DF91CF911F910F91FF900895EF9237
:2063E0000F931F93CF93DF93EC01162F8881882399F01886CE0161E4412F20ED0DE0E12EDB
:206400000E94EFB0188784EF91E020E931E0F9013197F1F70197D9F7DF91CF911F910F916C
:20642000EF900895CF93DF930F920F92CDB7DEB7FC012081222379F06AE5AE014E5F5F4F6C
:206440009E012F5F3F4F0E9445B19A8180E02981820F911D02C08FEF9FEF0F900F90DF9109
:20646000CF9108950F93362F242FFC014081442339F041E0418360E7432F00E00E94D2B0D5
:206480000F9108954F925F926F927F928F92AF92BF92CF92DF92EF92FF920F931F93CF938E
:2064A000DF933C01F62EB42ED22EFC018081882321F1E80110E080E9482E81E0582E14C0F9
:2064C00067E54F2D212F0881E980CA80AB808C800E9426B128EC30E0C2010197F1F72150E0
:2064E0003040D1F71F5F2596C3011B1549F76CE44F2D212F0D2D0E94D2B0DF91CF911F91FD
:206500000F91FF90EF90DF90CF90BF90AF908F907F906F905F904F900895AF92BF92CF92E6
:20652000EF920F931F93CF93DF93CDB7DEB76E970FB6F894DEBF0FBECDBF5C01FC018081F2
:20654000882391F1C50169E00E94EFB1C50162E441E020E000E038E0E32ECC240E940BB139
:2065600084EF91E020E931E0F9013197F1F70197D9F7DE011196EFE0F2E08EE101900D9245
:206580008150E1F7C50160E046E020E08E010F5F1F4F0E9442B284EF91E020E931E0F9012D
:2065A0003197F1F70197D9F76E960FB6F894DEBF0FBECDBFDF91CF911F910F91EF90CF907A
:2065C000BF90AF900895CF92DF92EF92FF920F931F93CF93DF9300D000D0CDB7DEB77C014E
:2065E00049835A836B830C831D832E83FC01108289E08087C70102960E947CF728E833E18C
:2066000040E951E0CA010197F1F721503040D1F711E0F7011083C70160850E94EFB1C701F9
:206620000E9412B2F7011082913621F48156843008F41083C7010E948DB226960FB6F894BE
:20664000DEBF0FBECDBFDF91CF911F910F91FF90EF90DF90CF900895CF93DF930F920F9295
:20666000CDB7DEB7CE01019660E070E042E050E00F948B000E94CF362A8184E6289FC00147
:2066800011243981830F911D31E08739930791F022502D3F18F080E00E949B3887E08983B1
:2066A00084E08A83CE01019660E070E042E050E00F94A3000F900F90DF91CF910895CF93CE
:2066C000DF93C0E0D0E0CE016FEF0F94AD00A895219680E1C030D807B1F7DF91CF91089542
:2066E000CF93DF930E9466468823A9F4C0E0D0E0CE010F949B000E94DF43882341F0A895F6
:20670000219680E1C030D80799F7C1E001C0C0E00E94FA4301C0C0E08C2FDF91CF91089598
:20672000CF93DF930E94FC458823B1F4C0E0D0E00E944244882361F00E944544682FCE014D
:206740000F94AD00A895219680E1C030D80781F70E94E94481E001C080E0DF91CF9108958F
:206760000F931F93CF93DF930F92CDB7DEB79C01162F042FCE010196B90141E050E00F940E
:206780008B00002321F089818F3F09F4198389810F90DF91CF911F910F91089541E00E94A0
:2067A000B0B3089560E040E00E94B0B30895AF92BF92CF92DF92EF92FF920F931F93CF93AB
:2067C000DF93CDB7DEB728970FB6F894DEBF0FBECDBFFC01A22EE32EF42ED52EC62EB72E4C
:2067E000CE010196BF0148E050E00F948B0089818F3FA9F48A818F3F91F48B818F3F79F4D3
:206800008C818F3F61F48D818F3F49F48E818F3F31F48F818F3F19F488858F3F49F0298184
:206820003A814B815C816D817E818F81988507C098014A2D5E2D6F2D7D2D8C2D9B2D2896F3
:206840000FB6F894DEBF0FBECDBFDF91CF911F910F91FF90EF90DF90CF90BF90AF900895CA
:20686000EF92FF920F931F93CF93DF9300D00F92CDB7DEB79C017A018B01CE010196B90190
:2068800044E050E00F948B0089818F3F49F48A818F3F31F48B818F3F19F48C818F3F29F088
:2068A00069817A818B819C8102C0B701C8010F900F900F900F90DF91CF911F910F91FF905C
:2068C000EF9008950F931F93CF93DF93CDB7DEB728970FB6F894DEBF0FBECDBFFC010983CC
:2068E0001A832B833C834D835E836F837887CE010196BF0148E050E00F94A30028960FB6A5
:20690000F894DEBF0FBECDBFDF91CF911F910F910895CF93DF9300D00F92CDB7DEB79C013D
:2069200049835A836B837C83CE010196B90144E050E00F94A3000F900F900F900F90DF911B
:20694000CF910895CF93DF93CDB7DEB765970FB6F894DEBF0FBECDBF8091731B9091741BBB
:206960009C8B8B8B8D89807F8D8BCE01439660E041E00E94D4AF8091731B9091741B998B0C
:20698000888B8A89807F8A8BCE01409660E040E00E94B2AF8091731B9091741B9E878D872D
:2069A0008F85807F8F87CE010D9660E00E94C7AF2091731B3091741B8823E1F43B872A8762
:2069C0008C85807F8C87CE010A9660E041E00E94B2AF8091731B9091741B98878F83898533
:2069E000807F8987CE01079660E041E00E94D4AF81E01BC03D832C838E81807F8E83CE01FD
:206A0000049660E041E00E94B2AF8091731B9091741B9A8389838B81807F8B83CE01019681
:206A200060E040E00E94D4AF80E065960FB6F894DEBF0FBECDBFDF91CF91089590937A1B0A
:206A40008093791B70937C1B60937B1B0895BC018091791B90917A1B0E94F4B508958091BE
:206A6000791B90917A1B0E9492B60895682F8091791B90917A1B0E94C9B50895CF93DF93C2
:206A8000C091791BD0917A1BDC01EA85FB8521E101900D922150E1F7DF91CF9108958F9246
:206AA0009F92AF92BF92CF92DF92EF92FF920F931F93CF93DF93CDB7DEB7DC0111965C937B
:206AC0004E9313967C936E931297AC014C5F5F4FC90123E0FC010190CF01FA010192AF0104
:206AE0002150C1F7AD01495F5F4FC80123E0FC010190CF01FA010192AF012150C1F71B9627
:206B0000BC92AE921A971D96DC92CE921C971F96FC92EE921E9751969C928E925097DF91FE
:206B2000CF911F910F91FF90EF90DF90CF90BF90AF909F908F900895FC01828193810E949A
:206B400042A80895DC0194968C919497882361F050968D919C915197DC01ED91FC910190D1
:206B6000F081E02D199508959096EC919097FF27E7FDF0953996EE0FFF1FEA0FFB1F8081F5
:206B80009181DC01ED91FC910190F081E02D199508950F931F93CF93DF93EC01062F8CA12A
:206BA0008823D9F48A819B810E94AFA8182F8823A9F0E8A1FF27E7FDF0953996EE0FFF1FB0
:206BC000EC0FFD1F80819181DC01ED91FC910680F781E02D602F199501C010E0812FDF918A
:206BE000CF911F910F910895CF93DF93EC01E8A1E63064F4EF5FE8A3FF27E7FDF095399659
:206C0000EE0FFF1FE80FF91F71836083E8A1FF27E7FDF0953996EE0FFF1FEC0FFD1F808159
:206C20009181DC01ED91FC910480F581E02D1995E8A1FF27E7FDF0953996EE0FFF1FEC0FA8
:206C4000FD1F80819181DC01ED91FC91688179810280F381E02D41E01995DF91CF910895FB
:206C6000EF92FF920F931F93CF93DF930F92CDB7DEB77C01FC01828193810E942DA8F70120
:206C8000808191810E94EDBD682FF70100811181C80169830E94F0BD482FC801698120E0C5
:206CA0000E948BBBF701808191810E94C9BAF701808191810E94C1BA87010C5F1F4FF7013B
:206CC00066816F70C80140E00E94D4AFF70166816F70C80141E00E94B2AF8701095F1F4FD7
:206CE000F70161856F70C80140E00E94D4AFF70161856F70C80141E00E94B2AFF70111A274
:206D00008FEF80A313A212A214A266857785C7010E94F4B50F90DF91CF911F910F91FF906B
:206D2000EF900895CF93DF93FC0180A1181614F4815080A3A0A1BB27A7FDB0951996AA0FA7
:206D4000BB1FAE0FBF1F0D90BC91A02DCD91DC91119760817181EA81FB81CD0141E019953D
:206D6000DF91CF910895CF93DF93EC010E942D3D815099A1823050F4992371F46C857D85C4
:206D8000CE010E94F4B581E089A306C0992321F0CE010E9492B619A28A819B816DE77BE16E
:206DA0000E94A4A8882341F160917D1B81E090E0062E02C0880F991F0A94E2F72AA13BA14B
:206DC00082239323009719F01BA21AA215C08CA1882391F4E8A1FF27E7FDF0953996EE0F29
:206DE000FF1FEC0FFD1F80819181DC01ED91FC910680F781E02D19958CA1688179818823EF
:206E000019F0888999890BC0E8A1FF27E7FDF0953996EE0FFF1FEC0FFD1F80819181DC0162
:206E2000ED91FC910280F381E02D40E01995DF91CF910895FC0173A362A3089541E0FC0136
:206E400022A133A12115310509F040E0842F0895FC0184A10895CF93DF93EC0181E08CA3B6
:206E6000A889B989ED91FC911197688179810280F381E02DCD0141E01995DF91CF910895FC
:206E8000CF93DF93FC0114A2A0A1BB27A7FDB0951996AA0FBB1FA80FB91F0D90BC91A02DD7
:206EA000CD91DC91119760817181EA81FB81CD0141E01995DF91CF910895CF93DF93EC01DA
:206EC0000E94A2AF8A81807F8A83DF91CF91089583E791E060E00E94CEB3823341F0833361
:206EE00021F0882311F462E303C060E001C063E3F89483E791E00F94AD0078940895AF92E1
:206F0000BF92CF92DF92EF92FF920F931F93CF93DF937C015B01463008F045E0542F21E024
:206F200030E00BC0C901880F991F73E0220F331F7A95E1F7280F391F5150552399F7C42F75
:206F400000E08AE0C82ED12C23C0C901B6010E9497FFD62F172FC501B9010E9497FF6D2FB9
:206F6000712F0E9497FF002321F4662311F4C13019F4605D01E001C060E2D701ED91FC91F1
:206F80000190F081E02DC7011995C1502D2F312FCC23D9F6DF91CF911F910F91FF90EF90B3
:206FA000DF90CF90BF90AF9008952F923F924F925F926F927F928F929F92AF92BF92CF921D
:206FC000DF92EF92FF920F931F93CF93DF9300D00F920F92CDB7DEB72C016A017B012B8319
:206FE00077247394CB01BA0120E030E040E050E00E94A1FC87FD06C0772450E040E030E084
:207000002FE304C050E040E030E02FEB00E010E09B81892F90E09D838C8314C0FA01B90154
:207020008F2F942FA72FB22FBC01CD0120E030E040E251E40E94A5FC562F472F382F292F29
:207040000F5F1F4FAC81BD810A171B073CF3C701B601DA01F9010B2F142F2F2F3E2FA90131
:2070600098010E942AFC862E972EA82EB92E772021F0B7FAB094B7F8B0941A821982EDECD9
:207080006E2EFCECDF2EACECEA2EBDE3FB2E09C0E981FA813196FA83E983602ED22CEC2CE4
:2070A000F12E862D9D2DAE2DBF2DBC01CD0120E030E040E251E40E94C0FE062F272EC82E9B
:2070C000192F862F922DAC2DB12FBC01CD01A50194010E94A1FC1816DCF6772049F0D20193
:2070E000ED91FC910190F081E02DC2016DE21995E981FA81309749F4D201ED91FC9101905E
:20710000F081E02DC20160E319952224332441C0C501B401062D1D2D2E2D3F2DA90198019D
:207120000E94A5FC0E9447FD8B01D201ED91FC91605D0190F081E02DC2011995B801882717
:2071400077FD8095982F0E947EFD062D1D2D2E2D3F2DA90198010E94C0FE9B01AC01C501CC
:20716000B4010E9429FC862E972EA82EB92E802F912FAE2DBF2DBC01CD0120E030E040E26A
:2071800051E40E94A5FC662ED72E7C010894211C311CE981FA812E163F060CF4B9CFFB81C9
:2071A000FF2309F44AC0D201ED91FC910190F081E02DC2016EE21995CC24DD2439C0C50148
:2071C000B40120E030E040E251E40E94C0FE862E772EF82EE92E9701862F972DA32FB22FD9
:2071E000BC01CD010E9447FD8B019C01D201ED91FC91605D0190F081E02DC2011995B80121
:20720000882777FD8095982F0E947EFD9B01AC01B701882D972DA72FB62FBC01CD010E94F0
:2072200029FC862E972EA82EB92E0894C11CD11CEC81FD81CE16DF0614F20F900F900F90F6
:207240000F900F90DF91CF911F910F91FF90EF90DF90CF90BF90AF909F908F907F906F900A
:207260005F904F903F902F9008950F931F93CF93DF938C01EB0108C0D801ED91FC91019037
:20728000F081E02DC801199569916623A9F7DF91CF911F910F9108950F931F93CF93DF93F1
:2072A0008C01EB0107C0F801A081B181ED91FC91C8011995FE01219664916623A1F7DF9184
:2072C000CF911F910F9108951F93CF93DF93EC012896CE0160E00E94D4A815E0812F8A953F
:2072E000F1F7CE0161E00E94D4A8812F8A95F1F7CE0160E00E94D4A81A95F1F7DF91CF912D
:207300001F910895CF92DF92EF92FF920F931F93CF93DF936C01EE24FF24062F10E0E70165
:20732000CC0FDD1FCE0DDF1D2B96CC0DDD1DCE0161E00E94CDA8B8010E2C02C07595679529
:207340000A94E2F761707070CE010E94D4A80894E11CF11C84E0E816F10409F7C6010E94B2
:2073600064B9DF91CF911F910F91FF90EF90DF90CF900895CF92DF92EF92FF920F931F931F
:20738000CF93DF936C01EE24FF24062F10E0E701CC0FDD1FCE0DDF1D2B96CC0DDD1DCE0159
:2073A00061E00E94CDA8B8010E2C02C0759567950A94E2F761707070CE010E94D4A8089409
:2073C000E11CF11C88E0E816F10409F7C6010E9464B9DF91CF911F910F91FF90EF90DF9025
:2073E000CF900895FF920F931F93CF93DF938C01F62E0296642F0E94D4A8E8012596CE016B
:207400000E94A8AF882321F4CE0160E00E94D4A8F80183A184FF05C0C8016F2D0E94BAB9A7
:207420000FC02F2D30E044E0359527954A95E1F7C801622F0E9482B9C8016F2D0E9482B937
:20744000DF91CF911F910F91FF90089541E00E94F2B9089540E00E94F2B90895AF92BF9239
:20746000CF92DF92EF92FF920F931F93CF93DF930F920F92CDB7DEB78C016770660F660F57
:20748000660F606449835A830E942ABA4981E42E5A81F52EAA24BB2450E5C52E56E4D52E98
:2074A000D7016D917D01D801ED91FC910190F081E02DC8011995C6010197F1F70894A11C6E
:2074C000B11CB8E0AB16B10459F70F900F90DF91CF911F910F91FF90EF90DF90CF90BF90F8
:2074E000AF900895FC0164A1262F246024A36C600E942ABA0895CF93DF93CDB7DEB7289773
:207500000FB6F894DEBF0FBECDBFFE01319628E0DF011D922A95E9F720E430E03C832B83A7
:20752000DC0199962C91999730E03E832D83205C3F4F38872F8397962C919797241710F4FF
:20754000422F4150A42FB0E0AA0FBB1FAE0FBF1F2C91260F2068622F0E942ABA28960FB684
:20756000F894DEBF0FBECDBFDF91CF910895462F60E00E947BBA089560E040E00E947BBABC
:20758000089562E00E942ABA80E49FE10197F1F70895CF92DF92EF92FF920F931F93CF93EB
:2075A000DF93EC0161E00E942ABA6AA57BA580E090E00E947CFD6B017C012BEA3AEA4AEA35
:2075C00050E40E94C0FE8B01D82FC92F9E01862F912FA32FB22FBC01CD0120E030E040E802
:2075E0005FE30E94A1FC87FD7DC09E01802F912FA32FB22FBC01CD0120E030E04FE753E480
:207600000E94BCFE18160CF063C0C701B60120E030E04AE754E40E94A5FCF62EC72EE82E57
:20762000D92E862F9C2DAE2DBD2DBC01CD0120E030E04AE755E40E94C0FE8B01D82FC92F10
:207640009E01862F912FA32FB22FBC01CD0120E030E040E85FE30E94A1FC87FD33C09E0109
:20766000802F912FA32FB22FBC01CD0120E03FEF4FE757E40E94BCFE1816D4F48F2D9C2DE7
:20768000AE2DBD2DBC01CD0120E030E040E251E40E94C0FE0E944CFD20E931E005C0C9013F
:2076A0000197F1F76150704061157105C1F71DC09E01802F912FA32FB22FBC01CD010E947A
:2076C0004CFD02C061E070E0CB010197F1F70DC09E01802F912FA32FB22FBC01CD010E9407
:2076E0004CFD01C061E06A95F1F7DF91CF911F910F91FF90EF90DF90CF900895CF93DF93EB
:20770000EC010E94C9BACE0160E040E00E947BBADF91CF9108950F931F93CF93DF938C012F
:20772000423020F0FC0183A1886083A3F80147A310A6222329F0413019F483A1846083A3F5
:2077400024EF31E040E951E0CA010197F1F721503040D1F7C801029660E00E94D4A8C8012F
:20776000089660E00E94D4A8E8012596CE010E94A8AF882321F4CE0160E00E94D4A8F801BB
:2077800063A164FD1CC0C80163E00E9482B9C0E5D6E4CE010197F1F7C80163E00E9482B928
:2077A0002197F1F7C80163E00E9482B988E592E00197F1F7C80162E00E9482B918C060625F
:2077C000C8010E942ABA80E596E40197F1F7F80163A16062C8010E942ABA88E592E0019776
:2077E000F1F7F80163A16062C8010E942ABAF80163A16062C8010E942ABA84E0F80184A301
:20780000C8010E9472BAC8010E94C9BA82E0F80185A3C80166E00E942ABAC80161E04AE394
:2078200054E00E942EBAC80162E042E354E00E942EBAC80163E04AE254E00E942EBAC801DD
:2078400064E042E254E00E942EBAC80165E04AE154E00E942EBAC80167E042E154E00E9402
:207860002EBAC80168E04AE054E00E942EBADF91CF911F910F910895CF93DF93EC0183E73F
:2078800091E060E00E94CEB3823329F0833329F0882341F40CC084E101C088E189A788E99B
:2078A0009AE309C083E791E060E00F94AD0080E189A780ED97E09BA78AA7CE0169A541E031
:2078C00020E00E948BBBDF91CF9108958F929F92AF92BF92CF92DF92EF92FF920F931F9337
:2078E000CF93DF93CDB7DEB729970FB6F894DEBF0FBECDBF4C01D62E29833A834B83EC829E
:20790000FD820E83AF82B886C986DC011296FE01319683E001900D928150E1F7D401159692
:20792000FE01349683E001900D928150E1F7D4011896FE01379683E001900D928150E1F7B7
:20794000D4011B96FE01799683E001900D928150E1F7D4011E96FE017C9683E001900D922A
:207960008150E1F7D4015196FE017F9683E001900D928150E1F7D4015496FE01B29683E0E9
:2079800001900D928150E1F7D4015796FE01B59683E001900D928150E1F7D4015A96FE0102
:2079A000B89683E001900D928150E1F7D4015D96FE01BB9683E001900D928150E1F7D40114
:2079C0009096FE01BE9683E001900D928150E1F7C401029661E00E94CDA884010B5F1F4FE0
:2079E000C8010E94A8AF882321F4C80161E00E94CDA8C401089661E00E94CDA8DD2019F023
:207A0000F40113A203C080E1F40183A3C4010E943CBC29960FB6F894DEBF0FBECDBFDF91A8
:207A2000CF911F910F91FF90EF90DF90CF90BF90AF909F908F9008956F927F928F929F92DD
:207A4000AF92BF92CF92DF92EF92FF920F931F93CF93DF93CDB7DEB76B970FB6F894DEBF7F
:207A60000FBECDBF3C01488B598B6A8B0B8B1C8B2D8BCE8ADF8AE88E898E9A8EAB8E26E416
:207A800034E0FC0121933193CF010E945DB7C30105960E945DB7C30108960E945DB7830126
:207AA000055F1F4FA3E2EA2EF12CE60CF71CC8010E945DB70D5F1F4F0E151F05C1F7CE010E
:207AC0000D960E945DB7CE010A960E945DB7CE0107960E945DB7CE0104960E945DB7CE0118
:207AE00001960E945DB78DB79EB748970FB6F8949EBF0FBE8DBF0196DC01FE01769623E078
:207B000001900D922150E1F7DC011396FE01799623E001900D922150E1F7DC011696FE0154
:207B2000BD9623E001900D922150E1F7DC011996FE01F09623E001900D922150E1F7DC010C
:207B40001C96FE013A9623E001900D922150E1F7DC011F96FE01379623E001900D92215026
:207B6000E1F7DC015296FE01349623E001900D922150E1F7DC015596FE01319683E00190A1
:207B80000D928150E1F7C30161E0288939894A89ED84FE840F85AB88BC88CD880E9466BC3B
:207BA000EDB7FEB778960FB6F894FEBF0FBEEDBF6B960FB6F894DEBF0FBECDBFDF91CF91BF
:207BC0001F910F91FF90EF90DF90CF90BF90AF909F908F907F906F900895FC0181A5089532
:207BE00084E0089560E271EA87E090E0089560E573EC80E090E0089560E573EC80E090E0EE
:207C0000089560E271EA87E090E0089560E573EC80E090E0089560E573EC80E090E0089594
:207C200060E573EC80E090E0089560E271EA87E090E0089560E271EA87E090E0089560EAC7
:207C400076E881E090E0089560E573EC80E090E0089560EA76E881E090E0089560EA76E889
:207C600081E090E0089560EA76E881E090E0089560E573EC80E090E00895089580E00895D5
:207C8000089560E573EC80E090E0089560E573EC80E090E0089560E573EC80E090E0089514
:207CA00060E573EC80E090E0089560EA76E881E090E0089560EA76E881E090E0089560EA3D
:207CC00076E881E090E0089560E573EC80E090E0089560E573EC80E090E0089560E573EC12
:207CE00080E090E0089560E573EC80E090E0089508958F929F92AF92BF92CF92DF92EF9232
:207D0000FF920F931F93CF93DF93CDB7DEB764970FB6F894DEBF0FBECDBF8C01FE013196FC
:207D2000ADE2B2E084E10D9001928150E1F740388EEE580786E3680780E0780750F0CB01CE
:207D4000BA0120E83EEE46E350E00E94BEFFAB01BC014E010894811C911C30E020E0DD24CD
:207D60008DE6F82E98E6E92EE0E2BE2E01C0282FF40181919191A191B1914F01689412F81C
:207D8000880F991FAA1FBB1F1694D1F7E4E0F0E0AA246894A3F80F2EF0E3CF2EF02D8417C1
:207DA0009507A607B70728F4481B590B6A0B7B0BCA0CA694B695A79597958795319779F7C7
:207DC000DD2029F4F0E3CF1611F4323048F0F801E20FF11DC082822F8F5F323069F407C0D3
:207DE000F801E20FF11DB082822F8F5F0FC0F801E80FF11DE08206C0343031F4F801E80F4C
:207E0000F11DF082822F8E5FDD24D3943F5F353009F0ADCFF801E80FF11D108264960FB615
:207E2000F894DEBF0FBECDBFDF91CF911F910F91FF90EF90DF90CF90BF90AF909F908F90E8
:207E40000895FC01262F643668F0862F64E60E948BFF982F905D90839CE9899F802D1124C0
:207E6000280F02C080E280832A3018F48081803269F0822F6AE00E948BFF982F905D918343
:207E800096EF899F802D1124280F01C08183205D228313820895089508950895FC0182E0CD
:207EA000828385830895FC0112A213A214A240E050E060E070E045A356A367A370A717A65D
:207EC0001092921B10AA15AA17AA10AE0895DC0115961C92159712961C9212978FEF1396B6
:207EE0008C931397ED91FC9111970084F185E02DCD01199508950895FC01643051F16530E1
:207F000040F4623081F0633060F4613009F050C00CC06B30A9F06C3041F0653009F048C046
:207F200031C064E030C064E015C0A081B1811C962D913C911D97CF016281F90119950895C7
:207F4000A081B1811E962D913C911F97F9011995089561E0A2814A2F50E07481872F90E06C
:207F60009C01261B3109421753071CF46A0F6283089501974817590711F4858116C0715032
:207F80007283089561E052814581852F90E0861B9109242F30E0281739071CF4561B5283DE
:207FA0000895541721F48481815082830895428308950895CF93DF93EC01E881F9810488FD
:207FC000F589E02D1995E881F9810288F389E02DCE011995882311F083E001C082E08A83B6
:207FE00082E08D83DF91CF91089580E090E020913F1430E0082E02C0359527950A94E2F7C9
:2080000020FD06C001968530910589F780E0089581E00895FC0181E190E197838683118696
:2080200010860895FC014091030450910404609105047091060443835483658376838091BB
:20804000591582830895FC011282089580E00895FC0181EC92E1978386838FEC92E19187DF
:2080600080870895FC0182E0828385830895FC0181E0818710860895FC01158212820895F5
:20808000FC0112821582089508950895FC0183E0828385830895FC011282158216828FEF99
:2080A000808781E087830895CA01613041F0613018F0623069F408C065ED75E102C062EE1A
:2080C00075E10E944CB908956FEE75E10E944CB90895CA01613051F0613028F0623049F0FE
:2080E000633081F40BC069ED74E105C068EE74E102C068EF74E10E944CB9089567E075E143
:208100000E944CB90895CA01613051F0613028F0623049F0633081F40BC06AE574E105C0CE
:2081200062E674E102C061E774E10E944CB908956DE774E10E944CB90895CA01613061F065
:20814000613028F0623069F06330C9F40FC06091961B7091971B0EC06091981B7091991BF0
:2081600009C060919A1B70919B1B04C060919C1B70919D1B6115710511F00E944CB9089583
:20818000FC01E15BFF4F8081882319F4633008F06F5F6430E9F0653048F4613041F16130B4
:2081A00070F0623079F0633039F50FC06630B1F0663088F06730A9F06830F1F415C066E2C5
:2081C00073E117C060E473E114C06EE473E111C06EE573E10EC06CE673E10BC06CE773E104
:2081E00008C06CE873E105C06CE973E102C064E373E1CA010E944CB90895CA01623039F0AF
:20820000633051F0662361F460ED72E102C06FED72E10E944CB9089562EE72E10E944CB90D
:208220000895FC01CA01613069F0613040F0623019F0633089F409C06AE070E108C0668170
:20824000778105C06085718502C06EE070E16115710511F00E944CB90895CA01653150F44F
:20826000E62FF0E0EE0FFF1FEA51F94F608171810E944CB90895CA01623051F0633029F01A
:20828000662351F46EED7CE005C065EF7CE002C06EEE7CE00E944CB90895CA01623051F088
:2082A000633029F0662351F464ED7BE005C06EEE7BE002C063EE7BE00E944CB908950E94C8
:2082C0002FB508950E942FB50895FC018091030490910404A0910504B0910604643099F119
:2082E000653030F4623029F1633009F060C01CC06B3031F06C3099F0653009F058C01EC02C
:2083000082818093591583819481A581B6818093030490930404A0930504B09306040E94F3
:208320002FB50E942FB508958050904CAF4FBF4F0EC080509044A040B04009C08453934FBA
:20834000AF4FBF4F04C08C5C9C40A040B040813020E0920725E0A20720E0B207F4F489395E
:2083600029E1920720E0A20720E0B207DCF0803020E0920721E0A20720E0B20711F420E07B
:2083800001C020E8209359158093030490930404A0930504B0930604089580E090E0A5E033
:2083A000B0E0EFCF89E999E1A0E0B0E0EACF08950E942FB50895623049F4DC01ED91FC9143
:2083C00011970088F189E02D60E009C0633041F4DC01ED91FC910088F189E02D61E019952F
:2083E0000E942FB508950E942FB508950E942FB50895623019F0633039F404C01092941BA4
:208400001092931B0E942FB508951092941B1092931B0E942FB508950F931F93CF93DF93FD
:20842000EC018B01442389F0CB010E947EBBC80160E474E10E944CB9C80163E00E94B7BA14
:20844000C8016DE37DE00E944CB9C80161E00E94B7BA6A81C80170E043E00E947FB7DF9173
:20846000CF911F910F9108950F931F93CF93DF93EC018B014423D1F0CB010E947EBBC80176
:208480006BE972E10E944CB9C80161E00E94B7BAC8016AEA72E10E944CB9C80163E00E94AC
:2084A000B7BAC8016DE37DE00E944CB9C80162E00E94B7BA6A81C80170E043E00E947FB711
:2084C000C80169EB72E10E944CB9DF91CF911F910F9108950F931F93CF93DF938C01EB0127
:2084E000442391F0CB010E947EBBF80163817481CE010E944CB9CE0163E00E94B7BACE01B1
:208500006DE37DE00E944CB9CE0161E00E94B7BAF8016281CE0170E043E00E947FB7F801F5
:20852000658176816115710519F0CE010E944CB9DF91CF911F910F9108950F931F93CF9380
:20854000DF938C01EB01442321F4FC018781882331F1CE010E947EBBF8018581968100978B
:2085600021F4CE0163E67DE00DC08130910521F4CE0168E67DE006C08230910529F4CE01D4
:208580006FE67DE00E944CB9CE0163E00E94B7BACE016DE37DE00E944CB9F8011782CE01D9
:2085A00061E00E94B7BAF80185819681009711F462810BC08130910519F4F801638105C011
:2085C0008230910539F4F8016481CE0170E043E00E947FB7DF91CF911F910F910895DF9200
:2085E000EF92FF920F931F93CF93DF930F92CDB7DEB78C0169830E947EBB6981623009F4BA
:2086000041C0633030F4662371F0613009F081C035C0643009F462C0643008F449C0653017
:2086200009F077C071C0C80166EF7EE00E944CB98091A00B982F9150923088F0873079F0F8
:20864000883069F0E0914A03EC3008F062C0F0E0EE0FFF1FE05FF84FE080F18004C034E0FB
:20866000E32E3FE0F32EE114F10409F452C0C80161E00E94B7BAC801B70149C0C80162E1FD
:208680007FE045C0C80160E27FE00E944CB9C80161E00E94B7BAC80168E277E00E9435B94E
:2086A000C80162E00E94B7BAC80166E27FE02FC0C80163E37FE00E944CB9C80161E00E947C
:2086C000B7BAC80160E47FE00E944CB9C80162E00E94B7BAC8016EE47FE019C0C80160E29A
:2086E0007FE00E944CB9C80161E00E94B7BAC80168E277E00E9435B9C80162E00E94B7BA3F
:20870000C80166E57FE003C0C80166E67FE00E944CB9C80163E00E94B7BAC80161E77FE079
:208720000E944CB9B5E3DB2E20E9E22E21E0F22EC80164E043E00E947BBAD801ED91FC91CC
:208740000190F081E02DC8016D2D199520E137E2C7010197F1F721503040D1F7DA94B0E3ED
:20876000DB1631F70F90DF91CF911F910F91FF90EF90DF9008950F931F93CF93DF938C0152
:20878000EB01442389F0CB010E947EBBCE016DE874E10E944CB9CE0163E00E94B7BACE0152
:2087A0006DE37DE00E944CB9CE0161E00E94B7BAB8016D5F7F4FCE010E9435B9CE01F801C8
:2087C000628142E00E947BBAE881F9810190F081E02DCE016EE51995F8016281662351F055
:2087E0006150CE0142E00E947BBACE016BE974E10E944CB9F8016281683050F46F5FCE018C
:2088000042E00E947BBACE016BE974E10E944CB9DF91CF911F910F9108950F931F93CF93CD
:20882000DF93EC01062F8A818330F1F46C30E1F4F8944C815D816E817F8185E791E00E94EB
:2088400089B4488559856A857B8589E791E00E9489B44C855D856E857F858DE791E00E9450
:2088600089B478940E942FB58A81182F1150043009F453C0053040F4E12FF0E0023041F185
:20888000033009F063C015C00B3031F00C3039F0053009F05BC030C00E942FB557C081306C
:2088A00011F482E004C0823009F050C083E08A834DC03196EE0FFF1FEE0FFF1FEC0FFD1F41
:2088C00080819181A281B3814496A11DB11D3AC03196EE0FFF1FEE0FFF1FEC0FFD1F8081B9
:2088E0009181A281B38185319105A105B10570F14497A109B10926C0E12FF0E03196EE0F3D
:20890000FF1FEE0FFF1FEC0FFD1F80819181A281B3810196A11DB11D15C0E12FF0E03196FE
:20892000EE0FFF1FEE0FFF1FEC0FFD1F80819181A281B38182309105A105B10538F001971C
:20894000A109B10980839183A283B383E12FF0E03196EE0FFF1FEE0FFF1FEC0FFD1F80814C
:208960009181A281B3810197A109B109803D27E0920720E0A20720E0B20740F081E090E0D2
:20898000A0E0B0E080839183A283B383DF91CF911F910F910895CF92DF92EF92FF920F9312
:2089A0001F93CF93DF938C01EB01FC0192818381981711F4442309F1CE010E947EBBF801EC
:2089C0008281823041F0833051F0813069F4CE0168E275E107C0CE0169E375E103C0CE0176
:2089E0006AE475E10E944CB9CE0163E00E94B7BACE016DE37DE00E944CB9F8018281823036
:208A000049F0833069F08130A9F464817581868197810BC0F801608571858285938505C046
:208A2000F80164857585868597850E947CFD6B017C0104C0CC24DD24EE24FF24CE0161E035
:208A40000E94B7BACE014C2D5D2D6E2D7F2D20E00E94D5B7CE016BE575E10E944CB9F801A7
:208A600082818383DF91CF911F910F91FF90EF90DF90CF9008950F931F93CF93DF93EC013F
:208A80008B01442389F0CB010E947EBBC80165E175E10E944CB9C80163E00E94B7BAC801CF
:208AA0006DE37DE00E944CB9C80161E00E94B7BA6A8170E080E090E00E947CFDAB01BC01B6
:208AC000C80120E00E94D5B7C80166E275E10E944CB9DF91CF911F910F910895CF92DF9202
:208AE000EF92FF920F931F93CF93DF938C01EB01DC0112969C91129713968C911397981749
:208B000011F4442301F1CE010E947EBBD8011296EC911297E150EF3068F4F0E0EE0FFF1F0F
:208B2000E85CF84F608171816115710519F0CE010E944CB9CE0163E00E94B7BACE016DE328
:208B40007DE00E944CB9D8011296EC91E150F0E03196EE0FFF1FEE0FFF1FE00FF11FC080D6
:208B6000D180E280F380CE0161E00E94B7BAF8018281863018F1883090F08B508530F0F445
:208B8000C701B6010E947CFD20E030E040E251E40E94A5FCAB01BC01CE0121E017C0C701B9
:208BA000B6010E947CFD20E030E543EC57E40E94A5FCAB01BC01CE0125E008C0C701B6019D
:208BC0000E947CFDAB01BC01CE0120E00E94D5B7CE0160E175E10E944CB9D80112968C9169
:208BE000129713968C931397DF91CF911F910F91FF90EF90DF90CF900895CF93DF93EB0101
:208C0000442389F0CB010E947EBBCE016DE671E10E944CB9CE0163E00E94B7BACE016DE36E
:208C20007DE00E944CB9CE0161E00E94B7BAE881F9810190F081E02DCE0168E7199560915E
:208C400003047091040480910504909106040E947EFD20E030E040E857E30E94C0FEAB0124
:208C6000BC01CE0122E00E94D5B7DF91CF9108950F931F93CF93DF93EC018B01442389F04A
:208C8000CB010E947EBBC80169E471E10E944CB9C80163E00E94B7BAC8016DE37DE00E94E7
:208CA0004CB9C80161E00E94B7BA4A815B816C817D81C80123E00E94D5B7C80168E571E19E
:208CC0000E944CB9DF91CF911F910F910895CF93DF93EC01F89485E791E044EF51E060E062
:208CE00070E00E9430B4DC01CB018C839D83AE83BF8389E791E044EF51E060E070E00E94DC
:208D000030B4DC01CB0188879987AA87BB878DE791E044EF51E060E070E00E9430B4DC01E8
:208D2000CB018C879D87AE87BF8778941B8281E08A83DF91CF910895FC01643031F16530E9
:208D400028F46230B9F0633029F50FC06B3051F06C3019F06530F1F412C084E791E06281B0
:208D60000F94AD000E942FB5089582818B3790F48B5F09C08281853068F0855004C08281D8
:208D80008F3740F48F5F828308958281882311F08150828308951F93CF93DF93EC018A81A9
:208DA0008F3009F07DC06C3009F07AC0F8944C815D816E817F818BE391E00E9489B448853E
:208DC00059856A857B858FE391E00E9489B44C855D856E857F8583E491E00E9489B44889D2
:208DE00059896A897B8987E491E00E9489B44C895D896E897F8986EA91E00E9489B4488D90
:208E0000598D6A8D7B8D87E691E00E9489B44C8D5D8D6E8D7F8D8FE591E00E9489B448A139
:208E200059A16AA17BA185E891E00E9489B44CA15DA16EA17FA18AEA91E00E9489B489E805
:208E400091E068A50F94AD004CA55DA56EA57FA582E991E00E9489B448A959A96AA97BA935
:208E600086E991E00E9489B44CA95DA96EA97FA98AE991E00E9489B448AD59AD6AAD7BADFC
:208E80008EE991E00E9489B44CAD5DAD6EAD7FAD82EA91E00E9489B478940E94673EB9C039
:208EA000182F1150643009F449C0653040F4E12FF0E0623011F1633009F054C00EC06B302A
:208EC00031F06C3039F0653009F04CC026C00E942FB548C08F5F8A839CC03196EE0FFF1F65
:208EE000EE0FFF1FEC0FFD1F80819181A281B3818C599F4FAF4FBF4F31C03196EE0FFF1F24
:208F0000EE0FFF1FEC0FFD1F80819181A281B38184569040A040B04021C0E12FF0E03196B3
:208F2000EE0FFF1FEE0FFF1FEC0FFD1F80819181A281B3810196A11DB11D10C0E12FF0E0A7
:208F40003196EE0FFF1FEE0FFF1FEC0FFD1F80819181A281B3810197A109B1098083918380
:208F6000A283B3834A81842F86508530C8F0E12FF0E03196EE0FFF1FEE0FFF1FEC0FFD1FE1
:208F800080819181A281B3810097A105B10541F481E090E0A0E0B0E080839183A283B383EC
:208FA000212F30E0F9013196EE0FFF1FEE0FFF1FEC0FFD1F80819181A281B38181345DE0E7
:208FC000950753E0A50750E0B50740F081E090E0A0E0B0E080839183A283B3834A30C9F470
:208FE000F9013196EE0FFF1FEE0FFF1FEC0FFD1F80819181A281B38182309105A105B10555
:2090000040F081E090E0A0E0B0E080839183A283B383DF91CF911F910895FC01643041F1ED
:20902000653028F46230C9F0633039F511C06B3061F06C3019F0653001F514C083EC90E0D3
:2090400062810F94AD000E942FB50E942FB5089582818A3F90F48B5F09C08281863068F020
:20906000855004C082818E3F40F48F5F828308958281823010F0815082830895FC0164300A
:2090800031F1653028F46230B9F0633029F50FC06B3051F06C3019F06530F1F412C08AE803
:2090A00090E062810F94AD000E942FB5089582818A3F90F48B5F09C08281853068F0855002
:2090C00004C082818E3F40F48F5F828308958281882311F0815082830895FC01643031F163
:2090E000653028F46230B9F0633029F50FC06B3051F06C3019F06530F1F412C0878190851A
:2091000062810F94AD000E942FB5089582818A3F90F48B5F09C08281863068F0855004C04C
:2091200082818E3F40F48F5F828308958281823010F0815082830895CF93DF93EC0184E747
:2091400091E065E20E94CEB38A83DF91CF910895CF93DF93EC01F8948BE391E044EF51E02A
:2091600060E070E00E9430B4DC01CB018C839D83AE83BF838FE391E044EF51E060E070E0B7
:209180000E9430B4DC01CB0188879987AA87BB8783E491E046E950E060E070E00E9430B4B1
:2091A000DC01CB018C879D87AE87BF8787E491E040E157E260E070E00E9430B4DC01CB015F
:2091C000888B998BAA8BBB8B86EA91E040E157E260E070E00E9430B4DC01CB018C8B9D8BA4
:2091E000AE8BBF8B87E691E04CEB52E060E070E00E9430B4DC01CB01888F998FAA8FBB8F24
:209200008FE591E040E951E060E070E00E9430B4DC01CB018C8F9D8FAE8FBF8F85E891E0A0
:2092200048E050E060E070E00E9430B4DC01CB0188A399A3AAA3BBA38AEA91E048E050E0C8
:2092400060E070E00E9430B4DC01CB018CA39DA3AEA3BFA389E891E061E00E94CEB341E0C6
:2092600050E060E070E0882321F440E050E060E070E048A759A76AA77BA782E991E04CE262
:2092800051E060E070E00E9430B4DC01CB018CA79DA7AEA7BFA786E991E04CE251E060E02D
:2092A00070E00E9430B4DC01CB0188AB99ABAAABBBAB8AE991E044E650E060E070E00E948D
:2092C00030B4DC01CB018CAB9DABAEABBFAB8EE991E04CE251E060E070E00E9430B4DC0185
:2092E000CB0188AF99AFAAAFBBAF82EA91E04CE251E060E070E00E9430B4DC01CB018CAF2A
:209300009DAFAEAFBFAF78941B8281E08A83DF91CF9108951F93CF93DF930F920F92CDB766
:20932000DEB7162F80919E1B90919F1B6091A01B0E94CEB3123019F01330D1F402C060E08A
:2093400001C061E069838A830E942FB591E08A816981882309F490E0691751F0F8948091B0
:209360009E1B90919F1B0F94AD0078940E94673E0F900F90DF91CF911F910895CF93DF9387
:20938000EC0180919E1B90919F1B6091A01B0E94CEB320919E1B30919F1B91E02B3E39076D
:2093A00019F4813029F402C0882311F083E001C082E08A8382E08D83DF91CF910895CF9390
:2093C000DF93EC0186E291E061E00E94CEB390E081709070FE01E15BFF4F8083009711F06C
:2093E00088E001C087E08F5F8C831A821D821092971B1092961B1092991B1092981B8AE0E9
:2094000090E190939B1B80939A1B8EE090E190939D1B80939C1BDF91CF910895CF93DF9375
:20942000EC018AE890E063E00E94CEB38A83DF91CF910895CF93DF93EC011B821D8289E80F
:2094400090E060E00E94CEB390E0817090708C83DF91CF910895CF93DF93EC018CEE91E0B0
:2094600060E00E94CEB391E0882309F490E09A83DF91CF910895CF93DF93EC018F81988588
:2094800069850E94CEB38A83DF91CF910895CF93DF93EC011E821D821F8286E890E06FEF64
:2094A0000E94CEB38A8387E890E06FEF0E94CEB38B8388E890E06FEF0E94CEB38C83DF912E
:2094C000CF910895CF93C62F89E890E060E00E94CEB3C23019F0C33061F403C0682F6E7F6A
:2094E00002C0682F616089E890E00F94AD000E942FB5CF910895CF93DF93EC0189E890E0FC
:2095000060E00E94CEB380FF02C083E001C082E08A8382E08D83DF91CF9108950F931F93E1
:20952000CF93DF93CDB7DEB766970FB6F894DEBF0FBECDBF8B01CE010296BE016F5F7F4FAC
:209540004E8B0E94BD744E894423A1F1C8010E947EBBD801ED91FC910190F081E02DC8012F
:2095600068E51995C80161E00E94B7BAD801ED91FC910190F081E02DC80169E51995C80152
:2095800062E00E94B7BAD801ED91FC910190F081E02DC8016AE51995C80163E00E94B7BA9E
:2095A000D801ED91FC9169816F5B0190F081E02DC8011995D801ED91FC910190F081E02D9A
:2095C000C8016AE31995C80163E040E00E947BBACE01029660E070E00E94C942FC01608142
:2095E00071818281938140E00E94C671AB01BC01C80123E00E94D5B7C8016DEE7DE00E94E3
:209600004CB9C80163E041E00E947BBACE01029661E070E00E94C942DC016D917D918D9195
:209620009C9141E00E94C671AB01BC01C80123E00E94D5B7C8016DEE7DE00E944CB9C801AF
:2096400063E042E00E947BBACE01029662E070E00E94C942FC01608171818281938142E01F
:209660000E94C671AB01BC01C80123E00E94D5B7C8016DEE7DE00E944CB9C80163E043E057
:209680000E947BBA698170E06D5F7F4FCE0102960E94C942DC016D917D918D919C9149810D
:2096A0004D5F0E94C671AB01BC01C80123E00E94D5B7C8016DEE7DE00E944CB966960FB6D9
:2096C000F894DEBF0FBECDBFDF91CF911F910F9108950F931F93CF93DF93EC018A01643017
:2096E00071F1653038F46230A1F06330E8F4662349F055C06630D9F1663090F1673009F0D7
:209700004EC03CC0BC016A5F7F4FCA010E9435B946C0CA016DE974E10E944CB96F85788978
:2097200089899A8940E015C0CA0164EA74E10E944CB96B897C898D899E8941E00AC0CA01FE
:209740006BEA74E10E944CB96F89788D898D9A8D42E00E94C671AB01BC01C80123E01DC071
:20976000CA0162EB74E10E944CB96B8D0DC0CA016FEB74E10E944CB96C8D06C0CA016CEC0D
:2097800074E10E944CB96E8D70E080E090E00E947CFDAB01BC01C80120E00E94D5B7DF91C7
:2097A000CF911F910F910895CF92DF92EF92FF920F931F93CF93DF938C01EB01FC019281C7
:2097C0008381981711F4442309F1CE010E947EBBF8018281823041F0833051F0813069F4E5
:2097E000CE016DE772E107C0CE0167E872E103C0CE0161E972E10E944CB9CE0163E00E9431
:20980000B7BACE016DE37DE00E944CB9F8018281823089F08330E1F0813059F58EE79BE119
:2098200060E070E00E94C942FC01608171818281938140E019C08EE79BE161E070E00E94E7
:20984000C942FC01608171818281938141E00CC08EE79BE162E070E00E94C942FC0160811B
:2098600071818281938142E00E94C6716B017C010AC00F2EF0E0CF2EF0E0DF2EF0E0EF2E5D
:20988000F0E0FF2EF02DCE0161E00E94B7BACE01B701A60123E00E94D5B7CE016DEE7DE0A5
:2098A0000E944CB9F80182818383DF91CF911F910F91FF90EF90DF90CF900895CF93DF9392
:2098C000EC01653071F1663048F48A81633081F16430A8F5623009F048C037C0673009F473
:2098E0003FC06730C0F16B30C9F06C3009F03DC08C85F89490E0BC01660F771F680F791F57
:2099000033E0660F771F3A95E1F76A537F4FCE01039648E050E00F94A30078940E942FB55F
:2099200024C08A81FE01E80FF11D83818F5F05C0FE01E80FF11D83818B5F838316C0FE01B0
:20994000E80FF11D83818150F8CFFE01E80FF11D83818550F2CF8A81882339F0815004C054
:209960008A81873010F48F5F8A838A81C80FD11D8B81803210F480E28B838B818F3710F052
:209980008EE78B83DF91CF910895EF92FF920F931F93CF93DF9300D00F92CDB7DEB7FC0116
:2099A000862F9281933051F56C3041F540E6E42EF12C00E010E08EE79BE1B8010E94C94288
:2099C000FC0180819181A281B38189839A83AB83BC83F894CE010196B70144E050E00F94E9
:2099E000A30078940F5F1F4F84E090E0E80EF91E0530110501F70E94673E61C0692F615007
:209A0000843009F44AC0853030F4823041F1833009F055C015C08B3031F08C3039F08530C2
:209A200009F04DC02BC00E942FB549C0913011F482E004C0923009F042C083E082833FC096
:209A40008EE79BE170E00E94C942FC0140815181628173814C5E5F4F6F4F7F4F2CC08EE76C
:209A60009BE170E00E94C942FC01408151816281738144515040604070401DC08EE79BE1C3
:209A800070E00E94C942FC0140815181628173814F5F5F4F6F4F7F4F0EC08EE79BE170E06B
:209AA0000E94C942FC014081518162817381415050406040704040835183628373830F9010
:209AC0000F900F900F90DF91CF911F910F91FF90EF900895FC0161AF06960E9427B508951A
:209AE000CF92DF92EF92FF920F931F93CF93DF93CDB7DEB764970FB6F894DEBF0FBECDBFFF
:209B00006C01CE01019660E070E00E94BD74AEE7BBE1FE01319684E101900D928150E1F7DA
:209B200050E6E52EF12C00E010E0F8948EE79BE1B8010E94C942B70144E050E00F948B00D2
:209B400078940F5F1F4F84E090E0E80EF91E0530110559F7F601138281E0828364960FB6F0
:209B6000F894DEBF0FBECDBFDF91CF911F910F91FF90EF90DF90CF900895CF93DF93EC0109
:209B80001A8285E890E00F949B008B83DF91CF9108950F931F93CF93DF93CDB7DEB7A69715
:209BA0000FB6F894DEBF0FBECDBF8C01CE0101966EA30E9468F6F801E15BFF4F80816EA1C7
:209BC000882319F4633008F06F5F1092991B1092981B8AE090E190939B1B80939A1B8EE0DF
:209BE00090E190939D1B80939C1B643009F44EC0653050F4613031F1613098F0623069F11F
:209C0000633009F092C03FC0663009F46CC0663008F447C0673009F477C0683009F085C06E
:209C200076C085EC90E090939F1B80939E1B1092A01B87EA93E19093971B8093961B86EB18
:209C400093E11CC08CED91E090939F1B80939E1B1092A01B83EC93E164C086E291E09093C1
:209C60009F1B80939E1B81E08093A01B83ED93E19093971B8093961B8FED93E19093991BEB
:209C80008093981B52C0C8010F9651C089EE91E090939F1B80939E1B1092A01B89EE93E194
:209CA00040C08AEE91E090939F1B80939E1B81E08093A01B88EF93E19093971B8093961B5F
:209CC00088E094E19093991B8093981B80E194E190939B1B80939A1B84E194E190939D1BDE
:209CE00080939C1B22C08BEE91E090939F1B80939E1B1092A01B88E194E19093971B809302
:209D0000961B88E294E1BACFC8010C9610C08CEE91E090939F1B80939E1B1092A01B88E393
:209D200094E19093971B8093961BC80106960E9427B5A6960FB6F894DEBF0FBECDBFDF913F
:209D4000CF911F910F9108952F923F924F925F926F927F928F929F92AF92BF92CF92DF928A
:209D6000EF92FF920F931F93CF93DF930F920F92CDB7DEB79A8389837B01442339F4DC0138
:209D800018968C911897882309F40AC1C7010E947EBBE981FA818185882321F0C70166EE70
:209DA00072E103C0C70165EF72E10E944CB983EB90E000E010E020E030E040E050E060E029
:209DC00070E00E94D7B3C22EB32EA42E352E84ED91E020E030E040E050E060E070E00E948D
:209DE000D7B3922E832E742ED52EA981BA8119968C911997882309F05EC08BEB90E020E03A
:209E000030E040E050E060E070E00E94D7B3422E232E642E552E8DED91E020E030E040E035
:209E200050E060E070E00E94D7B37C2D741961E0C71608F060E08B2D821991E0B81608F020
:209E400090E0B82EB61A61E08B1508F060E0962B6A2D661981E0A61608F080E0A62EA91AE0
:209E600091E06A1508F090E0892B3518C72E381A692D621B21E0961608F020E0882D831B37
:209E800091E0881608F090E0882E821A21E0881508F020E0922B272D241B81E0721608F032
:209EA00080E0722E791A91E0271508F090E0892BD51A962ED81A6C2D7B2D8A2D932D43E0C6
:209EC0000E94C6711B012C01692D782D872D9D2D44E00E94C6719B01AC01C201B1010E944A
:209EE0002AFCB62EA72ED82EC92EC70161E00E94B7BAA5019601852F942FA32FB22FBC0146
:209F0000CD0120E030E04AE754E40E94A5FCAB01BC01C70124E00E94D5B7D701ED91FC9171
:209F20000190F081E02DC7016DE61995C70162E00E94B7BAE981FA818185882321F0C701BD
:209F400064E073E103C0C70165E173E10E944CB9C70163E00E94B7BAA5019601852F9A2DC7
:209F6000A32FBC2DBC01CD0123E333E34BEC51E40E94A5FC20E030E040E451E40E94A5FC24
:209F8000AB01BC01C70124E00E94D5B7C70161E472E00E9435B9A981BA8118961C921897FF
:209FA0000F900F90DF91CF911F910F91FF90EF90DF90CF90BF90AF909F908F907F906F907D
:209FC0005F904F903F902F9008950F931F93623061F1633071F583EB90E000E010E020E0A9
:209FE00030E040E050E060E070E00E9462B484ED91E020E030E040E050E060E070E00E9445
:20A0000062B48BEB90E020E030E040E050E060E070E00E9462B48DED91E020E030E040E081
:20A0200050E060E070E00E9462B40E942FB50E942FB51F910F9108950F931F93CF93DF9387
:20A04000CDB7DEB7A5970FB6F894DEBF0FBECDBF062FCE0101960E9468F680E06CE041E0FC
:20A060009E012F5F3F4F10E00E94EA38A5960FB6F894DEBF0FBECDBFDF91CF911F910F91CF
:20A0800008950F931F93CF93DF93CDB7DEB7A6970FB6F894DEBF0FBECDBF8C01CE0101966B
:20A0A0006EA30E9468F66EA16C3071F481E0F801828380E06BE142E09E012F5F3F4F01E0B6
:20A0C00010E00E94EA3802C00E942FB5A6960FB6F894DEBF0FBECDBFDF91CF911F910F91E1
:20A0E00008954F925F927F928F929F92AF92BF92CF92DF92EF92FF920F931F93CF93DF93F0
:20A10000CDB7DEB7AC970FB6F894DEBF0FBECDBF2C018B01442331F4FC0192818381981794
:20A1200009F482C0C8010E947EBBF2018281863060F4843008F055C0823039F1833008F0F4
:20A1400043C0813009F070C00AC08A3020F4883008F04FC04AC08A3009F066C04EC0C80111
:20A1600067EA71E10E944CB9C80161E00E94B7BAC80168EB71E10E944CB9C80162E00E94B6
:20A18000B7BAC80167EC71E115C0C80168EE71E10E944CB9C80161E00E94B7BAC80168EFB6
:20A1A00071E10E944CB9C80162E00E94B7BAC80166E072E10E944CB9C80163E00E94B7BA60
:20A1C000C80167ED71E12EC0C80163E172E10E944CB9C80161E00E94B7BAC8016FE172E192
:20A1E000E9CFC80168E272E11DC0C80164E372E119C0C80160E472E115C0C8016CE472E187
:20A200000E944CB9C80161E00E94B7BAC8016BE572E10E944CB9C80163E00E94B7BAC8017F
:20A220006CE672E10E944CB9F2018281838384E791E065E20E94CEB3782EF201828186303E
:20A2400009F483C0873030F4843071F0853009F058C174C0883009F4C6C0883008F4BCC068
:20A26000893009F04EC106C100D00F92EDB7FEB71182128213821482CE01499640E050E03C
:20A2800060E070E000E010E020E030E0CC24DD2476018824992454010E948D420F900F9079
:20A2A0000F900F90CE01499660E00E944A7368EC70E080E090E042E00E94C67174FC02C072
:20A2C00001E075FE00E08DE791E044EF51E060E070E00E9430B46B017C0160E070E080E80A
:20A2E0009FE342E00E94F3714B015C01C701B6010E947CFD20E030E040E752E40E94A5FCC1
:20A300006B017C01C501B4010E947EFD9B01AC01C701B6010E94C0FE9B01AC0160E074E2B5
:20A3200084E799E40E94A5FC0E944CFD9B01AC01802F64E00E94487985E0E1C00E945C72F2
:20A34000882309F0DEC086E0DAC06FE270E080E090E041E00E94C67172FC02C001E073FECE
:20A3600000E089E791E044EF51E060E070E00E9430B46B017C0160E070E080E89FE341E01E
:20A380000E94F3714B015C01C701B6010E947CFD20E030E040E752E40E94A5FC6B017C01DB
:20A3A000C501B4010E947EFD9B01AC01C701B6010E94C0FE9B01AC0160E074E284E799E416
:20A3C0000E94A5FC0E944CFD9B01AC01802F62E00E94487987E093C00E945C72882309F0E4
:20A3E00090C088E08CC06FE270E080E090E040E00E94C67170FC02C001E071FE00E085E725
:20A4000091E044EF51E060E070E00E9430B46B017C0160E070E080E89FE340E00E94F371C8
:20A420004B015C01C701B6010E947CFD20E030E040E752E40E94A5FC6B017C01C501B401C5
:20A440000E947EFD9B01AC01C701B6010E94C0FE9B01AC0160E074E284E799E40E94A5FCAD
:20A460000E944CFD9B01AC01802F61E00E94487989E045C00E945C72882309F042C060E68B
:20A48000C62ED12C00E010E0CE01059660E070E00E94BD74CE010596B8010E94C142FC0169
:20A4A00080819181A281B38189839A83AB83BC83F894CE010196B60144E050E00F94A30059
:20A4C00078940F5F1F4F84E090E0C80ED91E05301105D1F680E060E00E94D47981E060E0B1
:20A4E0000E94D47982E060E00E94D47983E060E00E94D47984E060E00E94D4798AE0F2015A
:20A500008283AC960FB6F894DEBF0FBECDBFDF91CF911F910F91FF90EF90DF90CF90BF9062
:20A52000AF909F908F907F905F904F900895CF93DF93EC0180E060E00E94D47981E060E023
:20A540000E94D47982E060E00E94D47983E060E00E94D47984E060E00E94D4791B8281E058
:20A560008A83DF91CF910895CF93DF93D62FC0E08C2F6D2F0E94D479CF5FC530C9F7DF914F
:20A58000CF910895DF92EF92FF920F931F93CF93DF93CDB7DEB7A5970FB6F894DEBF0FBE03
:20A5A000CDBF7C01DC0113968D919C9114979F77643009F484C0653038F4623009F47BC0A0
:20A5C000633009F08FC075C06B3009F46DC06C3021F0653009F086C070C0CE0101960E94ED
:20A5E00068F6F7018281E82FF0E0EE0FFF1FEA57F74FD70113962D913C911497318320836B
:20A6000060E240E09E012F5F3F4F00E010E00E94EA38882391F0CE01019661E00E9455F6C9
:20A62000009759F0F70103811481828163E041E09E012F5F3F4F0E94EA3880918A088823F5
:20A6400099F1DD24D394D70112968C9112978111DD24ED2DF0E0EE0FFF1FEA57F74FD701CB
:20A6600013968D919C911497918380838D2D60E240E09E012F5F3F4F00E010E00E94EA38B9
:20A68000882391F0CE01019661E00E9455F6009759F0F701038114818D2D63E041E09E014C
:20A6A0002F5F3F4F0E94EA380E942FB50E942FB519C0059605C0059703C0019601C0019726
:20A6C000F1E089319F071CF088E191E006C097FF04C0F7011482138205C0D70114969C93AA
:20A6E0008E931397A5960FB6F894DEBF0FBECDBFDF91CF911F910F91FF90EF90DF900895D3
:20A70000CF92DF92EF92FF92CF93DF93EC01643009F460C0653030F4623081F1633009F09A
:20A720008EC016C06B3079F06C3021F0653009F086C039C06A817B818C819D8142E00E94A1
:20A74000F3710E949C170E942FB50E942FB563C0CA80DB80EC80FD80C701B60120E030E0F4
:20A760004AE753E40E94A1FC18160CF454C0C701B60120E030E040E85FE329C0CA80DB8069
:20A78000EC80FD80C701B60120E030E040E85FE30E94BCFE87FD37C0C701B60120E030E071
:20A7A00040E85FE32BC0CA80DB80EC80FD80C701B60120E030E04EE753E40E94A1FC18164E
:20A7C00054F1C701B6012DEC3CEC4CE45DE30E942AFC16C0CA80DB80EC80FD80C701B60159
:20A7E0002DEC3CEC4CE45DE30E94BCFE87FD0BC0C701B6012DEC3CEC4CE45DE30E9429FC06
:20A80000DC01CB0104C080E090E0A0E0B0E08A839B83AC83BD836A817B818C819D812FE62A
:20A8200032E143E85AE30E94A1FC87FF08C080E090E0A0E0B0E08A839B83AC83BD83DF9126
:20A84000CF91FF90EF90DF90CF900895EF92FF920F931F93CF93DF930F92CDB7DEB78C019E
:20A860007B01DC011C968C911C97882361F089E890E060E049830E94CEB390E08170907090
:20A88000F80184834981442361F4D8011B968C911B97882331F41C968C911C97882309F4DF
:20A8A00069C0C7010E947EBBC70168EF7BE00E944CB9F8018281813091F0813018F0823012
:20A8C00001F51AC0D701ED91FC910190F081E02DC70163EF1995C70163E07CE010C0D701DF
:20A8E000ED91FC910190F081E02DC70163EF1995C70168E07CE003C0C7016CE07CE00E9435
:20A900004CB9C70161E00E94B7BAF8018481882319F063E17CE002C064E27CE0C7010E94F6
:20A920004CB9C70162E00E94B7BAD80114968C911497882319F065E37CE002C066E47CE0EA
:20A94000C7010E944CB9C70163E00E94B7BAF8018481882319F067E57CE002C068E67CE0A4
:20A96000C7010E944CB9D8011B961C921B971C961C921C97F8018281823061F483818823B9
:20A9800049F00E9436B5882329F4D80113961C920E94B97A0F90DF91CF911F910F91FF90D6
:20A9A000EF900895EF92FF920F931F93CF93DF9300D0CDB7DEB77C018B01442351F1CB01DA
:20A9C0000E947EBBC80161E270E10E944CB9C80161E00E94B7BAF7018281882319F064E583
:20A9E00070E102C065E670E1C8010E944CB9C80162E00E94B7BAC80162E370E10E944CB914
:20AA0000C80163E00E94B7BAC80163E470E10E944CB9C80165E041E00E947BBA8091620393
:20AA200090916303009709F4E8C0E0916403F0916503808190E00090660302C09595879520
:20AA40000A94E2F78170907090915D14981709F4D4C0C80166E770E10E944CB9C8016FE096
:20AA600041E00E947BBAF7018281882389F08091751B9091761B9A8389838B81807F856053
:20AA80008B83CE01019665E00E94C7AF882301F1F7018281882309F0B4C080916903909197
:20AAA0006A03009709F4ADC0E0916B03F0916C03808190E000906D0302C0959587950A9442
:20AAC000E2F78170907090915D14981709F499C0C80166E770E10E944CB9C80165E042E0D7
:20AAE0000E947BBA8091850390918603009709F48CC0E0918703F0918803808190E0009054
:20AB0000890302C0959587950A94E2F78170907090918614981709F478C0C80166E770E133
:20AB20000E944CB9C8016FE042E00E947BBA80918C0390918D03009709F46BC0E0918E034B
:20AB4000F0918F03808190E00090900302C0959587950A94E2F78170907090918614981774
:20AB600009F457C0C80166E770E10E944CB9C80165E043E00E947BBA8091A8039091A90322
:20AB8000009709F44AC0E091AA03F091AB03808190E00090AC0302C0959587950A94E2F79B
:20ABA000817090709091AF149817B9F1C80166E770E10E944CB9C8016FE043E00E947BBA47
:20ABC0008091AF039091B003009759F1E091B103F091B203808190E00090B30302C09595FF
:20ABE00087950A94E2F7817090709091AF149817C1F0C80166E770E117C0C80168E770E1E6
:20AC00002BCFC80168E770E166CFC80168E770E187CFC80168E770E1A8CFC80168E770E194
:20AC2000C8CFC80168E770E10E944CB90F900F900F90DF91CF911F910F91FF90EF900895C5
:20AC4000AF92BF92CF92DF92EF92FF920F931F93CF93DF930F92CDB7DEB77C018B01CB01C7
:20AC600049830E94F0BDB82ED70113963C91139712968C9112976B2D0E948BFF282F832FA0
:20AC80000E948BFF692F4981281711F44423A1F1C8010E94C9BACC24DD242AC0F701828125
:20ACA0006B2D0E948BFF8B9D900111242C0D3D1D0894C11CD11C848190E02817390744F5BC
:20ACC000C80161E04A2D0E947BBAD701ED91FC91119712968C916B2D0E948BFF8B9D602D53
:20ACE00011246A0D0284F385E02DC701A8011995AC2CCB1498F20CC0C8010E94B7BAD801BC
:20AD0000ED91FC910190F081E02DC80160E21995F70182816B2D0E948BFF692FC8010E949E
:20AD2000B7BAD801ED91FC910190F081E02DC8016EE71995F701828183830F90DF91CF9173
:20AD40001F910F91FF90EF90DF90CF90BF90AF900895EF92FF920F931F93CF93DF93EC0175
:20AD60007B01042FCB010E94F0BD182F0023A1F58885882389F52A81822F612F0E948BFFBB
:20AD8000382F8B810E948BFF381799F48F81281781F00E948BFF492FC70161E00E947BBAF4
:20ADA000E881F9810284F385E02DCE016F81A70119958A818F83612F0E948BFF492FC70177
:20ADC00061E00E947BBAE881F9810284F385E02DCE016A81A70119958985882349F0CE019C
:20ADE000B701402F0E9420D68E818F5F8E8306C0C70160E00E94EFC20E942FB5DF91CF910F
:20AE00001F910F91FF90EF9008950F931F93CF93DF93EC01162F9E81992321F00F8181E000
:20AE2000082701C000E0802F8F5F181739F40E94831E0E942FB50E94973E4CC0802F8E5F61
:20AE4000992359F5181719F481E060E00FC0802F8D5F181729F4CE010E960E9427B53AC06A
:20AE6000802F8C5F181749F481E061E00E9462171092921BCE010896F0CF802F8B5F1817CC
:20AE800051F481E063E00E9462171092921BCE0108960E9427B5802F8A5F9E81992369F4A4
:20AEA000181719F4CE014496D8CF982F9F5F191719F4CE014B96D1CF8E5F9F81992331F0CA
:20AEC000181719F40E94781F03C08F5F181711F40E942FB5DF91CF911F910F910895CF9274
:20AEE000DF92EF92FF920F931F93CF93DF930F92CDB7DEB76C01F62E8A010E945C728823B6
:20AF000051F40E94864420E030E048EC52E40E94BCFE87FD03C081E0F6018683FF2029F4C6
:20AF2000C80165E67EE00E944CB9F6018681882319F08781882311F021E001C022E0F216C6
:20AF400039F4C80164E77EE029830E944CB92981E22EE394F6018681882361F4FE1439F491
:20AF6000C80160E87EE029830E944CB92981B2E0EB2EE20EF6018681882341F4FE1429F4BD
:20AF8000C80166E87EE00E944CB9E394F6018681882341F4FE1429F4C80164E97EE00E94FB
:20AFA0004CB9E394F6018681882341F4FE1429F4C80162EA7EE00E944CB9E394F601868179
:20AFC000882341F4FE1429F4C80161EB7EE00E944CB9E394F6018681882341F4FE1429F4C4
:20AFE000C8016EEB7EE00E944CB9E394F6018781882341F0FE1429F4C8016AEC7EE00E948A
:20B000004CB9E394FE1469F4F6018781882321F0C80168ED7EE003C0C80167EE7EE00E942D
:20B020004CB90F90DF91CF911F910F91FF90EF90DF90CF900895EF92FF920F931F93CF930B
:20B04000DF930F92CDB7DEB78C017B0149830E9470174981882319F00E942FB504C0C80135
:20B06000B7010E9420D60F90DF91CF911F910F91FF90EF900895CF93DF93EC011092921B06
:20B080001E820E945C72882351F40E94864420E030E048EC52E40E94BCFE87FD02C081E0C7
:20B0A0008E830E946C41882319F081E08F8301C01F828E81882321F082E08A8383E003C047
:20B0C00081E08A8389E08C838F81882319F08C818F5F8C8381E08D83DF91CF9108953F920D
:20B0E0004F925F926F927F928F929F92AF92BF92CF92DF92EF92FF920F931F93CF93DF937C
:20B10000CDB7DEB7CB58D0400FB6F894DEBF0FBECDBF2C013B01142F0E947017882381F0AB
:20B12000D2019F968C919F97882361F481E09F968C938093921BC20189960E9427B5C3C458
:20B14000F20117A60E946C418823B1F080918408823090F040918308242F30E090E001970E
:20B16000281739074CF44F5F4093830881E0D201D5968C930E94781F112329F4F20185A99B
:20B18000882309F451C0C3010E947EBB0E942D3D833018F4813058F403C08330D9F415C077
:20B1A0000E94F73CBC01C3010E9435B913C00E942A3DBC01C3010E9435B9C30161E00E9415
:20B1C000B7BAC30165E77DE003C0C30166E87DE00E944CB9C30162E00E94B7BAC3016DE886
:20B1E0007DE00E944CB9C30163E00E94B7BAC3016DE97DE00E944CB9C3016FE043E00E943B
:20B200007BBAD301ED91FC91008111810E94DB17DC01CB010097A105B10511F460E201C0CF
:20B220006AE2C301F8011995F20115AA86A991E0892786AB87A98823B1F0C30165E042E07D
:20B240000E947BBAD301ED91FC910190F081E02DD201D6968C91D697882311F062E001C0B1
:20B2600063E0C3011995F20180AD8823B1F0C30165E043E00E947BBAD301ED91FC9101903A
:20B28000F081E02DD201D6968C91D697882311F064E001C065E0C3011995CE01895B9F4F5E
:20B2A0000E9468F6CE01C396BE016F5F7F4F0E94BD74F20182A1823009F474C0833030F468
:20B2C000882359F0813009F0DEC30FC0833009F48CC0843009F0D7C3FBC0C30167E042E035
:20B2E0000E947BBA898162E064C0C3016BE042E00E947BBA898160E240E09E01295B3F4FE2
:20B3000000E010E00E94EA38882369F0CE01895B9F4F61E00E9455F66C01C301B60143E0BB
:20B320000E947FB707C0C30163EC7CE00E944CB9CC24DD24C30165E042E00E947BBA89815B
:20B3400066E140E09E01295B3F4F00E010E00E94EA38882309F497C3D201D7961C92CE0182
:20B36000895B9F4F61E00E9450F6C114D10481F0882351F0D301ED91FC9111970190F08142
:20B38000E02DC30163E00CC081E0F20187AB7BC3D301ED91FC910190F081E02DC30162E015
:20B3A000199571C3C30167E043E00E947BBA80E06EE140E09E01295B3F4F00E010E00E94B4
:20B3C000EA38882361F0CE01895B9F4F61E00E9455F6BC01C30143E00E947FB754C3C30129
:20B3E00063EC7CE00E944CB94EC3C3016BE043E00E947BBA80E061E240E09E01295B3F4F6D
:20B4000000E010E00E94EA38882369F0CE01895B9F4F61E00E9455F66C01C301B60143E0BA
:20B420000E947FB707C0C30163EC7CE00E944CB9CC24DD24C30165E043E00E947BBA80E003
:20B4400063E240E09E01295B3F4F00E010E00E94EA38882321F1F20110AECE01895B9F4F33
:20B4600061E00E9450F6C114D10481F0882351F0D301ED91FC9111970190F081E02DC30142
:20B4800065E00CC081E0F20180AF09C0D301ED91FC910190F081E02DC30164E01995C301E7
:20B4A0006FE043E00E947BBAD301ED91FC91008111810E94DB17DC01CB010097A105B10521
:20B4C00011F460E201C06AE2C301F8011995DBC20E942D3D8150823008F0D5C2F20180A9D6
:20B4E0008823D1F40E94864420E030E048EC52E40E94BCFE87FD10C081E0D201D0968C938D
:20B500008AE890E063E00E94CEB3282F8BEA98E162E043E00E943EAC8CE00E9436B5382E4E
:20B52000882319F0F20184A183A3CE014F960E948C42D20193968C919397833009F4A6C09C
:20B54000843030F48130B1F1823008F05DC00AC0853009F4E4C1853008F4CFC0863009F0E9
:20B5600075C214C2C30161E00E94B7BAC30165E77DE00E944CB9C3016BE041E00E947BBA8B
:20B580000E945F17682F853608F060E0CE010E960E9421BFC301BE01625F7F4F0E9435B972
:20B5A000D301ED91FC9111970190F081E02DC30165E24BC2C30161E00E94B7BAC3016DEAAA
:20B5C0007DE00E944CB9C30169E041E00E947BBA0E946C41882331F0F20165A176A187A10F
:20B5E00090A50BC08BEA98E10E944AAAD20195966D937D938D939C9398970E944CFDAB01A4
:20B60000BC01CE010E9656C20E94EA176B017C011616170618061906ACF5C30161E00E9488
:20B62000B7BAC3016EEB7DE00E944CB9C30169E041E00E947BBAD701C6010197A109B109D8
:20B640008B339105A105B10508F02BC20E946C41882309F426C2CE010E966C2D0E9421BFE8
:20B66000C301BE01625F7F4F0E9435B9C3016FEC7DE005C00E94831EC30164ED7DE00E9490
:20B680004CB9E4C1F20183A18F5F83A3C30161E00E94B7BAC3016CED7DE00E944CB9C301D8
:20B6A00066E041E00E947BBACE0184599F4F60E070E00E94BD74FE017F96DE01A459BF4F51
:20B6C00084E10D9001928150E1F7CE014F9662E070E00E94C942DC016D917D918D919C9105
:20B6E00042E00E94C671AB01BC01C30123E00E94D5B7C3016DEE7DE0C2CFC30161E00E943D
:20B70000B7BAC30160EF7DE00E944CB9C30169E041E00E947BBA80E00E948A1EC058DF4FAC
:20B720002883C058D040CF57DF4F3883C158D040CE57DF4F4883C258D040CD57DF4F588389
:20B74000C358D040CC57DF4F6883C458D040CB57DF4F7883C558D040CA57DF4F8883C65866
:20B76000D040C957DF4F9883C758D04081E00E948A1E49015A01C058DF4F88819981AA813D
:20B78000BB81C058D040880E991EAA1EBB1EC501B40143E00E94C671C857DF4F68837983AC
:20B7A0008A839B83C858D04080E00E94481DC058DF4F2883C058D040CF57DF4F3883C15886
:20B7C000D040CE57DF4F4883C258D040CD57DF4F5883C358D040CC57DF4F6883C458D04051
:20B7E000CB57DF4F7883C558D040CA57DF4F8883C658D040C957DF4F9883C758D04081E050
:20B800000E94481D49015A01C058DF4F88819981AA81BB81C058D040880E991EAA1EBB1E96
:20B82000C501B40143E00E94C6719B01AC01C857DF4F688179818A819B81C858D0400E941F
:20B840002AFC462F572F682F792FCB01BA0120E030E04AE754E40E94A5FCC62E872E082F65
:20B86000F92E862F982DA02FBF2DBC01CD012DEC3CEC4CEC5DE30E94A1FC87FF12C08C2DD8
:20B88000982DA02FBF2DBC01CD0120E030E04AE754E40E94C0FEC62E872E082FF92E11E0CC
:20B8A00021C08C2D982DA02FBF2DBC01CD0120E030E040E251E40E94A1FC87FD12C08C2D2E
:20B8C000982DA02FBF2DBC01CD0120E030E048EC52E40E94A1FC182F111F1127111F1E5F48
:20B8E00001C014E0C3014C2D582D602F7F2D212F0E94D5B7113049F4D301ED91FC9101902A
:20B90000F081E02DC3016DE61995D301ED91FC9111970190F081E02DC3016DE696C08091D0
:20B920008408882309F492C0C30161E00E94B7BAC30161E07EE00E944CB9C30167E041E033
:20B940000E947BBA6091830870E06F5F7F4F882777FD8095982F0E947EFDAB01BC01C3015F
:20B9600020E00E94D5B7C30162E17EE00E944CB96091840870E080E090E00E947CFDAB0129
:20B98000BC01C30120E00E94D5B760C0CE010A96BE016A5F7F4FAE014E5F5F4F0E944F6EAA
:20B9A000C30161E00E94B7BAC30167E17EE00E944CB9C30164E041E00E947BBA6A857B856F
:20B9C0008C859D8520E030E048EC52E40E94A1FC87FF09C0D301ED91FC910190F081E02D3E
:20B9E000C30160E219954A855B856C857D85C30120E00E94D5B7D301ED91FC910190F0811E
:20BA0000E02DC3016FE219954E815F8168857985C30120E00E94D5B7D301ED91FC9101905A
:20BA2000F081E02DC3016FE219954A815B816C817D81C30120E00E94D5B7D301ED91FC9162
:20BA40000190F081E02DC30160E219953320D9F4F20183A184A38F5F83A3853079F483EC20
:20BA600090E061E00E94CEB3823040F4D20193968C9193978F5F93968C939397F20183A152
:20BA8000873008F013A2D20192968C9192978F5F92968C9392978530B0F092961C9292974F
:20BAA00012C00E946C41882309F0E4CDCE010E96B701A6010E9479BEC301BE01625F7F4F53
:20BAC0000E9435B9C3CFC557DF4F0FB6F894DEBF0FBECDBFDF91CF911F910F91FF90EF9085
:20BAE000DF90CF90BF90AF909F908F907F906F905F904F903F9008950F931F93CF93DF932C
:20BB0000CDB7DEB761970FB6F894DEBF0FBECDBF8C01FC01858196818130910511F4339611
:20BB200007C0F8018230910511F0329601C03496643009F446C0653030F46230C1F1633082
:20BB400009F044C02FC06B3051F16C3019F06530E9F532C0823091053CF40196F8019683F1
:20BB6000858381E0878332C086E890E0F80162810F94AD0087E890E0F80163810F94AD004A
:20BB800088E890E0F80164810F94AD00CE0101960E943EB5CE01019661E00E94D8F40E94E5
:20BBA0002FB514C08081863F88F4865F0EC080818A3060F08A5009C080818F3F39F08F5F44
:20BBC00004C08081882311F08150808361960FB6F894DEBF0FBECDBFDF91CF911F910F91C2
:20BBE0000895FF920F931F93CF93DF93CDB7DEB7CB5AD0400FB6F894DEBF0FBECDBF8C01CD
:20BC0000CE0186569F4FC555DF4F6883CB5AD0400E943EB5C656DF4F8881CA59D040C555EE
:20BC2000DF4F6881CB5AD040882339F40E942FB5C555DF4F6881CB5AD040643009F46FC034
:20BC4000653040F46230D9F16330F0F4613009F08FC010C06B3009F479C06C3021F065308C
:20BC600009F086C047C085E890E0F80163810F94AD007CC0F8018381813009F079C0C8018F
:20BC800004960E9427B574C095E0F92ECE0187579F4F0E943EB5CE0187579F4FF801638114
:20BCA0000E94BAF4F8018383FA9481F7CE0188589F4F0E943EB5CE0188589F4F42C085E0F9
:20BCC000F82ECE0189599F4F0E943EB5CE0189599F4FF80163810E94CBF4F8018383FA94A0
:20BCE00081F7CE018A5A9F4F0E943EB5CE018A5A9F4F27C0CE018B5B9F4F0E943EB5CE0107
:20BD00008B5B9F4FF80163810E94BAF4F8018383CE01C4960E943EB5CE01C49612C0CE019B
:20BD200083960E943EB5CE018396F80163810E94CBF4F8018383CE0142960E943EB5CE0125
:20BD40004296F80163810E94D8F412C085E890E00F949B00F8018383CE0101960E943EB5D9
:20BD6000CE010196F80163810E94D8F40E942FB5C555DF4F0FB6F894DEBF0FBECDBFDF918D
:20BD8000CF911F910F91FF900895DF92EF92FF920F931F93CF93DF93CDB7DEB7E3970FB6C4
:20BDA000F894DEBF0FBECDBF7C018B01D42ECE0183960E943EB58BA1882389F5CE0142967D
:20BDC0000E943EB5CE0142960E945DF5882339F5DD2009F470C0C8010E947EBBC8016EEF66
:20BDE0007CE00E944CB9C80161E00E94B7BAC8016DE07DE00E944CB9C80162E00E94B7BAEB
:20BE0000C80167E17DE00E944CB9C80163E00E94B7BAC80167E27DE00E944CB94CC0DD20CF
:20BE200089F0C8010E947EBBC80166E37DE00E944CB9C80163E00E94B7BAC8016DE37DE03A
:20BE40000E944CB9F7018281882319F0813061F51BC0C80166E040E00E947BBAC8016EE489
:20BE60007DE00E944CB9C80166E040E00E947BBACE0101960E943EB5CE010196F70163817B
:20BE80000E94ACF4BC010DC0C80162E00E94B7BAF7018381813019F469E57DE002C06EE43F
:20BEA0007DE0C8010E944CB9F70182818F5F8283823008F01282E3960FB6F894DEBF0FBE55
:20BEC000CDBFDF91CF911F910F91FF90EF90DF900895CF93DF93EC0183E890E061E00E941D
:20BEE000CEB38A831E8A1B8281E090E09D838C831092941B1092931B80E00E94EA79DF91F9
:20BF0000CF910895CF93DF93EC0189E890E060E00E94CEB390E09C013595279527702A8348
:20BF2000233008F01A821B861B82817090708C831C8681E00E94EA79DF91CF9108950F93C5
:20BF40001F93CF93DF93CDB7DEB72F970FB6F894DEBF0FBECDBF8C01CE0101960E9474F834
:20BF6000D801A859BF4FFE0131968FE001900D928150E1F7F801E958FF4F10822F960FB627
:20BF8000F894DEBF0FBECDBFDF91CF911F910F9108958F929F92AF92BF92CF92DF92EF922B
:20BFA000FF920F931F93CF93DF930F92CDB7DEB74C018B01DC011396FC9013971296EC9055
:20BFC00088599F4F49830E949EF84981882329F08BE899E10E9440B741C0F401EA59FF4FF3
:20BFE000442319F480818823C9F1AF2CBB24CE2CDD241082C8010E94C9BAC8016E2D4F2D52
:20C000000E947BBAE4E0F0E08E0E9F1E23C08A3039F0C8010E94EDBD90E0C816D90654F010
:20C020000894A11CB11CC80160E04A2D0E947BBACC24DD24D4016D914D016A3059F0D801B5
:20C04000ED91FC910190F081E02DC80119950894C11CD11CF40180818823C9F60F90DF917A
:20C06000CF911F910F91FF90EF90DF90CF90BF90AF909F908F900895FC01613041F061306B
:20C0800018F0623099F40BC016821086089586818F5F8683843050F01682608708958681CE
:20C0A0008F5F8683843010F0168260870895FC012781222331F0653011F4178208956BE093
:20C0C0000AC0643031F0623021F0653011F0633011F4FC0116820E947CBF0895CF93DF932D
:20C0E000EB01442319F1CB010E947EBBCE016BEC7FE00E944CB9CE0161E00E94B7BACE011E
:20C1000067ED7FE00E944CB9CE0162E00E94B7BACE0168EE7FE00E944CB9CE0163E00E94C2
:20C12000B7BACE0169EF7FE00E944CB9DF91CF910895CF93DF93EB01442321F1CB010E944D
:20C14000BCBACE0160E97BE00E944CB9CE0161E00E94B7BACE0161EA7BE00E944CB9CE0141
:20C1600062E00E94B7BACE0162EB7BE00E944CB9CE0163E00E94B7BACE0163EC7BE00E940C
:20C180004CB902C00E942FB5DF91CF910895FC0182818A3019F40E94673E08956B3039F076
:20C1A000982F9150933028F48F5F828308950E942FB50895CF93DF93EC0183EC90E061E064
:20C1C0000E94CEB38A83882359F483EC90E061E00F94AD0083EC90E061E00E94CEB38A8377
:20C1E000DF91CF9108950F931F93FC016B30C9F16C3039F06130B9F5818586278187608786
:20C2000032C08185882329F0CF0102960E9427B52AC083EB90E000E010E020E030E040E0B4
:20C2200050E060E070E00E94D7B389019A01AB01BC018BEB90E00E9462B484ED91E000E024
:20C2400010E020E030E040E050E060E070E00E94D7B389019A01AB01BC018DED91E00E94B7
:20C2600062B40E942FB51F910F910895EF92FF920F931F93CF93DF93CDB7DEB7A5970FB6E1
:20C28000F894DEBF0FBECDBF7C018B014423D1F0CB010E947EBBC8016DE771E10E944CB92E
:20C2A000C80161E00E94B7BAC8016AE871E10E944CB9C80162E00E94B7BAC80166E971E1C5
:20C2C0000E944CB9F70182818823A9F08CE00E9436B5882381F4CE0101960E9468F6F70101
:20C2E000128280E06BE142E09E012F5F3F4F00E010E00E94EA38A5960FB6F894DEBF0FBE97
:20C30000CDBFDF91CF911F910F91FF90EF9008950F931F93CF93DF93CDB7DEB764970FB6C5
:20C32000F894DEBF0FBECDBF8C010E94DB17611571058105910579F4CE0101960E94DC738E
:20C34000CE01019662E070E00E94C942FC01608171818281938142E00E94C671DC01CB01AD
:20C36000F80182839383A483B58364960FB6F894DEBF0FBECDBFDF91CF911F910F9108954C
:20C38000CF93DF93EC01633071F06B3091F40E942D3D8150823028F4CE0102960E9427B538
:20C3A00002C00E942FB50E942D3D823011F484E08AA3DF91CF910895EF92FF920F931F930E
:20C3C000CF93DF930F92CDB7DEB78C017B01FC018781882339F1442309F49CC0CB010E94BE
:20C3E000BCBAC70163E675E10E944CB9C70161E00E94B7BAC70161E775E10E944CB9C701C8
:20C4000062E00E94B7BAC7016FE775E10E944CB9C70163E00E94B7BAC7016BE875E10E947B
:20C420004CB978C0F80180858F3F29F0CB0149830E947EBB4981F80180858130E1F082306B
:20C44000B9F1882309F03FC088E297E00E94DA46882371F4C7016CE975E10E944CB988E258
:20C4600097E00E9470B3882301F5C70161E01BC0C70162E018C088E297E00E94DA468823CB
:20C4800081F0C70166EA75E10E944CB988E297E00E9490B38823A1F4C70163E00E94EFC2B2
:20C4A0000FC0C70164E00E94EFC20E942FB50FC0C70165E00E94EFC20E945FB30E942FB55F
:20C4C0000E94673E04C0C801B7010E9420D6C70163E00E94B7BAF8018681882399F0C7011E
:20C4E00063EB75E10E944CB9F801868164E070E0681B7109C70141E00E947FB7C7016CEB80
:20C5000075E103C0C70164EC75E10E944CB98FEFF80180870F90DF91CF911F910F91FF9021
:20C52000EF900895EF92FF920F931F93CF93DF93CDB7DEB7A5970FB6F894DEBF0FBECDBF09
:20C540007B01442309F480C0CB010E947EBBC70168E27EE00E944CB9C70161E00E94B7BAE1
:20C56000C70169E37EE00E944CB9C70162E00E94B7BAC7016AE47EE00E944CB9C7016DE055
:20C5800040E00E947BBAC70164E070E041E00E947FB7C7016FE040E00E947BBAC70167E032
:20C5A00070E041E00E947FB7CE0101960E9468F680E060E040E09E012F5F3F4F00E010E081
:20C5C0000E94EA38882301F1CE01019661E00E9455F68C01C7016DE041E00E947BBAC80103
:20C5E00064E670E00E9497FF8C01C70141E00E947FB7C7016FE041E00E947BBAC701B8018B
:20C6000041E00E947FB70AC0C7016DE041E00E947BBAC70164E472E00E9435B9C70163E04D
:20C620000E94B7BAC7016AE57EE00E944CB90E948941BC0180E090E00E947CFDAB01BC014E
:20C64000C70120E00E94D5B7A5960FB6F894DEBF0FBECDBFDF91CF911F910F91FF90EF9034
:20C6600008958F929F92AF92BF92CF92DF92EF92FF920F931F93CF93DF93EC018B010E9412
:20C6800020D686E00E9436B5CD58DE4F8823D1F1C880D980EA80FB80C701B60120E030E0DD
:20C6A00040E85FEB0E94A1FC8823B1F18BEA98E10E944AAA4B015C01C701B60120E030E0C0
:20C6C00040E251E40E942AFCA50194010E94A1FC181614F18BEA98E161E041E021E00E949B
:20C6E0003EAC80E090E0A0E8BFEB88839983AA83BB83C8010E9468B7C8010E943CBC0E942D
:20C70000673E0AC08BEA98E10E944AAADC01CB0188839983AA83BB83DF91CF911F910F91CB
:20C72000FF90EF90DF90CF90BF90AF909F908F90089528E534E0FC013183208324E0248384
:20C740000E9467BF08952F923F924F925F927F928F929F92AF92BF92CF92DF92EF92FF9237
:20C760000F931F93CF93DF93CDB7DEB768970FB6F894DEBF0FBECDBF9F8B8E8B762E4423E4
:20C7800029F082E0EE89FF89828307C0EE89FF8982818823C1F0813059F00F2EF0E0CF2EF1
:20C7A000F0E0DF2EF0ECEF2EFFE3FF2EF02D15C00F2EF0E0CF2EF0E0DF2EF0E8EF2EFFE3E4
:20C7C000FF2EF02D0AC00F2EFDECCF2EFCECDF2EFCECEF2EFDE3FF2EF02DEE89FF898481FA
:20C7E000882331F461E0862E912CA12CB12C04C088248A94982C5401CE010296BE016F5F72
:20C800007F4F488F0E94BD74488DF4E07F1609F461C0F71560F022E0721609F4A3C02715C2
:20C8200008F4BDC031E0731609F036C1D8C056E0751659F0751608F46FC087E0781639F17E
:20C84000ECE07E1609F028C1CAC0CE01029660E070E00E94C9428C01FC01208031804280CB
:20C860005380C701B60140E00E94F3719B01AC01C501B4010E946CFFDC01CB01A201910191
:20C88000281B390B4A0B5B0BDA01C9011DC0CE01029660E070E00E94C9428C01FC01208006
:20C8A000318042805380C701B60140E00E94F3719B01AC01C501B4010E946CFFDC01CB0113
:20C8C000820D931DA41DB51DF80180839183A283B383E2C0CE01029661E070E00E94C942D4
:20C8E0008C01FC012080318042805380C701B60141E00E94F3719B01AC01C501B4010E94BC
:20C900006CFFDC01CB01A2019101281B390B4A0B5B0BDA01C9011DC0CE01029661E070E012
:20C920000E94C9428C01FC012080318042805380C701B60141E00E94F3719B01AC01C50125
:20C94000B4010E946CFFDC01CB01820D931DA41DB51DF80180839183A283B38329E731E00E
:20C9600011E09DC0CE01029662E070E00E94C9428C01FC0180809180A280B380C701B60154
:20C9800042E00E94F371DC01CB01881A990AAA0ABB0AF80180829182A282B3821CC0CE01F6
:20C9A000029662E070E00E94C9428C01FC0180809180A280B380C701B60142E00E94F37109
:20C9C000DC01CB01880D991DAA1DBB1DF80180839183A283B3832DE731E012E060C04423BB
:20C9E00009F45AC084E890E061E00E94CEB3182F83E00E94A8716B017C01612F70E080E052
:20CA000090E00E947CFDA70196010E94C0FEF62FE72F582F492F862E972EA82EB92E60E03C
:20CA200074E284E799E40F2F1E2F252F342FA90198010E94A5FC0E9447FD6B017C01FCE045
:20CA40007F1621F4B7FAB094B7F8B094698170E06D5F7F4FCE0102960E94C9428C01C50109
:20CA6000B40120E030E040E05FE30E94C0FE0E9447FDAB01BC01F80180819181A281B3817D
:20CA8000840F951FA61FB71F80839183A283B38320E030E010E009C025E731E010E058EE26
:20CAA000C52E53E0D52EE12CF12CEE89FF898281823011F4738203C0EE89FF8913822115E8
:20CAC000310541F1C90144EF51E060E070E00E9430B46B017C01812F0E94A8714B015C01AD
:20CAE000C701B6010E947CFD20E030E040E752E40E94A5FCA50194010E94C0FE9B01AC0108
:20CB000060E074E284E799E40E94A5FC0E9447FD6B017C01CE010296B701A6010E94637545
:20CB200068960FB6F894DEBF0FBECDBFDF91CF911F910F91FF90EF90DF90CF90BF90AF9026
:20CB40009F908F907F905F904F903F902F9008950F931F93CF93DF930F92CDB7DEB78C0110
:20CB600069830E9489176981813061F46B3029F480E060E00E946B3D0CC0C80141E00E949D
:20CB8000A3E307C0803229F482E08093921B0E947C170F90DF91CF911F910F910895AF9285
:20CBA000BF92DF92EF92FF920F931F93CF93DF93CDB7DEB7EA970FB6F894DEBF0FBECDBF98
:20CBC0005C017B014AAF0E948917D82E4AAD442321F4F50185818D1519F0C7010E94C9BA34
:20CBE000CE0145960E9468F6C7010E94BCBAF3E4FD15B0F082E4D81640F5E0E2DE1609F4E6
:20CC000078C0ED1540F0DD2009F497C0F1E0DF1609F0AAC02AC080E4D81608F4A5C011C0C2
:20CC2000E1E8ED1548F0F0E8DF1608F05AC085E48D1508F499C00DC0E5E8ED1508F494C0C6
:20CC400054C0C7016AE770E107C0C7016BE870E103C0C7016CE970E10E944CB90E9477171B
:20CC60008C01009709F078C07FC0C7016DEA70E10E944CB9CE0101960E949317CE010196F1
:20CC800062E070E00E94C942FC01608171818281938142E00E94C671AB01BC01C70123E03F
:20CCA0000E94D5B7C70165EB70E10E944CB9C70161E00E94B7BAC70168EB70E10E944CB907
:20CCC000C70162E00E94B7BAC70169EC70E10E944CB9C70163E00E94B7BAC7016AED70E194
:20CCE00041C0C7016BEE70E13DC0C7016CEF70E139C00E947717BC01009711F46BE371E12E
:20CD0000C7010E944CB9C70161E00E94B7BAC7016DE071E10E944CB9C70162E00E94B7BA5D
:20CD2000C7016DE171E10E944CB9C70163E00E94B7BAC7016EE271E115C00E942FB58091F0
:20CD4000921B813011F40E942FB58091921B823059F40E942FB508C0C70161E00E94B7BAC3
:20CD6000C701B8010E944CB9F5018381882379F00E9436B5882339F0C501F501638141E05B
:20CD80000E94A3E304C0F50113820E94B97AF501D582EA960FB6F894DEBF0FBECDBFDF91C3
:20CDA000CF911F910F91FF90EF90DF90BF90AF9008950F931F93CF93DF930F92CDB7DEB739
:20CDC0008C016B30A1F1FC016C3039F0613009F5648705960E9427B53DC08281813039F06A
:20CDE000813018F0823049F406C081E001C082E0F801828302C0F801128281E0F801838790
:20CE00006281660F8481682B89E890E00F94AD0021C08381882331F0861721F069830E9404
:20CE2000B97A6981C80140E00E94A3E313C00E94B97A80E060E00E94D47981E060E00E944A
:20CE4000D47982E060E00E94D4790E942FB581E00E94EA790F90DF91CF911F910F910895AC
:20CE6000EF92FF920F931F93CF93DF937C01FB0182819381009721F481E0818720E019C0FA
:20CE80008481958120813181B9010E9497FFC681D781C80FD91F848195810196B9010E94B6
:20CEA00097FF9583848382819381019793838283288187010B591F4F41E028C0D701A80F58
:20CEC000B11D14962C938F5FD8018C9382819381009719F4418720E019C08481958120811D
:20CEE0003181B9010E9497FFC681D781C80FD91F848195810196B9010E9497FF958384835D
:20CF0000828193810197938382832881222399F082819381009779F0D8018C91813670F2AA
:20CF2000D5CFF701EC59FF4F10820AC0F701E80FF11D148205C0F80180818136B8F3F1CFF2
:20CF4000DF91CF911F910F91FF90EF9008950F931F93CF93DF93CDB7DEB72F970FB6F894AE
:20CF6000DEBF0FBECDBF8C01FC01138212821482EB59FF4F1082FC01EA59FF4F1082CE015F
:20CF800001960E9474F8D801A859BF4FFE0131968FE001900D928150E1F7F801E959FF4F6D
:20CFA00010822F960FB6F894DEBF0FBECDBFDF91CF911F910F910895CF93DF93EC01C85934
:20CFC000DF4F70E080E090E020E432E44FE050E00E946CFFAB01BC01CE010E9478F8DF91C3
:20CFE000CF910895FC01EA59FF4F81E0808308953F924F925F926F927F928F929F92AF925D
:20D00000BF92CF92DF92EF92FF920F931F93CF93DF93CDB7DEB7EC970FB6F894DEBF0FBE5C
:20D02000CDBF7C014A015B01322ECE010296BE016F5F7F4F0E94BD74332001F5CE01469657
:20D040000E9468F6898166E140E09E012A5E3F4F00E010E00E94EA38882381F0CE0146964F
:20D0600061E00E9450F6882349F49092941B8092931BC70106960E9427B569C084E890E027
:20D0800061E00E94CEB3082F83E00E94A8716B017C0181149104A104B10419F40E94B97A88
:20D0A00050C0602F70E080E090E00E947CFDA70196010E94C0FEE62EC72EF82ED92E6981D7
:20D0C00070E06D5F7F4FCE0102960E94C9429CAF8BAFFC0160817181828193810E947EFDC9
:20D0E0002B013C01C501B4010E947EFD90580E2D1C2D2F2D3D2DA90198010E94C0FE9B01BE
:20D10000AC01C301B2010E942AFC0E9447FDDC01CB01EBADFCAD80839183A283B38360E0A1
:20D1200074E284E799E42F2D3D2DA90198010E94A5FC0E9447FDAB01BC01CE0102960E940D
:20D140006375332021F01092941B1092931BEC960FB6F894DEBF0FBECDBFDF91CF911F91A9
:20D160000F91FF90EF90DF90CF90BF90AF909F908F907F906F905F904F903F900895CF93AD
:20D18000DF93EC01653009F464C0663050F4643008F072C0623008F076C0613009F09FC039
:20D1A0006BC06B3009F48CC06C3020F4683008F096C062C06C3009F092C08A818E3101F105
:20D1C0008F3160F48230B1F0833018F4813001F50FC0853089F08A30D9F410C08A35A1F0DE
:20D1E0008B3518F48C33A1F40DC0883789F40EC082E00FC085E00DC08AE00BC08EE109C068
:20D200008CE307C08AE505C088E703C080EF01C081E08A8383E890E06A810F94AD000E941C
:20D220005372882399F02A8130E08C819D81289FA001299F500D389F500D1124662757FD38
:20D240006095762FCE0120E00E94F8E781E08B8346C084E890E09C8B8B8B81E08D8B87EC6A
:20D260009CE0988B8F8787ED9CE09A8B898BCE010C960E9427B533C0CE0140E050E060E08F
:20D2800070E021E01AC0633019F481E090E002C08FEF9FEF9D838C832A8130E08C819D810F
:20D2A000289FA001299F500D389F500D1124662757FD6095762FCE0120E00E94F8E70FC0DE
:20D2C0000E94B97A83E060E00E94D4790E942FB581E00E94EA7983E060E00E94D479DF91F9
:20D2E000CF910895CF92DF92EF92FF920F931F93CF93DF93CDB7DEB7CE54D0400FB6F89489
:20D30000DEBF0FBECDBF6C017B01142F4091931B5091941B4115510539F0662757FD609531
:20D32000762F21E00E94F8E7112321F1C7010E947EBBC70169E77CE00E944CB9C70161E0B9
:20D340000E94B7BAC70163E87CE00E944CB9C70162E00E94B7BAC70164E97CE00E944CB96F
:20D36000C70163E00E94B7BAC70165EA7CE00E944CB904C0F6018381882319F1C70169E0F0
:20D3800040E00E947BBAC70166EB7CE00E944CB9C70169E040E00E947BBAF601628170E048
:20D3A00080E090E00E947CFDAB01BC01C70120E00E94D5B7C7016EEB7CE00E944CB9F60108
:20D3C0001382CE018A960E9468F6CE0146960E948C42CE010296BE016F5F7F4F0E94BD7419
:20D3E000F6018689882319F0813049F507C0C70163E00E94B7BA898162E007C0C70164E080
:20D4000043E00E947BBA898160E240E09E01265D3F4F00E010E00E94EA38882359F0CE019F
:20D420008A9661E00E9455F6BC01C70143E00E947FB705C0C70163EC7CE00E944CB9F60148
:20D4400086898F5F868B823008F0168AC25BDF4F0FB6F894DEBF0FBECDBFDF91CF911F9162
:20D460000F91FF90EF90DF90CF90089520E934E0FC013183208324E024830E9467BF089512
:20D48000CF93DF93EC0184ED94E0998388831E828CE795E09987888788E895E09F878E87E8
:20D4A00080EA95E09D8B8C8B84E995E09C8F8B8F87E08C831092921BCE010E9467BF0E9429
:20D4C0005C72882351F40E94864420E030E048EC52E40E94BCFE87FD02C081E08E830E94F2
:20D4E0006C41882319F081E08F8301C01F82DF91CF910895CF93DF9300D00F92CDB7DEB72B
:20D500001092951B0E94CA468823F9F4CE01029663E0AE014F5F5F4F0E9493458A8188238A
:20D5200019F48091951B12C08E3249F48981882369F38B818E3251F78C81882339F7809130
:20D54000951B8F5F8093951BE1CF80E00F900F900F900F90DF91CF910895CF93DF93EC01B0
:20D560000E947AEA8C83882331F48FEF8A8781E08C83198602C081E089871E821F82188616
:20D58000DF91CF9108958F929F92BF92CF92DF92EF92FF920F931F93CF93DF930F920F922D
:20D5A000CDB7DEB77A01B22E6801F80110826A830E94CA466A81882329F510E0862E99244F
:20D5C00017C0C7016B2DAE014F5F5F4F0E949345F70180818823B1F08E3249F48981882398
:20D5E00081F381818E3269F78281882351F71F5F812F90E08816990624F78981F6018083A5
:20D6000081E001C080E00F900F90DF91CF911F910F91FF90EF90DF90CF90BF909F908F90B1
:20D620000895DF92EF92FF920F931F93CF93DF93CDB7DEB7C254D0400FB6F894DEBF0FBEA8
:20D64000CDBF7C01D62E0E942D3D882309F081C0D70119968C911997882309F47AC066C070
:20D660008981882309F457C0CE0102960E948643882309F456C0D701ED91FC910084F18574
:20D68000E02DC7011995F701128281858823C1F18A818E3231F48B818E3219F48C81882397
:20D6A00089F0D7011A96EC911A97E3304CF5EF5F1A96EC931A97FF27E7FDF095EE0DFF1D13
:20D6C000D3861EC0F701828587FD1AC0E82FFF27E7FDF095EE0DFF1D9385D70112969C9332
:20D6E000129781501A968C931A9714968C911497981730F012961C9212978FEF1A968C93A3
:20D70000F701D38260918B1970918C19C70141E00E9420D61EC0CE0102960E94333D8823FE
:20D72000C1F0C7010F960E9427B513C081E0D70118968C93C7016D2DAE014E5F5F4F21E403
:20D740008E010F5F1F4F0E94C3EA882309F088CFE8CFCE5BDF4F0FB6F894DEBF0FBECDBFBF
:20D76000DF91CF911F910F91FF90EF90DF900895663041F4FC01228527FD04C060E00E9436
:20D7800011EB0895FC0116820E947CBF08956F927F928F929F92AF92BF92CF92DF92EF9298
:20D7A000FF920F931F93CF93DF93CDB7DEB7C454D0400FB6F894DEBF0FBECDBF7C014A0160
:20D7C000CA0125966FAF25970E94EDBDC82ED70119968C91199725966FAD2597882309F418
:20D7E0008BC014962C91149730E0862F90E0821793070CF081C0C701AE014D5F5F4F21E451
:20D800008E010F5F1F4F0E94C3EA882319F4F701118672C08981882361F08B818E3219F4F6
:20D820008C818E3211F087E001C088E08A8320E001C021E080E090E0A22EBB249E012E5F10
:20D840003F4F2A0D3B1D682FF901E80FF91F4081442309F44AC06F5F01968234910509F42E
:20D8600044C0F1CFD70116968C91169770E0601B71096F5F7F4F90E00E94ABFFEE24FF24C4
:20D88000682E7724F2E0CF2ED12CCC0EDD1EC3018A0D9B1DC80ED91E1E2DE01618F5C701C0
:20D8A000860D971D82349105E8F40894E11CF11CF601EE0DFF1D31976081662399F0D401B5
:20D8C000ED91FC910190F081E02DC4011995E4CFD401ED91FC910190F081E02DC40160E212
:20D8E00019951F5F1017A0F307C00C2D0150601708F0B8CF80E0C2CFCC5BDF4F0FB6F89464
:20D90000DEBF0FBECDBFDF91CF911F910F91FF90EF90DF90CF90BF90AF909F908F907F902A
:20D920006F9008952CE135E0FC013183208320E135E03387228724E024830E9467BF08954C
:20D94000EF92FF920F931F93CF93DF93CDB7DEB7EA970FB6F894DEBF0FBECDBF7C01CE0160
:20D9600046960E9468F6CE010296BE016F5F7F4F0E94BD74898160E240E09E012A5E3F4F15
:20D9800000E010E00E94EA38882341F0CE01469661E00E9455F6F70197838683898161E2D6
:20D9A00040E09E012A5E3F4F00E010E00E94EA38882341F0CE01469661E00E9455F6F70151
:20D9C00091878087EA960FB6F894DEBF0FBECDBFDF91CF911F910F91FF90EF900895EF9215
:20D9E000FF920F931F93CF93DF93CDB7DEB7EA970FB6F894DEBF0FBECDBF7C01162FCE01FC
:20DA00000296BE016F5F7F4F0E94BD74CE0146960E9468F61130C9F0113030F01230C9F13E
:20DA2000133009F051C03FC0F70186819781009719F0898163E010C080E890E06CED0E94F3
:20DA4000CEB3082F898163E016C0F70180859185009749F080E06FE141E09E012A5E3F4F82
:20DA600000E010E00DC082E890E06EE60E94CEB3082F80E06FE141E09E012A5E3F4F10E00B
:20DA80000E94EA38C7010E94A0EC8FEFF70183831BC080E890E0F701928B818B8CED838BF5
:20DAA00089EA9FE009C082E890E0F701928B818B8EE6838B8AEB9FE096878587108A1786DA
:20DAC000C7010A960E9427B5EA960FB6F894DEBF0FBECDBFDF91CF911F910F91FF90EF906B
:20DAE00008950F931F93CF93DF93EC018A016130D1F0613028F0623039F1633071F528C051
:20DB00000E94A0EC8E819F81009721F0C80167E77FE003C0C8016DE77FE00E944CB9C801DB
:20DB200063EA7FE018C088859985009721F0CA0167E77FE003C0CA016DE77FE00E944CB92E
:20DB4000C80163E87FE007C0CA0167E87FE003C0CA0166E97FE00E944CB9DF91CF911F91AF
:20DB60000F910895CF93DF93E62FF0E0E531F10508F04DC0E257FF4FEE0FFF1F0590F491E2
:20DB8000E02D1994069641C0CF963FC0EC01CF59DF4FCE010E9427B5CE010E94A0EC37C046
:20DBA0008B589F4F32C08F559F4F2FC084579F4F2CC08C5A9F4F29C0835C9E4F26C08556E2
:20DBC0009F4F23C08F569F4F20C0825B9E4F1DC082569F4F1AC08F509F4F17C08B5C9E4F02
:20DBE00014C0875C9E4F11C0865A9E4F0EC0855D9E4F0BC0875B9E4F08C0895B9E4F05C04E
:20DC0000845B9E4F02C086599E4F0E9427B5DF91CF9108958F929F92AF92BF92CF92DF9209
:20DC2000EF92FF921F93CF93DF93C62F84E791E065E20E94CEB3C63028F4C43058F4C230CD
:20DC4000A8F00EC0C83090F480FD14C0C1E081FD12C010C082FD12C0C1E083FD10C00EC0C0
:20DC600084FD10C0C1E085FD0EC00CC0C0E010E0D0E00BC0C0E010E0D1E007C0C0E011E0F2
:20DC8000D2E003C0C0E012E0D4E0812F90E0880F991F880F991F8B589E4F44EF51E060E097
:20DCA00070E00E9430B46B017C0160E070E080E89FE3412F0E94F3714B015C01C701B6018D
:20DCC0000E947CFD20E030E040E752E40E94A5FC6B017C01C501B4010E947EFD9B01AC01AF
:20DCE000C701B6010E94C0FE9B01AC0160E074E284E799E40E94A5FC0E9447FD9B01AC010C
:20DD00008C2F6D2F0E944879DF91CF911F91FF90EF90DF90CF90BF90AF909F908F90089574
:20DD20006B3059F06C3029F0613019F00E940AEE089502960E9427B508950E94B97A80E091
:20DD400060E00E94D47981E060E00E94D47982E060E00E94D4790E942FB508952CE335E02C
:20DD6000FC013183208324E024830E9467BF0895EF92FF920F931F93CF93DF93CDB7DEB7EC
:20DD8000EA970FB6F894DEBF0FBECDBF7C01CE010296BE016F5F7F4F0E94BD74E981D70167
:20DDA00012968C911297E81709F453C01296EC931297F0E0EE0FFF1FEA57F74F8081918191
:20DDC00014969C938E9313970097A9F5CE0146960E9468F6F701828160E240E09E012A5E3B
:20DDE0003F4F00E010E00E94EA38882359F0CE01469661E00E9455F6D70114969C938E9362
:20DE0000139719C0F7018281882369F480E890E06CED0E94CEB3D70113968C931397149634
:20DE20001C92149708C081E890E06CED0E94CEB3F70183831482D70113968D919C91149761
:20DE4000B1E089319B0728F088E191E0F70194838383EA960FB6F894DEBF0FBECDBFDF9197
:20DE6000CF911F910F91FF90EF9008950F931F93CF93DF93EC018B01442389F0CB010E9458
:20DE80007EBBC8016EE571E10E944CB9C80163E00E94B7BAC8016DE37DE00E944CB9CE0129
:20DEA0000E94B8EEC80161E00E94B7BA6B817C81C80143E00E947FB7D801ED91FC910190DB
:20DEC000F081E02DC80163E41995DF91CF911F910F9108952FEFFC012283148213820E94BC
:20DEE000B8EE089526EF35E0FC013183208324E024830E9467BF089526E336E0FC01318381
:20DF0000208324E024830E9467BF0895CF93DF93EC0186E196E099838883CE0106960E947C
:20DF20007CEF8AE296E09D878C8782EB96E0988B8F8785E08C83CE010E9467BFDF91CF9166
:20DF400008958F92AF92BF92CF92DF92EF92FF920F931F93CF93DF93CDB7DEB72C970FB6C4
:20DF6000F894DEBF0FBECDBFFB0129833A834B835C83ED82FE820F831887A986BA86CB862D
:20DF8000DC8690E08C01000F111F080F191FB3E0000F111FBA95E1F7F894309741F0B8015E
:20DFA0006A537F4FCF0148E050E00F94A300B80162537F4FCE01019644E050E00F94A3002C
:20DFC000B8016E527F4FCE01059644E050E00F94A300B8016A527F4FCE01099644E050E0F1
:20DFE0000F94A300C80186529F4F682D0F94AD00C80185529F4F6B8D0F94AD00C8018452F2
:20E000009F4F6C8D0F94AD00C80183529F4F6D8D0F94AD0078942C960FB6F894DEBF0FBE6A
:20E02000CDBFDF91CF911F910F91FF90EF90DF90CF90BF90AF908F9008952F923F924F929B
:20E040005F926F927F928F929F92AF92BF92CF92DF92EF92FF920F931F93CF93DF93CDB749
:20E06000DEB7FB012A011901380190E08C01000F111F080F191FB3E0000F111FBA95E1F70D
:20E08000F894309741F0B8016A537F4FCF0148E050E00F948B00B80162537F4FC20144E03F
:20E0A00050E00F948B00B8016E527F4FC10144E050E00F948B00B8016A527F4FC30144E04C
:20E0C00050E00F948B00C80186529F4F0F949B00F7018083C80185529F4F0F949B00F60157
:20E0E0008083C80184529F4F0F949B00F5018083C80183529F4F0F949B00F401808378948B
:20E10000DF91CF911F910F91FF90EF90DF90CF90BF90AF909F908F907F906F905F904F904B
:20E120003F902F9008958F929F92AF92BF92CF92DF92EF92FF920F931F93CF93DF93EC01D7
:20E14000BC016A5F7F4FAC01415F5F4F9C012D5E3F4F8C01095E1F4FEBE1EE2EF12CE80E5D
:20E16000F91EFCE1CF2ED12CC80ED91EADE1AA2EB12CA80EB91EBEE18B2E912C880E991EB2
:20E180008F8D0E941DF082E08A838D83DF91CF911F910F91FF90EF90DF90CF90BF90AF90AB
:20E1A0009F908F9008954F925F926F927F928F929F92AF92BF92CF92DF92EF92FF920F9326
:20E1C0001F93CF93DF93CDB7DEB768970FB6F894DEBF0FBECDBF8C01613009F472C061307C
:20E1E00038F0623009F477C0633009F0FDC07BC0DC01D396CC908EE79BE160E070E00E94E8
:20E20000C9427C018EE79BE161E070E00E94C9425C018EE79BE162E070E00E94C9428C012D
:20E220008C2D60E070E0A7019501E4E0EE2EF12CEC0EFD1EF3E0CF2ED12CCC0EDD1EE2E0E1
:20E24000AE2EB12CAC0EBD1E4E010894811C911C0E941DF0F0E6EF2EF12C00E010E0F89420
:20E260008EE79BE1B8010E94C942B70144E050E00F94A30078940F5F1F4FE4E0F0E0EE0E7D
:20E28000FF1E0330110559F7F89482E890E06C810F94AD0080E890E06B810F94AD0081E8A8
:20E2A00090E06A810F94AD0084E890E069810F94AD0078940E942FB50E942FB50E94673E3E
:20E2C00093C0DC01D3968C91D397D2968C93D297C801439605C0FC0183A9828BC80106962C
:20E2E0000E9427B581C0CE01059660E070E00E94BD74AEE7BBE1FE01359684E101900D9202
:20E300008150E1F780E6C82ED12CEE24FF24F8948EE79BE1B7010E94C942B60144E050E0D9
:20E320000F948B0078940894E11CF11C84E090E0C80ED91E93E0E916F10449F782E890E0DB
:20E340006EE60E94CEB38C8380E890E06CED0E94CEB38B8381E890E06CED0E94CEB38A8373
:20E3600084E890E061E00E94CEB38983D801D3969C908EE79BE160E070E00E94C942FC01B8
:20E3800040805180628073808EE79BE161E070E00E94C942DC01ED90FD900D911C918EE741
:20E3A0009BE162E070E00E94C94200D0EDB7FEB73196DC01AD90BD90CD90DC908B81ADB712
:20E3C000BEB711968C938A81818389818283892D60E070E0A30192018C800E94A1EF0F908A
:20E3E0000F900F900E942FB568960FB6F894DEBF0FBECDBFDF91CF911F910F91FF90EF90E6
:20E40000DF90CF90BF90AF909F908F907F906F905F904F900895CF93DF93EB01F89490E01D
:20E42000BC01660F771F680F791FB3E0660F771FBA95E1F76A537F4FCE0148E050E00F94EB
:20E440008B0078941886DF91CF910895FC011282BC016D5F7F4F84850E940BF208950F934B
:20E460001F93CF93DF93CDB7DEB729970FB6F894DEBF0FBECDBF862F8A01BE016F5F7F4F5B
:20E480000E940BF2C801BE016F5F7F4F0E9435B929960FB6F894DEBF0FBECDBFDF91CF9153
:20E4A0001F910F910895CF93DF93CDB7DEB729970FB6F894DEBF0FBECDBFBE016F5F7F4F20
:20E4C0000E940BF2FE01319680E0919190529F3528F48F5F8830C9F781E001C080E02996DC
:20E4E0000FB6F894DEBF0FBECDBFDF91CF9108952EE736E0FC013183208328E024830E9498
:20E5000067BF0895CF93DF93EC018EE596E09983888382E796E09F838E83CE0143960E940B
:20E5200078F284E08C83CE010E9467BFDF91CF9108952F923F924F925F926F927F928F9263
:20E540009F92AF92BF92CF92DF92EF92FF920F931F93CF93DF93CDB7DEB76D970FB6F8947E
:20E56000DEBF0FBECDBF8C018AE496E0D8018D939C93C80106960E9482F284E0F80184832D
:20E58000C8010E9467BFCE010A9660E070E00E94BD74AEE7BBE1FE013A9684E101900D9283
:20E5A0008150E1F720E6E22EF12C00E010E0F8948EE79BE1B8010E94C942B70144E050E0C0
:20E5C0000F948B0078940F5F1F4F84E090E0E80EF91E0330110559F7992482ED382E93E1A5
:20E5E000292E892D0E9453F2882309F04AC0DE01119680E090E0FC01EF5AFB4EE491ED939F
:20E60000019688309105B9F7892D8F5C88878EE79BE160E070E00E94C942DC014D905D90E0
:20E620006D907C908EE79BE161E070E00E94C942FC01E080F180028113818EE79BE162E08A
:20E6400070E00E94C94200D0EDB7FEB73196DC01AD90BD90CD90DC90ADB7BEB711963C924F
:20E6600031822282892DBE016F5F7F4FA30192010F2EF4E68F2EF02D0E94A1EF0F900F909A
:20E680000F909394B4E09B1609F0ABCF6D960FB6F894DEBF0FBECDBFDF91CF911F910F9192
:20E6A000FF90EF90DF90CF90BF90AF909F908F907F906F905F904F903F902F9008952EE984
:20E6C00036E0FC013183208324E024830E9467BF0895CF93DF93EC018CEF94E099838883E9
:20E6E0001E82188619868FEF8A87CE010F960E945FF3CE010E9467BFDF91CF91089526ED2F
:20E7000036E0FC013183208323E024830E9467BF08950F931F93CF93DF938C0188EE94E0E1
:20E72000F801918380838CEB94E097838683C80108960E9440EA8CE795E0F80190AB87A73E
:20E74000C801CF960E9469F3C8018C5A9F4F28E734E0FC013183208305960E9499E3C801F7
:20E760008F599F4F0E9492ECC8018B589F4F24E834E0FC013183208306960E9436EAF8013E
:20E78000EF57FF4F80E195E091838083F801E457FF4F80E395E091838083F801E257FF4F07
:20E7A0008EEB96E091838083E801CF56DF4FCE010E94AEEE86E595E099838883F801E556CF
:20E7C000FF4F8CEA95E091838083F801E256FF4F80ED95E091838083C8018F559F4F0E9434
:20E7E00086EFC8018F509F4F0E9499F2E801C55DDE4FCE010E94AEEE8CED95E09983888387
:20E80000F801EB5CFE4F88EB95E091838083F801E75CFE4F84EC95E091838083C801835C3F
:20E820009E4F2AE036E0FC0121933193CF010E9472EFF801E95BFE4F82E996E09183808301
:20E84000F801E75BFE4F80E795E091838083F801E45BFE4F88EC94E091838083F801E25B83
:20E86000FE4F84EA94E091838083F801EE5AFE4F80EB94E091838083F801E65AFE4F8AECD2
:20E8800096E091838083C80186599E4F0E947FF385E1F8018483C8010E9467BFF801ED580D
:20E8A000FE4F80E090E0A0E0B0E080839183A283B383DF91CF911F910F9108958EE79BE10B
:20E8C0000E948C420895EF92FF920F931F93CF93DF9300D000D0CDB7DEB77C0149835A8312
:20E8E0006B830C831D832E830E9480B18701055F1F4FC8010E94A2AFF7018585807F858754
:20E90000C7010E960E94A2AFF7018089807F808B12861092A21B81E08093A11BD801FE018E
:20E92000319683E001900D928150E1F7D7011E96FE01349683E001900D928150E1F7269687
:20E940000FB6F894DEBF0FBECDBFDF91CF911F910F91FF90EF900895673748F4E62FF0E0E6
:20E96000EE0FFF1FEA5AF84F80819181089585E498E108956B3118F4862F8F5F08956B313E
:20E9800031F0862F8456823120F48B59089584E6089580E00895862F81508B3140F064366F
:20E9A00029F06556623118F086E708958BE10895EF92FF920F931F93CF93DF9300D00F922A
:20E9C000CDB7DEB7182F092F6093A21B6C830E9484B1812F902F6FE00E948DB1812F902F1C
:20E9E00060E00E94A6B12C81222331F4812F902F6FEF4FEF2FEF47C02130C1F486E890E0B3
:20EA00006FEF0E94CEB3E82E87E890E06FEF0E94CEB3482F88E890E06FEF4C830E94CEB358
:20EA2000282F812F902F6E2D4C812DC0822F8250622F8A3158F570E0625070407B01EE0C77
:20EA4000FF1CE60EF71EB701635B774ECE01039641E050E00F943600B701625B774ECE01BC
:20EA6000029641E050E00F943600B701615B774ECE01019641E050E00F943600812F902F9C
:20EA80006B814A8129810E94B3B10CC06456812F902F633120F440E00E9432B203C063E0C6
:20EAA0000E94D8F40F900F900F900F90DF91CF911F910F91FF90EF9008950F931F93CF93EB
:20EAC000DF93EC014B855C856D850E851F8528890E94E3B2CE010E9484B185E890E060E052
:20EAE0000E94CEB3682FCE010E94D8F48881DF91CF911F910F9108951F93CF93DF93EC01E6
:20EB0000162F85E890E060E00E94CEB3882361F481E08A87CE01112311F06FEF01C060E09B
:20EB200040E020E00E94D1B1DF91CF911F9108951F93CF93DF93EC01162FCA01B901209186
:20EB4000A11B121721F4212F2250223068F52091A21B222339F52A85222319F5143028F407
:20EB6000123050F41130F1F402C01430D9F4CE016FEF4FEF2FEF12C020E030E048EC52E441
:20EB80000E94A5FC20E030E04FE753E40E94C0FE0E944CFD262F2095CE0140E00E94B3B16B
:20EBA00001C015E01093A11BDF91CF911F9108958091A11B08958091A21B0895FC01808150
:20EBC0008032A8F48181862798E02CE8869508F482279A95D9F781838081DF01A80FB11D83
:20EBE00012966C93129780818F5F808308951182108212A213A285E082A30895FC011182F1
:20EC0000108212A213A20895FC011182108212A213A20895FC011182108212A213A208950C
:20EC2000CF93DF93EC018BA1882351F4653D11F481E02AC0198218821AA21BA281E02CC00A
:20EC40008BA1813071F4613230F46CA38CA1882391F082E019C0198218821AA21BA282E008
:20EC60001BC08BA1823049F4CE010E94DEF598818CA1981790F083E007C08BA1833069F47F
:20EC80009981961719F484E08BA307C095E09BA3198218821AA21BA28AA3DF91CF9108954C
:20ECA000FC01E60FF11D82810895E62FF0E0DC01AE0FBF1F12964C9112973196E80FF91F53
:20ECC0008281382F20E0842F90E0822B932B0895FC011182108212A213A214A20895FC01C4
:20ECE0001182108212A213A214A20895FC0112A213A214A20895FC0183A1882321F481E038
:20ED000083A385ED089583A1813031F480819081992389F092E016C083A1823071F494A1C5
:20ED2000DF01A90FB11D12968C9112979F5F94A32081921750F093E005C083A1833021F41C
:20ED4000818194E093A3089580E008950E94DEF508950F931F93CF93DF930F92CDB7DEB779
:20ED60008C0179830E94DEF5C8017981672F0E94DEF50F90DF91CF911F910F910895CF920A
:20ED8000DF92EF92FF92CF93DF93D82FC92F6A017B01642F0E94DEF577276F2D5E2D4D2DEF
:20EDA0008D2F9C2F642F0E94DEF5A701662777278D2F9C2F642F0E94DEF5CF2CDD24EE2454
:20EDC000FF248D2F9C2F6C2D0E94DEF5DF91CF91FF90EF90DF90CF900895EF92FF920F937E
:20EDE0001F93CF93DF938C01662341F060E00E94CDA8C80161E00E94D4A807C060E00E941E
:20EE0000D4A8C80161E00E94CDA8E8012396CE0160E00E94CDA8CE0161E00E94D4A828EC4B
:20EE2000E22EF12CC7010197F1F7CE0160E00E94D4A8CE0161E00E94CDA8C7010197F1F7C1
:20EE4000C80160E00E94D4A8C80161E00E94CDA8C7010197F1F7DF91CF911F910F91FF9073
:20EE6000EF900895EF92FF920F931F93CF93DF93EC0160E00E94CDA8CE0161E00E94D4A8CA
:20EE80008E010D5F1F4FC80160E00E94CDA8C80161E00E94D4A838ECE32EF12CC70101970F
:20EEA000F1F76A816F70CE010E94C7AFC82FC80160E00E94D4A8C80161E00E94CDA8F70182
:20EEC0003197F1F78C2FDF91CF911F910F91FF90EF900895CF93DF93EC010E94A2AF8A813D
:20EEE000807F8A83CE0103960E94A2AF8D81807F8D83DF91CF910895EF92FF920F931F93BB
:20EF0000CF93DF9300D000D0CDB7DEB77C0149835A836B830C831D832E83DC011396FE01EB
:20EF2000349683E001900D928150E1F7D701FE01319683E001900D928150E1F7C70160E0E9
:20EF40000E94CDA8C70161E00E94D4A883E090E0E80EF91EC70160E00E94CDA8C70161E06B
:20EF60000E94D4A888EC90E00197F1F726960FB6F894DEBF0FBECDBFDF91CF911F910F91EC
:20EF8000FF90EF9008950F931F93CF93DF938C01EC012396CE0160E00E94CDA8CE0161E035
:20EFA0000E94D4A8C8ECD0E0CE010197F1F7C80160E00E94CDA8C80161E00E94D4A8219780
:20EFC000F1F7DF91CF911F910F910895FF920F931F93CF93DF938C01F62EC8E0D0E06F2D2E
:20EFE0006078C8010E94EDF6FF0C2197C1F7C8010E9432F7DF91CF911F910F91FF90089590
:20F00000AF92BF92DF92EF92FF920F931F93CF93DF930F92CDB7DEB75C01D62E60E049838C
:20F020000E94CDA8C50161E00E94D4A885010D5F1F4FC80160E00E94CDA8C80161E00E9468
:20F04000D4A848ECE42EF12CC7010197F1F7C50160E00E94D4A8C50161E00E94CDA8C7017F
:20F060000197F1F7C80160E00E94D4A8C80161E00E94CDA8C7010197F1F76D2D660F4981A7
:20F0800041116160C5010E94E6F70F90DF91CF911F910F91FF90EF90DF90BF90AF900895B1
:20F0A000EF92FF920F931F93CF93DF938C01E62EC8E0D0E0FF24FF0CC8010E9432F7F82A39
:20F0C0002197C9F761E0E11060E0C8010E94EDF6E8ECF0E03197F1F78F2DDF91CF911F9168
:20F0E0000F91FF90EF900895FC01108211820895CF92DF92EF92FF92CF93DF93EC016A01F6
:20F100007B0181E088831A8219828BEA98E10E943BAADC01CB018B839C83AD83BE83CF82C3
:20F12000D886E986FA861B861C861D861E86DF91CF91FF90EF90DF90CF900895CF93DF93DB
:20F14000EC018881882301F189818823E9F48A818823D1F48BEA98E10E943BAADC01CB01F1
:20F160004B815C816D817E81841B950BA60BB70B4F81588569857A8584179507A607B7070B
:20F1800018F0188281E089838981DF91CF910895FC0110820895CF93DF93EC018A81861754
:20F1A00031F16A838BEA98E1662389F00E943BAADC01CB014B815C816D817E81841B950B4B
:20F1C000A60BB70B8B879C87AD87BE8710C00E943BAADC01CB014B855C856D857E85841BC9
:20F1E000950BA60BB70B8B839C83AD83BE83DF91CF9108950F931F93CF93DF93EC018881D3
:20F200008823B9F08A81882329F00B851C852D853E8513C08BEA98E10E943BAA8B019C01B4
:20F220008B819C81AD81BE81081B190B2A0B3B0B04C000E010E020E030E0B801C901DF91DF
:20F24000CF911F910F910895FC018081882379F41092C50080E18093C40082E08093C00077
:20F2600088E18093C10086E08093C20008951092CD0083E38093CC0082E08093C80088E11F
:20F280008093C90086E08093CA000895CF93DF9300D0CDB7DEB78091731B9091741B9A8389
:20F2A00089838B81807F85608B83CE01019665E040E00E94D4AF0F900F900F90DF91CF91A7
:20F2C0000895CF93DF93EC01688349831A8203960E9404F6CE0188960E9468F6CE010E94EA
:20F2E00024F9DF91CF910895FF920F931F93CF93DF9300D0CDB7DEB78C01FC0182818823AA
:20F3000031F1F180F1E0FF16A9F48091731B9091741B9A8389838B81807F85608B83CE0192
:20F32000019665E041E00E94D4AF85E38A95F1F7F0923D1CC80188960E947BF6F80190815D
:20F34000992319F48093C60002C08093CE000F900F900F90DF91CF911F910F91FF9008953F
:20F36000CF93DF93CDB7DEB729970FB6F894DEBF0FBECDBFFC0162838081882351F48091B5
:20F38000C100662311F0806C01C08F738093C1000BC0813049F48091C900662311F0806C96
:20F3A00001C08F738093C90081818130A1F58091731B9091741B98878F838985807F8560F3
:20F3C0008987CE01079665E041E00E94B2AF8091731B9091741B9D838C838E81807F8760D5
:20F3E0008E83CE01049667E041E00E94B2AF8091731B9091741B9A8389838B81807F8760BE
:20F400008B83CE01019667E040E00E94D4AF0E9446F910923D1C29960FB6F894DEBF0FBE96
:20F42000CDBFDF91CF910895FC018181813021F410923D1C0E9446F908951F920F920FB67E
:20F440000F920BB60F9211242F933F934F935F936F937F938F939F93AF93BF93EF93FF93FC
:20F460006091C60083EF9BE10E9410F6FF91EF91BF91AF919F918F917F916F915F914F916F
:20F480003F912F910F900BBE0F900FBE0F901F9018951F920F920FB60F920BB60F921124BE
:20F4A0002F933F934F935F936F937F938F939F93AF93BF93EF93FF9380913B1C882351F080
:20F4C00080913B1C843031F088E19CE10E947BF68093C600FF91EF91BF91AF919F918F912D
:20F4E0007F916F915F914F913F912F910F900BBE0F900FBE0F901F9018951F920F920FB6B6
:20F500000F920BB60F9211242F933F934F935F936F937F938F939F93AF93BF93EF93FF933B
:20F520006091CE0060933E1C80913D1C882331F080913D1C815080933D1C04C086EA9BE132
:20F540000E9410F6FF91EF91BF91AF919F918F917F916F915F914F913F912F910F900BBE3B
:20F560000F900FBE0F901F9018951F920F920FB60F920BB60F9211242F933F934F935F936D
:20F580006F937F938F939F93AF93BF93EF93FF938091EE1B882381F08091EE1B843061F006
:20F5A00080913D1C8F5F80933D1C8BEC9BE10E947BF68093CE0005C085E38A95F1F70E94CA
:20F5C00046F9FF91EF91BF91AF919F918F917F916F915F914F913F912F910F900BBE0F9085
:20F5E0000FBE0F901F90189580EF9BE160E040E00E9461F983EA9BE161E041E00E9461F9B5
:20F6000008957F928F929F92AF92BF92CF92DF92EF92FF920F931F93CF93DF93DC01CB01A3
:20F62000BA01A901B7FF02C077FD0CC014161506160617064CF4C1E0181619061A061B06C0
:20F6400024F002C0C1E001C0C0E077FF07C070956095509541955F4F6F4F7F4F142F752EC0
:20F66000D62F072FB7FF07C0B095A095909581959F4FAF4FBF4F4C01BD0180E090E0212FF8
:20F68000372D4D2F502F0E946CFF6B017C01AA24BB242D2F302F40E050E0C501B4010E9440
:20F6A0006CFFDC01CB01C80ED91EEA1EFB1E612F772D80E090E0A50194010E946CFF8C016F
:20F6C00020E030E00C0D1D1D2E1D3F1DCC2339F430952095109501951F4F2F4F3F4FB8011C
:20F6E000C901DF91CF911F910F91FF90EF90DF90CF90BF90AF909F908F907F900895CF925B
:20F70000DF92EF92FF920F931F93CF93DC01CB0189019A01011511052105310509F48BC012
:20F72000B7FF0AC0B901A801442777FD4395552766277727C42F0BC00097A105B10531F0B6
:20F74000C1E010161106120613060CF0C0E0B7FF07C0B095A095909581959F4FAF4FBF4FD2
:20F7600037FF07C030952095109501951F4F2F4F3F4FEE24FF248F3F4FEF94074FEFA40798
:20F780004FE3B4071CF0CC24DD2413C0880F991FAA1FBB1F0894E11CF11C50E1E516F104F3
:20F7A00051F7F1CF35952795179507950894C11CD11C00FFF7CFBC01CD01A90198010E94D8
:20F7C000E0FF89019A0180E190E08E199F098C199D091816190644F404C0000F111F221FF1
:20F7E000331F8A95D2F71DC00097D9F080959095B901A80104C075956795579547958A9544
:20F80000D2F7DB01CA018A019B01359527951795079581709070A070B070080F191F2A1FCA
:20F820003B1FCC2361F430952095109501951F4F2F4F3F4F04C00FEF1FEF2FEF3FE7B8012E
:20F84000C901CF911F910F91FF90EF90DF90CF9008955058BB27AA270ED03DC22ED230F05D
:20F8600033D220F031F49F3F11F41EF413C20EF4E095E7FBE0C1E92F3FD280F3BA176207B4
:20F8800073078407950718F071F49EF56EC20EF4E0950B2EBA2FA02D0B01B90190010C01CD
:20F8A000CA01A0011124FF27591B99F0593F50F4503E68F11A16F040A22F232F342F442770
:20F8C000585FF3CF469537952795A795F0405395C9F77EF41F16BA0B620B730B840BBAF0A8
:20F8E0009150A1F0FF0FBB1F661F771F881FC2F70EC0BA0F621F731F841F48F48795779582
:20F900006795B795F7959E3F08F0B3CF9395880F08F09927EE0F9795879508950FD280F012
:20F920009F3740F491110EF421C260E070E080E89FE3089526F01B16611D711D811D81C1EC
:20F940009BC155D108F481E008950CD0C4C1BCD140F0B3D130F021F45F3F19F06CC151111E
:20F9600005C298C1C9D198F39923C9F35523B1F3951B550BBB27AA2762177307840738F045
:20F980009F5F5F4F220F331F441FAA1FA9F333D00E2E3AF0E0E830D091505040E695001C37
:20F9A000CAF729D0FE2F27D0660F771F881FBB1F261737074807AB07B0E809F0BB0B802D5D
:20F9C000BF01FF2793585F4F2AF09E3F510568F032C1CCC15F3FECF3983EDCF3869577953A
:20F9E0006795B795F7959F5FC9F7880F911D9695879597F90895E1E0660F771F881FBB1F6F
:20FA0000621773078407BA0720F0621B730B840BBA0BEE1F88F7E0950895BEE304D008F439
:20FA200090E80895BFE322273327A9016DD158F19F5740F1B91738F1BFE3B91B9927B850DD
:20FA40003AF4660F771F881F991FB395D2F316C0B8504AF0232F342F452F562F672F782FFE
:20FA60008827B850BAF7B85F49F08695779567955795479537952795BA95B9F70EF40DD17C
:20FA800088940895889460E070E0CB01089504D06894B1116BC1089537D188F09F5790F047
:20FAA000B92F9927B751A0F0D1F0660F771F881F991F1AF0BA95C9F712C0B13081F055D178
:20FAC000B1E0089552C1672F782F8827B85F39F0B93FCCF3869577956795B395D9F73EF495
:20FAE00090958095709561957F4F8F4F9F4F089597FB0EF4D2D03EC0E89409C097FB3EF45D
:20FB000090958095709561957F4F8F4F9F4F9923A9F0F92F96E9BB279395F695879577955D
:20FB20006795B795F111F8CFFAF4BB0F11F460FF1BC06F5F7F4F8F4F9F4F16C0882311F0D3
:20FB400096E911C0772321F09EE8872F762F05C0662371F096E8862F70E060E02AF09A950E
:20FB6000660F771F881FDAF7880F9695879597F90895E894F92F96EBFF2381F012161306FE
:20FB80001406440B9395F69587957795679557954040FF23B9F71BC099270895882351F4BF
:20FBA0009850D2F7872B762F652F542F432F322F20E0B1F3121613061406440B88233AF030
:20FBC0009A95440F551F661F771F881FCAF755234AF4440F551F11F460FF04C06F5F7F4F6B
:20FBE0008F4F9F4F880F9695879597F90895990F0008550FAA0BE0E8FEEF16161706E80778
:20FC0000F907C0F012161306E407F50798F0621B730B840B950B39F40A2661F0232B242B0F
:20FC2000252B21F408950A2609F4A140A6958FEF811D811D089597F99F6780E870E060E094
:20FC40000895882371F4772321F09850872B762F07C0662311F499270DC09051862B70E049
:20FC600060E02AF09A95660F771F881FDAF7880F9695879597F908959F3F31F0915020F479
:20FC8000879577956795B795880F911D9695879597F908959FEF80EC089590958095709565
:20FCA000609550954095309521953F4F4F4F5F4F6F4F7F4F8F4F9F4F089500240A9416165D
:20FCC000170618060906089500240A9412161306140605060895092E0394000C11F48823EE
:20FCE00052F0BB0F40F4BF2B11F460FF04C06F5F7F4F8F4F9F4F089557FD9058440F551FAA
:20FD000059F05F3F71F04795880F97FB991F61F09F3F79F087950895121613061406551FBE
:20FD2000F2CF4695F1DF08C0161617061806991FF1CF86957105610508940895E5DFA0F02C
:20FD4000BEE7B91788F4BB279F3860F41616B11D672F782F8827985FF7CF869577956795DF
:20FD6000B11D93959639C8F30895E894BB2766277727CB0197F908953ADF08F48FEF0895B4
:20FD80000BD0A9CF9ADF28F09FDF18F0952309F052CF80CF1124EACFAFDFA0F3959FD1F3D1
:20FDA000950F50E0551F629FF001729FBB27F00DB11D639FAA27F00DB11DAA1F649F662754
:20FDC000B00DA11D661F829F2227B00DA11D621F739FB00DA11D621F839FA00D611D221F21
:20FDE000749F3327A00D611D231F849F600D211D822F762F6A2F11249F5750408AF0E1F066
:20FE000088234AF0EE0FFF1FBB1F661F771F881F91505040A9F79E3F510570F00CCFA6CF52
:20FE20005F3FECF3983EDCF3869577956795B795F795E7959F5FC1F7FE2B880F911D9695DA
:20FE4000879597F9089511F40EF424CF15CF5CDFD0F39923D9F3CEF39F57550B87FF35D053
:20FE60000024A0E640EA900180585695979528F4805C660F771F881F20F0261737074807AA
:20FE800030F4621B730B840B202931294A2BA69517940794202531254A2758F7660F771FB5
:20FEA000881F20F026173707480730F4620B730B840B200D311D411DA09581F7B901842F30
:20FEC0009158880F96958795089591505040660F771F881FD2F70895629FD001739FF00160
:20FEE000829FE00DF11D649FE00DF11D929FF00D839FF00D749FF00D659FF00D9927729FB9
:20FF0000B00DE11DF91F639FB00DE11DF91FBD01CF0111240895991B79E004C0991F9617A3
:20FF200008F0961B881F7A95C9F780950895AA1BBB1B51E107C0AA1FBB1FA617B70710F03E
:20FF4000A61BB70B881F991F5A95A9F780959095BC01CD01089597FB092E07260AD077FD8A
:20FF600004D0E5DF06D000201AF4709561957F4F0895F6F7909581959F4F0895A1E21A2E01
:20FF8000AA1BBB1BFD010DC0AA1FBB1FEE1FFF1FA217B307E407F50720F0A21BB30BE40B59
:20FFA000F50B661F771F881F991F1A9469F760957095809590959B01AC01BD01CF01089511
:20FFC00097FB092E05260ED057FD04D0D7DF0AD0001C38F450954095309521953F4F4F4FEE
:20FFE0005F4F0895F6F790958095709561957F4F8F4F9F4F08952F923F924F925F926F92F8
:020000040002F8
:200000007F928F929F92AF92BF92CF92DF92EF92FF920F931F93CF93DF93CDB7DEB7CA1BE1
:20002000DB0B0FB6F894DEBF0FBECDBF19942A88398848885F846E847D848C849B84AA8470
:20004000B984C884DF80EE80FD800C811B81AA81B981CE0FD11D0FB6F894DEBF0FBECDBF2D
:20006000ED0108950790F691E02D1994FB01DC0102C005900D9241505040D8F70895FB01C5
:20008000DC0102C001900D9241505040D8F70895DC0101C06D9341505040E0F70895FC01D4
:2000A0008191861721F08823D9F7992708953197CF010895FB01DC018D9101908019011041
:2000C000D9F3990B0895FB01DC014150504030F08D910190801919F40020B9F7881B990B8D
:2000E0000895FB01DC014150504048F001900D920020C9F701C01D9241505040E0F708951C
:20010000FC0181E090E00190061609F4CF010020D1F701970895DC01CB01FC01F999FECF75
:2001200006C0F2BDE1BDF89A319600B40D9241505040B8F70895F999FECF92BD81BDF89A15
:20014000992780B50895DC01CB0103C02D910F94AE0041505040D0F70895262FF999FECF59
:200160001FBA92BD81BD20BD0FB6F894FA9AF99A0FBE01960895F894FFCF2F00010305072A
:20018000090E10121416181C1E01660A00006463FFFFFF3263FF0000326300FF00326300B8
:2001A00000FF3263000000407E0500A08C0000100E0000580200003C000000667400582EA8
:2001C000580000010202030303030404040404040404050505050505050505050505050550
:2001E000050506060606060606060606060606060606060606060606060606060606060641
:20020000060607070707070707070707070707070707070707070707070707070707070700
:200220000707070707070707070707070707070707070707070707070707070707070707DE
:200240000707080808080808080808080808080808080808080808080808080808080808A0
:2002600008080808080808080808080808080808080808080808080808080808080808087E
:2002800008080808080808080808080808080808080808080808080808080808080808085E
:2002A00008080808080808080808080808080808080808080808080808080808080808083E
:2002C000080801650103012200200006210022002000052100220020000421002500230023
:2002E000062400000000000000002200200003210022002000022100220020000121002580
:20030000002300042400020100010601012200200000210002010001000101020100010118
:200320000101020100010501010201000104010105010301000401050103010104012E0059
:200340002C00052D000000000000000000000000000000340032000533002E002C00032D17
:20036000000201000103010100000000000000000000000000002500230005240000000102
:2003800000010105040C1F0D05011E00080C0E0F0E0C080012091209001F1F0012091209F9
:2003A000001F1100111F0E0E0E0E0400111F0A0A0A0E04000C12120C000000000000000005
:2003C00026BA00000000F7BD99E04CBF4BBF00000000F2BD20D667BF7CBF7BCA4DC162CA76
:2003E000F3C100000000FCBDC9DF9FDF4DBF00000000C8A826D482DFD9E60000000024BEF2
:2004000072E969DFBFE800000000F2BD20D667BF7CBF4EBF3BC1F9C105C2000000002EBE16
:20042000C5DEBDCDF1DD0000000029BE9DC247CA7CDD0000000015BE6FD853BFC0E1000044
:2004400000001ABE92E278BEF6C100000000F2BD1BD867BF7CBF3BD86FD705D7F3C1000077
:200460000000F2BD31E367BF7CBF7BBF2DC1B2EDF3C10000000001BEA9D667BFB8EBADEA3F
:20048000C7EB11EBF3C1000000001FBE6AC23BCA6DC800000000F2BD20D667BF7CBF7BBF77
:2004A00071EDEFECF3C10000000038BE6EE0D9BF90EE00000000F2BD20D667BF7CBFDABF56
:2004C00011C1DBC1F3C13DBE3EBE40BE00000000F2BD20D667BF7CBFDABF11C1DBC1F3C144
:2004E000B4D2F5BF0AC00000000041BED2D42BCAD8C100000000C8A8CFE51ACAA8E5000030
:20050000000006BE38C688E180D3000000000BBE36EF6AEFC2D20000000010BEFDC512C020
:2005200065C10000000046BE36E123C041D0000000004BBE71D097D2C7E00000000050BE1E
:20054000D4CB70CDC5CC0000000055BE34C20ECA3EC800000000F2BD20D667BF7CBFDABFA8
:2005600011C1DBC1F3C11CD026C028C000000000F2BD20D667BF7CBF32C0FDC0E5CFF3C182
:20058000000000005ABEA4CE37C0F3E000000000F2BD20D667BF7CBFDFC9C0C0C9CDF3C18F
:2005A000000000005FBE0CC2DAE00DC800000000F2BD20D667BF7CBFBEC99DC08AC9F3C1D0
:2005C00000000000F2BD20D667BF7CBF3CC02FF26ACDF3C100000000F2BD20D667BF7CBF07
:2005E00040C083C0D3F0F3C10000000069BEBBC326F25ECC00000000F2BD20D667BF7CBF54
:2006000093F069CB44C0F3C1000000006EBE8ECA45C062C100000000F2BD20D667BF7CBFB9
:2006200046C069C05FC1F3C10000000064BE6EC5A8C8CBC60000000033BE3BC59CC89CC6AA
:200640000000000073BECBC467C60DC400000000F2BDDCE167BF57E04BC054C03CE0F3C124
:20066000FC15041612161A16221631163B163F164D16591662166D1674167D1687169416A1
:20068000A116AE16BD16C616CE16D516E416EF1600170E171C172B17371700000000461706
:2006A0004E17656570726F6D5F64756D702E62696E005817651772177F179017A017AF17A3
:2006C000BF17CF17DF17F01701181218231834189B18A618B118B518BB18BF18C518CA1827
:2006E000CF18D718DE18E518EC18F318FE18091914191D1928193319381943194E19591974
:2007000064196F1974197D1945184518451845184518451845184518451845184518451855
:200720004518451845184518451845184518451845184518451845184518451845184518E9
:200740004518451845184518451845184518451845184518451845184518451845184518C9
:200760004518451845184518451845184518451845184518451845184518451845184518A9
:20078000451845184518451845184518451845184518451845184518831988198C1997196B
:2007A000A119AC19B719C219CD19D819DE19E819F319FA19001A091A111A1C1A271AFFFF44
:2007C000FFFFFFFFFFFFFFFFFFFFFFFFFFFFFFFFFFFFFFFFFFFFFFFFFFFFFFFFFFFFFFFF39
:2007E000FFFFFFFFFFFFFFFFFFFFFFFFFFFFFFFFFFFFFFFFFFFFFFFFFFFFFFFFFFFFFFFF19
:2008000019E819F319FA19001A091A111A1C1A271A00FFFFFFFFFFFFFFFFFFFFFFFFFFFFCE
:20082000FFFFFFFFFFFFFFFFFFFFFFFFFFFFFFFFFFFFFFFFFFFFFFFFFFFFFFFFFFFFFFFFD8
:20084000FFFFFFFFFFFFFFFFFFFFFFFFFFFFFFFFFFFFFFFFFFFFFFFFFFFFFFFFFFFFFFFFB8
:20086000FFFFFFFFFFFFFFFFFFFFFFFFFFFFFFFFFFFFFFFFFFFFFFFFFFFFFFFFFFFFFFFF98
:20088000FFFFFFFFFFFFFFFFFFFFFFFFFFFFFFFFFFFFFFFFFFFFFFFFFFFFFFFFFFFFFFFF78
:2008A000FFFFFFFFFFFFFFFFFFFFFFFFFFFFFFFFFFFFFFFFFFFFFFFFFFFFFFFFFFFFFFFF58
:2008C000FFFFFFFFFFFFFFFFFFFFFFFFFFFFFFFFFFFFFFFFFFFFFFFFFFFFFFFFFFFFFFFF38
:2008E000FFFFFFFFFFFFFFFFFFFFFFFFFFFFFFFFFFFFFFFFFFFFFFFFFFFFFFFFFFFFFFFF18
:20090000FFFFFFFFFFFFFFFFFFFFFFFFFFFFFFFFFFFFFFFFFFFFFFFFFFFFFFFFFFFFFFFFF7
:20092000FFFFFFFFFFFFFFFFFFFFFFFFFFFFFFFFFFFFFFFFFFFFFFFFFFFFFFFFFFFFFFFFD7
:20094000FFFFFFFFFFFFFFFFFFFFFFFFFFFFFFFFFFFFFFFFFFFFFFFFFFFFFFFFFFFFFFFFB7
:20096000FFFFFFFFFFFFFFFFFFFFFFFFFFFFFFFFFFFFFFFFFFFFFFFFFFFFFFFFFFFFFFFF97
:20098000FFFFFFFFFFFFFFFFFFFFFFFFFFFFFFFFFFFFFFFFFFFFFFFFFFFFFFFFFFFFFFFF77
:2009A000FFFFFFFFFFFFFFFFFFFFFFFFFFFFFFFFFFFFFFFFFFFFFFFFFFFFFFFFFFFFFFFF57
:2009C000FFFFFFFFFFFFFFFFFFFFFFFFFFFFFFFFFFFFFFFFFFFFFFFFFFFFFFFFFFFFFFFF37
:2009E000FFFFFFFFFFFFFFFFFFFFFFFFFFFFFFFFFFFFFFFFFFFFFFFFFFFFFFFFFFFFFFFF17
:200A0000FFFFFFFFFFFFFFFFFFFFFFFFFFFFFFFFFFFFFFFFFFFFFFFFFFFFFFFFFFFFFFFFF6
:200A2000FFFFFFFFFFFFFFFFFFFFFFFFFFFFFFFFFFFFFFFFFFFFFFFFFFFFFFFFFFFFFFFFD6
:200A4000FFFFFFFFFFFFFFFFFFFFFFFFFFFFFFFFFFFFFFFFFFFFFFFFFFFFFFFFFFFFFFFFB6
:200A6000FFFFFFFFFFFFFFFFFFFFFFFFFFFFFFFFFFFFFFFFFFFFFFFFFFFFFFFFFFFFFFFF96
:200A8000FFFFFFFFFFFFFFFFFFFFFFFFFFFFFFFFFFFFFFFFFFFFFFFFFFFFFFFFFFFFFFFF76
:200AA000FFFFFFFFFFFFFFFFFFFFFFFFFFFFFFFFFFFFFFFFFFFFFFFFFFFFFFFFFFFFFFFF56
:200AC000FFFFFFFFFFFFFFFFFFFFFFFFFFFFFFFFFFFFFFFFFFFFFFFFFFFFFFFFFFFFFFFF36
:200AE000FFFFFFFFFFFFFFFFFFFFFFFFFFFFFFFFFFFFFFFFFFFFFFFFFFFFFFFFFFFFFFFF16
:200B0000FFFFFFFFFFFFFFFFFFFFFFFFFFFFFFFFFFFFFFFFFFFFFFFFFFFFFFFFFFFFFFFFF5
:200B2000FFFFFFFFFFFFFFFFFFFFFFFFFFFFFFFFFFFFFFFFFFFFFFFFFFFFFFFFFFFFFFFFD5
:200B4000FFFFFFFFFFFFFFFFFFFFFFFFFFFFFFFFFFFFFFFFFFFFFFFFFFFFFFFFFFFFFFFFB5
:200B6000FFFFFFFFFFFFFFFFFFFFFFFFFFFFFFFFFFFFFFFFFFFFFFFFFFFFFFFFFFFFFFFF95
:200B8000FFFFFFFFFFFFFFFFFFFFFFFFFFFFFFFFFFFFFFFFFFFFFFFFFFFFFFFFFFFFFFFF75
:200BA000FFFFFFFFFFFFFFFFFFFFFFFFFFFFFFFFFFFFFFFFFFFFFFFFFFFFFFFFFFFFFFFF55
:200BC000FFFFFFFFFFFFFFFFFFFFFFFFFFFFFFFFFFFFFFFFFFFFFFFFFFFFFFFFFFFFFFFF35
:200BE000FFFFFFFFFFFFFFFFFFFFFFFFFFFFFFFFFFFFFFFFFFFFFFFFFFFFFFFFFFFFFFFF15
:200C0000FFFFFFFFFFFFFFFFFFFFFFFFFFFFFFFFFFFFFFFFFFFFFFFFFFFFFFFFFFFFFFFFF4
:200C2000FFFFFFFFFFFFFFFFFFFFFFFFFFFFFFFFFFFFFFFFFFFFFFFFFFFFFFFFFFFFFFFFD4
:200C4000FFFFFFFFFFFFFFFFFFFFFFFFFFFFFFFFFFFFFFFFFFFFFFFFFFFFFFFFFFFFFFFFB4
:200C6000FFFFFFFFFFFFFFFFFFFFFFFFFFFFFFFFFFFFFFFFFFFFFFFFFFFFFFFFFFFFFFFF94
:200C8000FFFFFFFFFFFFFFFFFFFFFFFFFFFFFFFFFFFFFFFFFFFFFFFFFFFFFFFFFFFFFFFF74
:200CA000FFFFFFFFFFFFFFFFFFFFFFFFFFFFFFFFFFFFFFFFFFFFFFFFFFFFFFFFFFFFFFFF54
:200CC000FFFFFFFFFFFFFFFFFFFFFFFFFFFFFFFFFFFFFFFFFFFFFFFFFFFFFFFFFFFFFFFF34
:200CE000FFFFFFFFFFFFFFFFFFFFFFFFFFFFFFFFFFFFFFFFFFFFFFFFFFFFFFFFFFFFFFFF14
:200D0000FFFFFFFFFFFFFFFFFFFFFFFFFFFFFFFFFFFFFFFFFFFFFFFFFFFFFFFFFFFFFFFFF3
:200D2000FFFFFFFFFFFFFFFFFFFFFFFFFFFFFFFFFFFFFFFFFFFFFFFFFFFFFFFFFFFFFFFFD3
:200D4000FFFFFFFFFFFFFFFFFFFFFFFFFFFFFFFFFFFFFFFFFFFFFFFFFFFFFFFFFFFFFFFFB3
:200D6000FFFFFFFFFFFFFFFFFFFFFFFFFFFFFFFFFFFFFFFFFFFFFFFFFFFFFFFFFFFFFFFF93
:200D8000FFFFFFFFFFFFFFFFFFFFFFFFFFFFFFFFFFFFFFFFFFFFFFFFFFFFFFFFFFFFFFFF73
:200DA000FFFFFFFFFFFFFFFFFFFFFFFFFFFFFFFFFFFFFFFFFFFFFFFFFFFFFFFFFFFFFFFF53
:200DC000FFFFFFFFFFFFFFFFFFFFFFFFFFFFFFFFFFFFFFFFFFFFFFFFFFFFFFFFFFFFFFFF33
:200DE000FFFFFFFFFFFFFFFFFFFFFFFFFFFFFFFFFFFFFFFFFFFFFFFFFFFFFFFFFFFFFFFF13
:200E0000FFFFFFFFFFFFFFFFFFFFFFFFFFFFFFFFFFFFFFFFFFFFFFFFFFFFFFFFFFFFFFFFF2
:200E2000FFFFFFFFFFFFFFFFFFFFFFFFFFFFFFFFFFFFFFFFFFFFFFFFFFFFFFFFFFFFFFFFD2
:200E4000FFFFFFFFFFFFFFFFFFFFFFFFFFFFFFFFFFFFFFFFFFFFFFFFFFFFFFFFFFFFFFFFB2
:200E6000FFFFFFFFFFFFFFFFFFFFFFFFFFFFFFFFFFFFFFFFFFFFFFFFFFFFFFFFFFFFFFFF92
:200E8000FFFFFFFFFFFFFFFFFFFFFFFFFFFFFFFFFFFFFFFFFFFFFFFFFFFFFFFFFFFFFFFF72
:200EA000FFFFFFFFFFFFFFFFFFFFFFFFFFFFFFFFFFFFFFFFFFFFFFFFFFFFFFFFFFFFFFFF52
:200EC000FFFFFFFFFFFFFFFFFFFFFFFFFFFFFFFFFFFFFFFFFFFFFFFFFFFFFFFFFFFFFFFF32
:200EE000FFFFFFFFFFFFFFFFFFFFFFFFFFFFFFFFFFFFFFFFFFFFFFFFFFFFFFFFFFFFFFFF12
:200F0000FFFFFFFFFFFFFFFFFFFFFFFFFFFFFFFFFFFFFFFFFFFFFFFFFFFFFFFFFFFFFFFFF1
:200F2000FFFFFFFFFFFFFFFFFFFFFFFFFFFFFFFFFFFFFFFFFFFFFFFFFFFFFFFFFFFFFFFFD1
:200F4000FFFFFFFFFFFFFFFFFFFFFFFFFFFFFFFFFFFFFFFFFFFFFFFFFFFFFFFFFFFFFFFFB1
:200F6000FFFFFFFFFFFFFFFFFFFFFFFFFFFFFFFFFFFFFFFFFFFFFFFFFFFFFFFFFFFFFFFF91
:200F8000FFFFFFFFFFFFFFFFFFFFFFFFFFFFFFFFFFFFFFFFFFFFFFFFFFFFFFFFFFFFFFFF71
:200FA000FFFFFFFFFFFFFFFFFFFFFFFFFFFFFFFFFFFFFFFFFFFFFFFFFFFFFFFFFFFFFFFF51
:200FC000FFFFFFFFFFFFFFFFFFFFFFFFFFFFFFFFFFFFFFFFFFFFFFFFFFFFFFFFFFFFFFFF31
:200FE000FFFFFFFFFFFFFFFFFFFFFFFFFFFFFFFFFFFFFFFFFFFFFFFFFFFFFFFFFFFFFFFF11
:20100000FFFFFFFFFFFFFFFFFFFFFFFFFFFFFFFFFFFFFFFFFFFFFFFFFFFFFFFFFFFFFFFFF0
:20102000FFFFFFFFFFFFFFFFFFFFFFFFFFFFFFFFFFFFFFFFFFFFFFFFFFFFFFFFFFFFFFFFD0
:20104000FFFFFFFFFFFFFFFFFFFFFFFFFFFFFFFFFFFFFFFFFFFFFFFFFFFFFFFFFFFFFFFFB0
:20106000FFFFFFFFFFFFFFFFFFFFFFFFFFFFFFFFFFFFFFFFFFFFFFFFFFFFFFFFFFFFFFFF90
:20108000FFFFFFFFFFFFFFFFFFFFFFFFFFFFFFFFFFFFFFFFFFFFFFFFFFFFFFFFFFFFFFFF70
:2010A000FFFFFFFFFFFFFFFFFFFFFFFFFFFFFFFFFFFFFFFFFFFFFFFFFFFFFFFFFFFFFFFF50
:2010C000FFFFFFFFFFFFFFFFFFFFFFFFFFFFFFFFFFFFFFFFFFFFFFFFFFFFFFFFFFFFFFFF30
:2010E000FFFFFFFFFFFFFFFFFFFFFFFFFFFFFFFFFFFFFFFFFFFFFFFFFFFFFFFFFFFFFFFF10
:20110000FFFFFFFFFFFFFFFFFFFFFFFFFFFFFFFFFFFFFFFFFFFFFFFFFFFFFFFFFFFFFFFFEF
:20112000FFFFFFFFFFFFFFFFFFFFFFFFFFFFFFFFFFFFFFFFFFFFFFFFFFFFFFFFFFFFFFFFCF
:20114000FFFFFFFFFFFFFFFFFFFFFFFFFFFFFFFFFFFFFFFFFFFFFFFFFFFFFFFFFFFFFFFFAF
:20116000FFFFFFFFFFFFFFFFFFFFFFFFFFFFFFFFFFFFFFFFFFFFFFFFFFFFFFFFFFFFFFFF8F
:20118000FFFFFFFFFFFFFFFFFFFFFFFFFFFFFFFFFFFFFFFFFFFFFFFFFFFFFFFFFFFFFFFF6F
:2011A000FFFFFFFFFFFFFFFFFFFFFFFFFFFFFFFFFFFFFFFFFFFFFFFFFFFFFFFFFFFFFFFF4F
:2011C000FFFFFFFFFFFFFFFFFFFFFFFFFFFFFFFFFFFFFFFFFFFFFFFFFFFFFFFFFFFFFFFF2F
:2011E000FFFFFFFFFFFFFFFFFFFFFFFFFFFFFFFFFFFFFFFFFFFFFFFFFFFFFFFFFFFFFFFF0F
:20120000FFFFFFFFFFFFFFFFFFFFFFFFFFFFFFFFFFFFFFFFFFFFFFFFFFFFFFFFFFFFFFFFEE
:20122000FFFFFFFFFFFFFFFFFFFFFFFFFFFFFFFFFFFFFFFFFFFFFFFFFFFFFFFFFFFFFFFFCE
:20124000FFFFFFFFFFFFFFFFFFFFFFFFFFFFFFFFFFFFFFFFFFFFFFFFFFFFFFFFFFFFFFFFAE
:20126000FFFFFFFFFFFFFFFFFFFFFFFFFFFFFFFFFFFFFFFFFFFFFFFFFFFFFFFFFFFFFFFF8E
:20128000FFFFFFFFFFFFFFFFFFFFFFFFFFFFFFFFFFFFFFFFFFFFFFFFFFFFFFFFFFFFFFFF6E
:2012A000FFFFFFFFFFFFFFFFFFFFFFFFFFFFFFFFFFFFFFFFFFFFFFFFFFFFFFFFFFFFFFFF4E
:2012C000FFFFFFFFFFFFFFFFFFFFFFFFFFFFFFFFFFFFFFFFFFFFFFFFFFFFFFFFFFFFFFFF2E
:2012E000FFFFFFFFFFFFFFFFFFFFFFFFFFFFFFFFFFFFFFFFFFFFFFFFFFFFFFFFFFFFFFFF0E
:20130000FFFFFFFFFFFFFFFFFFFFFFFFFFFFFFFFFFFFFFFFFFFFFFFFFFFFFFFFFFFFFFFFED
:20132000FFFFFFFFFFFFFFFFFFFFFFFFFFFFFFFFFFFFFFFFFFFFFFFFFFFFFFFFFFFFFFFFCD
:20134000FFFFFFFFFFFFFFFFFFFFFFFFFFFFFFFFFFFFFFFFFFFFFFFFFFFFFFFFFFFFFFFFAD
:20136000FFFFFFFFFFFFFFFFFFFFFFFFFFFFFFFFFFFFFFFFFFFFFFFFFFFFFFFFFFFFFFFF8D
:20138000FFFFFFFFFFFFFFFFFFFFFFFFFFFFFFFFFFFFFFFFFFFFFFFFFFFFFFFFFFFFFFFF6D
:2013A000FFFFFFFFFFFFFFFFFFFFFFFFFFFFFFFFFFFFFFFFFFFFFFFFFFFFFFFFFFFFFFFF4D
:2013C000FFFFFFFFFFFFFFFFFFFFFFFFFFFFFFFFFFFFFFFFFFFFFFFFFFFFFFFFFFFFFFFF2D
:2013E000FFFFFFFFFFFFFFFFFFFFFFFFFFFFFFFFFFFFFFFFFFFFFFFFFFFFFFFFFFFFFFFF0D
:20140000FFFFFFFFFFFFFFFFFFFFFFFFFFFFFFFFFFFFFFFFFFFFFFFFFFFFFFFFFFFFFFFFEC
:20142000FFFFFFFFFFFFFFFFFFFFFFFFFFFFFFFFFFFFFFFFFFFFFFFFFFFFFFFFFFFFFFFFCC
:20144000FFFFFFFFFFFFFFFFFFFFFFFFFFFFFFFFFFFFFFFFFFFFFFFFFFFFFFFFFFFFFFFFAC
:20146000FFFFFFFFFFFFFFFFFFFFFFFFFFFFFFFFFFFFFFFFFFFFFFFFFFFFFFFFFFFFFFFF8C
:20148000FFFFFFFFFFFFFFFFFFFFFFFFFFFFFFFFFFFFFFFFFFFFFFFFFFFFFFFFFFFFFFFF6C
:2014A000FFFFFFFFFFFFFFFFFFFFFFFFFFFFFFFFFFFFFFFFFFFFFFFFFFFFFFFFFFFFFFFF4C
:2014C000FFFFFFFFFFFFFFFFFFFFFFFFFFFFFFFFFFFFFFFFFFFFFFFFFFFFFFFFFFFFFFFF2C
:2014E000FFFFFFFFFFFFFFFFFFFFFFFFFFFFFFFFFFFFFFFFFFFFFFFFFFFFFFFFFFFFFFFF0C
:20150000FFFFFFFFFFFFFFFFFFFFFFFFFFFFFFFFFFFFFFFFFFFFFFFFFFFFFFFFFFFFFFFFEB
:20152000FFFFFFFFFFFFFFFFFFFFFFFFFFFFFFFFFFFFFFFFFFFFFFFFFFFFFFFFFFFFFFFFCB
:20154000FFFFFFFFFFFFFFFFFFFFFFFFFFFFFFFFFFFFFFFFFFFFFFFFFFFFFFFFFFFFFFFFAB
:20156000FFFFFFFFFFFFFFFFFFFFFFFFFFFFFFFFFFFFFFFFFFFFFFFFFFFFFFFFFFFFFFFF8B
:20158000FFFFFFFFFFFFFFFFFFFFFFFFFFFFFFFFFFFFFFFFFFFFFFFFFFFFFFFFFFFFFFFF6B
:2015A000FFFFFFFFFFFFFFFFFFFFFFFFFFFFFFFFFFFFFFFFFFFFFFFFFFFFFFFFFFFFFFFF4B
:2015C000FFFFFFFFFFFFFFFFFFFFFFFFFFFFFFFFFFFFFFFFFFFFFFFFFFFFFFFFFFFFFFFF2B
:2015E000FFFFFFFFFFFFFFFFFFFFFFFFFFFFFFFFFFFFFFFFFFFFFFFFFFFFFFFFFFFFFFFF0B
:20160000FFFFFFFFFFFFFFFFFFFFFFFFFFFFFFFFFFFFFFFFFFFFFFFFFFFFFFFFFFFFFFFFEA
:20162000FFFFFFFFFFFFFFFFFFFFFFFFFFFFFFFFFFFFFFFFFFFFFFFFFFFFFFFFFFFFFFFFCA
:20164000FFFFFFFFFFFFFFFFFFFFFFFFFFFFFFFFFFFFFFFFFFFFFFFFFFFFFFFFFFFFFFFFAA
:20166000FFFFFFFFFFFFFFFFFFFFFFFFFFFFFFFFFFFFFFFFFFFFFFFFFFFFFFFFFFFFFFFF8A
:20168000FFFFFFFFFFFFFFFFFFFFFFFFFFFFFFFFFFFFFFFFFFFFFFFFFFFFFFFFFFFFFFFF6A
:2016A000FFFFFFFFFFFFFFFFFFFFFFFFFFFFFFFFFFFFFFFFFFFFFFFFFFFFFFFFFFFFFFFF4A
:2016C000FFFFFFFFFFFFFFFFFFFFFFFFFFFFFFFFFFFFFFFFFFFFFFFFFFFFFFFFFFFFFFFF2A
:2016E000FFFFFFFFFFFFFFFFFFFFFFFFFFFFFFFFFFFFFFFFFFFFFFFFFFFFFFFFFFFFFFFF0A
:20170000FFFFFFFFFFFFFFFFFFFFFFFFFFFFFFFFFFFFFFFFFFFFFFFFFFFFFFFFFFFFFFFFE9
:20172000FFFFFFFFFFFFFFFFFFFFFFFFFFFFFFFFFFFFFFFFFFFFFFFFFFFFFFFFFFFFFFFFC9
:20174000FFFFFFFFFFFFFFFFFFFFFFFFFFFFFFFFFFFFFFFFFFFFFFFFFFFFFFFFFFFFFFFFA9
:20176000FFFFFFFFFFFFFFFFFFFFFFFFFFFFFFFFFFFFFFFFFFFFFFFFFFFFFFFFFFFFFFFF89
:20178000FFFFFFFFFFFFFFFFFFFFFFFFFFFFFFFFFFFFFFFFFFFFFFFFFFFFFFFFFFFFFFFF69
:2017A000FFFFFFFFFFFFFFFFFFFFFFFFFFFFFFFFFFFFFFFFFFFFFFFFFFFFFFFFFFFFFFFF49
:2017C000FFFFFFFFFFFFFFFFFFFFFFFFFFFFFFFFFFFFFFFFFFFFFFFFFFFFFFFFFFFFFFFF29
:2017E000FFFFFFFFFFFFFFFFFFFFFFFFFFFFFFFFFFFFFFFFFFFFFFFFFFFFFFFFFFFFFFFF09
:20180000FFFFFFFFFFFFFFFFFFFFFFFFFFFFFFFFFFFFFFFFFFFFFFFFFFFFFFFFFFFFFFFFE8
:20182000FFFFFFFFFFFFFFFFFFFFFFFFFFFFFFFFFFFFFFFFFFFFFFFFFFFFFFFFFFFFFFFFC8
:20184000FFFFFFFFFFFFFFFFFFFFFFFFFFFFFFFFFFFFFFFFFFFFFFFFFFFFFFFFFFFFFFFFA8
:20186000FFFFFFFFFFFFFFFFFFFFFFFFFFFFFFFFFFFFFFFFFFFFFFFFFFFFFFFFFFFFFFFF88
:20188000FFFFFFFFFFFFFFFFFFFFFFFFFFFFFFFFFFFFFFFFFFFFFFFFFFFFFFFFFFFFFFFF68
:2018A000FFFFFFFFFFFFFFFFFFFFFFFFFFFFFFFFFFFFFFFFFFFFFFFFFFFFFFFFFFFFFFFF48
:2018C000FFFFFFFFFFFFFFFFFFFFFFFFFFFFFFFFFFFFFFFFFFFFFFFFFFFFFFFFFFFFFFFF28
:2018E000FFFFFFFFFFFFFFFFFFFFFFFFFFFFFFFFFFFFFFFFFFFFFFFFFFFFFFFFFFFFFFFF08
:20190000FFFFFFFFFFFFFFFFFFFFFFFFFFFFFFFFFFFFFFFFFFFFFFFFFFFFFFFFFFFFFFFFE7
:20192000FFFFFFFFFFFFFFFFFFFFFFFFFFFFFFFFFFFFFFFFFFFFFFFFFFFFFFFFFFFFFFFFC7
:20194000FFFFFFFFFFFFFFFFFFFFFFFFFFFFFFFFFFFFFFFFFFFFFFFFFFFFFFFFFFFFFFFFA7
:20196000FFFFFFFFFFFFFFFFFFFFFFFFFFFFFFFFFFFFFFFFFFFFFFFFFFFFFFFFFFFFFFFF87
:20198000FFFFFFFFFFFFFFFFFFFFFFFFFFFFFFFFFFFFFFFFFFFFFFFFFFFFFFFFFFFFFFFF67
:2019A000FFFFFFFFFFFFFFFFFFFFFFFFFFFFFFFFFFFFFFFFFFFFFFFFFFFFFFFFFFFFFFFF47
:2019C000FFFFFFFFFFFFFFFFFFFFFFFFFFFFFFFFFFFFFFFFFFFFFFFFFFFFFFFFFFFFFFFF27
:2019E000FFFFFFFFFFFFFFFFFFFFFFFFFFFFFFFFFFFFFFFFFFFFFFFFFFFFFFFFFFFFFFFF07
:201A0000FFFFFFFFFFFFFFFFFFFFFFFFFFFFFFFFFFFFFFFFFFFFFFFFFFFFFFFFFFFFFFFFE6
:201A2000FFFFFFFFFFFFFFFFFFFFFFFFFFFFFFFFFFFFFFFFFFFFFFFFFFFFFFFFFFFFFFFFC6
:201A4000FFFFFFFFFFFFFFFFFFFFFFFFFFFFFFFFFFFFFFFFFFFFFFFFFFFFFFFFFFFFFFFFA6
:201A6000FFFFFFFFFFFFFFFFFFFFFFFFFFFFFFFFFFFFFFFFFFFFFFFFFFFFFFFFFFFFFFFF86
:201A8000FFFFFFFFFFFFFFFFFFFFFFFFFFFFFFFFFFFFFFFFFFFFFFFFFFFFFFFFFFFFFFFF66
:201AA000FFFFFFFFFFFFFFFFFFFFFFFFFFFFFFFFFFFFFFFFFFFFFFFFFFFFFFFFFFFFFFFF46
:201AC000FFFFFFFFFFFFFFFFFFFFFFFFFFFFFFFFFFFFFFFFFFFFFFFFFFFFFFFFFFFFFFFF26
:201AE000FFFFFFFFFFFFFFFFFFFFFFFFFFFFFFFFFFFFFFFFFFFFFFFFFFFFFFFFFFFFFFFF06
:201B0000FFFFFFFFFFFFFFFFFFFFFFFFFFFFFFFFFFFFFFFFFFFFFFFFFFFFFFFFFFFFFFFFE5
:201B2000FFFFFFFFFFFFFFFFFFFFFFFFFFFFFFFFFFFFFFFFFFFFFFFFFFFFFFFFFFFFFFFFC5
:201B4000FFFFFFFFFFFFFFFFFFFFFFFFFFFFFFFFFFFFFFFFFFFFFFFFFFFFFFFFFFFFFFFFA5
:201B6000FFFFFFFFFFFFFFFFFFFFFFFFFFFFFFFFFFFFFFFFFFFFFFFFFFFFFFFFFFFFFFFF85
:201B8000FFFFFFFFFFFFFFFFFFFFFFFFFFFFFFFFFFFFFFFFFFFFFFFFFFFFFFFFFFFFFFFF65
:201BA000FFFFFFFFFFFFFFFFFFFFFFFFFFFFFFFFFFFFFFFFFFFFFFFFFFFFFFFFFFFFFFFF45
:201BC000FFFFFFFFFFFFFFFFFFFFFFFFFFFFFFFFFFFFFFFFFFFFFFFFFFFFFFFFFFFFFFFF25
:201BE000FFFFFFFFFFFFFFFFFFFFFFFFFFFFFFFFFFFFFFFFFFFFFFFFFFFFFFFFFFFFFFFF05
:201C0000FFFFFFFFFFFFFFFFFFFFFFFFFFFFFFFFFFFFFFFFFFFFFFFFFFFFFFFFFFFFFFFFE4
:201C2000FFFFFFFFFFFFFFFFFFFFFFFFFFFFFFFFFFFFFFFFFFFFFFFFFFFFFFFFFFFFFFFFC4
:201C4000FFFFFFFFFFFFFFFFFFFFFFFFFFFFFFFFFFFFFFFFFFFFFFFFFFFFFFFFFFFFFFFFA4
:201C6000FFFFFFFFFFFFFFFFFFFFFFFFFFFFFFFFFFFFFFFFFFFFFFFFFFFFFFFFFFFFFFFF84
:201C8000FFFFFFFFFFFFFFFFFFFFFFFFFFFFFFFFFFFFFFFFFFFFFFFFFFFFFFFFFFFFFFFF64
:201CA000FFFFFFFFFFFFFFFFFFFFFFFFFFFFFFFFFFFFFFFFFFFFFFFFFFFFFFFFFFFFFFFF44
:201CC000FFFFFFFFFFFFFFFFFFFFFFFFFFFFFFFFFFFFFFFFFFFFFFFFFFFFFFFFFFFFFFFF24
:201CE000FFFFFFFFFFFFFFFFFFFFFFFFFFFFFFFFFFFFFFFFFFFFFFFFFFFFFFFFFFFFFFFF04
:201D0000FFFFFFFFFFFFFFFFFFFFFFFFFFFFFFFFFFFFFFFFFFFFFFFFFFFFFFFFFFFFFFFFE3
:201D2000FFFFFFFFFFFFFFFFFFFFFFFFFFFFFFFFFFFFFFFFFFFFFFFFFFFFFFFFFFFFFFFFC3
:201D4000FFFFFFFFFFFFFFFFFFFFFFFFFFFFFFFFFFFFFFFFFFFFFFFFFFFFFFFFFFFFFFFFA3
:201D6000FFFFFFFFFFFFFFFFFFFFFFFFFFFFFFFFFFFFFFFFFFFFFFFFFFFFFFFFFFFFFFFF83
:201D8000FFFFFFFFFFFFFFFFFFFFFFFFFFFFFFFFFFFFFFFFFFFFFFFFFFFFFFFFFFFFFFFF63
:201DA000FFFFFFFFFFFFFFFFFFFFFFFFFFFFFFFFFFFFFFFFFFFFFFFFFFFFFFFFFFFFFFFF43
:201DC000FFFFFFFFFFFFFFFFFFFFFFFFFFFFFFFFFFFFFFFFFFFFFFFFFFFFFFFFFFFFFFFF23
:201DE000FFFFFFFFFFFFFFFFFFFFFFFFFFFFFFFFFFFFFFFFFFFFFFFFFFFFFFFFFFFFFFFF03
:201E0000FFFFFFFFFFFFFFFFFFFFFFFFFFFFFFFFFFFFFFFFFFFFFFFFFFFFFFFFFFFFFFFFE2
:201E2000FFFFFFFFFFFFFFFFFFFFFFFFFFFFFFFFFFFFFFFFFFFFFFFFFFFFFFFFFFFFFFFFC2
:201E4000FFFFFFFFFFFFFFFFFFFFFFFFFFFFFFFFFFFFFFFFFFFFFFFFFFFFFFFFFFFFFFFFA2
:201E6000FFFFFFFFFFFFFFFFFFFFFFFFFFFFFFFFFFFFFFFFFFFFFFFFFFFFFFFFFFFFFFFF82
:201E8000FFFFFFFFFFFFFFFFFFFFFFFFFFFFFFFFFFFFFFFFFFFFFFFFFFFFFFFFFFFFFFFF62
:201EA000FFFFFFFFFFFFFFFFFFFFFFFFFFFFFFFFFFFFFFFFFFFFFFFFFFFFFFFFFFFFFFFF42
:201EC000FFFFFFFFFFFFFFFFFFFFFFFFFFFFFFFFFFFFFFFFFFFFFFFFFFFFFFFFFFFFFFFF22
:201EE000FFFFFFFFFFFFFFFFFFFFFFFFFFFFFFFFFFFFFFFFFFFFFFFFFFFFFFFFFFFFFFFF02
:201F0000FFFFFFFFFFFFFFFFFFFFFFFFFFFFFFFFFFFFFFFFFFFFFFFFFFFFFFFFFFFFFFFFE1
:201F2000FFFFFFFFFFFFFFFFFFFFFFFFFFFFFFFFFFFFFFFFFFFFFFFFFFFFFFFFFFFFFFFFC1
:201F4000FFFFFFFFFFFFFFFFFFFFFFFFFFFFFFFFFFFFFFFFFFFFFFFFFFFFFFFFFFFFFFFFA1
:201F6000FFFFFFFFFFFFFFFFFFFFFFFFFFFFFFFFFFFFFFFFFFFFFFFFFFFFFFFFFFFFFFFF81
:201F8000FFFFFFFFFFFFFFFFFFFFFFFFFFFFFFFFFFFFFFFFFFFFFFFFFFFFFFFFFFFFFFFF61
:201FA000FFFFFFFFFFFFFFFFFFFFFFFFFFFFFFFFFFFFFFFFFFFFFFFFFFFFFFFFFFFFFFFF41
:201FC000FFFFFFFFFFFFFFFFFFFFFFFFFFFFFFFFFFFFFFFFFFFFFFFFFFFFFFFFFFFFFFFF21
:201FE000FFFFFFFFFFFFFFFFFFFFFFFFFFFFFFFFFFFFFFFFFFFFFFFFFFFFFFFFFFFFFFFF01
:20200000FFFFFFFFFFFFFFFFFFFFFFFFFFFFFFFFFFFFFFFFFFFFFFFFFFFFFFFFFFFFFFFFE0
:20202000FFFFFFFFFFFFFFFFFFFFFFFFFFFFFFFFFFFFFFFFFFFFFFFFFFFFFFFFFFFFFFFFC0
:20204000FFFFFFFFFFFFFFFFFFFFFFFFFFFFFFFFFFFFFFFFFFFFFFFFFFFFFFFFFFFFFFFFA0
:20206000FFFFFFFFFFFFFFFFFFFFFFFFFFFFFFFFFFFFFFFFFFFFFFFFFFFFFFFFFFFFFFFF80
:20208000FFFFFFFFFFFFFFFFFFFFFFFFFFFFFFFFFFFFFFFFFFFFFFFFFFFFFFFFFFFFFFFF60
:2020A000FFFFFFFFFFFFFFFFFFFFFFFFFFFFFFFFFFFFFFFFFFFFFFFFFFFFFFFFFFFFFFFF40
:2020C000FFFFFFFFFFFFFFFFFFFFFFFFFFFFFFFFFFFFFFFFFFFFFFFFFFFFFFFFFFFFFFFF20
:2020E000FFFFFFFFFFFFFFFFFFFFFFFFFFFFFFFFFFFFFFFFFFFFFFFFFFFFFFFFFFFFFFFF00
:20210000FFFFFFFFFFFFFFFFFFFFFFFFFFFFFFFFFFFFFFFFFFFFFFFFFFFFFFFFFFFFFFFFDF
:20212000FFFFFFFFFFFFFFFFFFFFFFFFFFFFFFFFFFFFFFFFFFFFFFFFFFFFFFFFFFFFFFFFBF
:20214000FFFFFFFFFFFFFFFFFFFFFFFFFFFFFFFFFFFFFFFFFFFFFFFFFFFFFFFFFFFFFFFF9F
:20216000FFFFFFFFFFFFFFFFFFFFFFFFFFFFFFFFFFFFFFFFFFFFFFFFFFFFFFFFFFFFFFFF7F
:20218000FFFFFFFFFFFFFFFFFFFFFFFFFFFFFFFFFFFFFFFFFFFFFFFFFFFFFFFFFFFFFFFF5F
:2021A000FFFFFFFFFFFFFFFFFFFFFFFFFFFFFFFFFFFFFFFFFFFFFFFFFFFFFFFFFFFFFFFF3F
:2021C000FFFFFFFFFFFFFFFFFFFFFFFFFFFFFFFFFFFFFFFFFFFFFFFFFFFFFFFFFFFFFFFF1F
:2021E000FFFFFFFFFFFFFFFFFFFFFFFFFFFFFFFFFFFFFFFFFFFFFFFFFFFFFFFFFFFFFFFFFF
:20220000FFFFFFFFFFFFFFFFFFFFFFFFFFFFFFFFFFFFFFFFFFFFFFFFFFFFFFFFFFFFFFFFDE
:20222000FFFFFFFFFFFFFFFFFFFFFFFFFFFFFFFFFFFFFFFFFFFFFFFFFFFFFFFFFFFFFFFFBE
:20224000FFFFFFFFFFFFFFFFFFFFFFFFFFFFFFFFFFFFFFFFFFFFFFFFFFFFFFFFFFFFFFFF9E
:20226000FFFFFFFFFFFFFFFFFFFFFFFFFFFFFFFFFFFFFFFFFFFFFFFFFFFFFFFFFFFFFFFF7E
:20228000FFFFFFFFFFFFFFFFFFFFFFFFFFFFFFFFFFFFFFFFFFFFFFFFFFFFFFFFFFFFFFFF5E
:2022A000FFFFFFFFFFFFFFFFFFFFFFFFFFFFFFFFFFFFFFFFFFFFFFFFFFFFFFFFFFFFFFFF3E
:2022C000FFFFFFFFFFFFFFFFFFFFFFFFFFFFFFFFFFFFFFFFFFFFFFFFFFFFFFFFFFFFFFFF1E
:2022E000FFFFFFFFFFFFFFFFFFFFFFFFFFFFFFFFFFFFFFFFFFFFFFFFFFFFFFFFFFFFFFFFFE
:20230000FFFFFFFFFFFFFFFFFFFFFFFFFFFFFFFFFFFFFFFFFFFFFFFFFFFFFFFFFFFFFFFFDD
:20232000FFFFFFFFFFFFFFFFFFFFFFFFFFFFFFFFFFFFFFFFFFFFFFFFFFFFFFFFFFFFFFFFBD
:20234000FFFFFFFFFFFFFFFFFFFFFFFFFFFFFFFFFFFFFFFFFFFFFFFFFFFFFFFFFFFFFFFF9D
:20236000FFFFFFFFFFFFFFFFFFFFFFFFFFFFFFFFFFFFFFFFFFFFFFFFFFFFFFFFFFFFFFFF7D
:20238000FFFFFFFFFFFFFFFFFFFFFFFFFFFFFFFFFFFFFFFFFFFFFFFFFFFFFFFFFFFFFFFF5D
:2023A000FFFFFFFFFFFFFFFFFFFFFFFFFFFFFFFFFFFFFFFFFFFFFFFFFFFFFFFFFFFFFFFF3D
:2023C000FFFFFFFFFFFFFFFFFFFFFFFFFFFFFFFFFFFFFFFFFFFFFFFFFFFFFFFFFFFFFFFF1D
:2023E000FFFFFFFFFFFFFFFFFFFFFFFFFFFFFFFFFFFFFFFFFFFFFFFFFFFFFFFFFFFFFFFFFD
:20240000FFFFFFFFFFFFFFFFFFFFFFFFFFFFFFFFFFFFFFFFFFFFFFFFFFFFFFFFFFFFFFFFDC
:20242000FFFFFFFFFFFFFFFFFFFFFFFFFFFFFFFFFFFFFFFFFFFFFFFFFFFFFFFFFFFFFFFFBC
:20244000FFFFFFFFFFFFFFFFFFFFFFFFFFFFFFFFFFFFFFFFFFFFFFFFFFFFFFFFFFFFFFFF9C
:20246000FFFFFFFFFFFFFFFFFFFFFFFFFFFFFFFFFFFFFFFFFFFFFFFFFFFFFFFFFFFFFFFF7C
:20248000FFFFFFFFFFFFFFFFFFFFFFFFFFFFFFFFFFFFFFFFFFFFFFFFFFFFFFFFFFFFFFFF5C
:2024A000FFFFFFFFFFFFFFFFFFFFFFFFFFFFFFFFFFFFFFFFFFFFFFFFFFFFFFFFFFFFFFFF3C
:2024C000FFFFFFFFFFFFFFFFFFFFFFFFFFFFFFFFFFFFFFFFFFFFFFFFFFFFFFFFFFFFFFFF1C
:2024E000FFFFFFFFFFFFFFFFFFFFFFFFFFFFFFFFFFFFFFFFFFFFFFFFFFFFFFFFFFFFFFFFFC
:20250000FFFFFFFFFFFFFFFFFFFFFFFFFFFFFFFFFFFFFFFFFFFFFFFFFFFFFFFFFFFFFFFFDB
:20252000FFFFFFFFFFFFFFFFFFFFFFFFFFFFFFFFFFFFFFFFFFFFFFFFFFFFFFFFFFFFFFFFBB
:20254000FFFFFFFFFFFFFFFFFFFFFFFFFFFFFFFFFFFFFFFFFFFFFFFFFFFFFFFFFFFFFFFF9B
:20256000FFFFFFFFFFFFFFFFFFFFFFFFFFFFFFFFFFFFFFFFFFFFFFFFFFFFFFFFFFFFFFFF7B
:20258000FFFFFFFFFFFFFFFFFFFFFFFFFFFFFFFFFFFFFFFFFFFFFFFFFFFFFFFFFFFFFFFF5B
:2025A000FFFFFFFFFFFFFFFFFFFFFFFFFFFFFFFFFFFFFFFFFFFFFFFFFFFFFFFFFFFFFFFF3B
:2025C000FFFFFFFFFFFFFFFFFFFFFFFFFFFFFFFFFFFFFFFFFFFFFFFFFFFFFFFFFFFFFFFF1B
:2025E000FFFFFFFFFFFFFFFFFFFFFFFFFFFFFFFFFFFFFFFFFFFFFFFFFFFFFFFFFFFFFFFFFB
:20260000FFFFFFFFFFFFFFFFFFFFFFFFFFFFFFFFFFFFFFFFFFFFFFFFFFFFFFFFFFFFFFFFDA
:20262000FFFFFFFFFFFFFFFFFFFFFFFFFFFFFFFFFFFFFFFFFFFFFFFFFFFFFFFFFFFFFFFFBA
:20264000FFFFFFFFFFFFFFFFFFFFFFFFFFFFFFFFFFFFFFFFFFFFFFFFFFFFFFFFFFFFFFFF9A
:20266000FFFFFFFFFFFFFFFFFFFFFFFFFFFFFFFFFFFFFFFFFFFFFFFFFFFFFFFFFFFFFFFF7A
:20268000FFFFFFFFFFFFFFFFFFFFFFFFFFFFFFFFFFFFFFFFFFFFFFFFFFFFFFFFFFFFFFFF5A
:2026A000FFFFFFFFFFFFFFFFFFFFFFFFFFFFFFFFFFFFFFFFFFFFFFFFFFFFFFFFFFFFFFFF3A
:2026C000FFFFFFFFFFFFFFFFFFFFFFFFFFFFFFFFFFFFFFFFFFFFFFFFFFFFFFFFFFFFFFFF1A
:2026E000FFFFFFFFFFFFFFFFFFFFFFFFFFFFFFFFFFFFFFFFFFFFFFFFFFFFFFFFFFFFFFFFFA
:20270000FFFFFFFFFFFFFFFFFFFFFFFFFFFFFFFFFFFFFFFFFFFFFFFFFFFFFFFFFFFFFFFFD9
:20272000FFFFFFFFFFFFFFFFFFFFFFFFFFFFFFFFFFFFFFFFFFFFFFFFFFFFFFFFFFFFFFFFB9
:20274000FFFFFFFFFFFFFFFFFFFFFFFFFFFFFFFFFFFFFFFFFFFFFFFFFFFFFFFFFFFFFFFF99
:20276000FFFFFFFFFFFFFFFFFFFFFFFFFFFFFFFFFFFFFFFFFFFFFFFFFFFFFFFFFFFFFFFF79
:20278000FFFFFFFFFFFFFFFFFFFFFFFFFFFFFFFFFFFFFFFFFFFFFFFFFFFFFFFFFFFFFFFF59
:2027A000FFFFFFFFFFFFFFFFFFFFFFFFFFFFFFFFFFFFFFFFFFFFFFFFFFFFFFFFFFFFFFFF39
:2027C000FFFFFFFFFFFFFFFFFFFFFFFFFFFFFFFFFFFFFFFFFFFFFFFFFFFFFFFFFFFFFFFF19
:2027E000FFFFFFFFFFFFFFFFFFFFFFFFFFFFFFFFFFFFFFFFFFFFFFFFFFFFFFFFFFFFFFFFF9
:20280000FFFFFFFFFFFFFFFFFFFFFFFFFFFFFFFFFFFFFFFFFFFFFFFFFFFFFFFFFFFFFFFFD8
:20282000FFFFFFFFFFFFFFFFFFFFFFFFFFFFFFFFFFFFFFFFFFFFFFFFFFFFFFFFFFFFFFFFB8
:20284000FFFFFFFFFFFFFFFFFFFFFFFFFFFFFFFFFFFFFFFFFFFFFFFFFFFFFFFFFFFFFFFF98
:20286000FFFFFFFFFFFFFFFFFFFFFFFFFFFFFFFFFFFFFFFFFFFFFFFFFFFFFFFFFFFFFFFF78
:20288000FFFFFFFFFFFFFFFFFFFFFFFFFFFFFFFFFFFFFFFFFFFFFFFFFFFFFFFFFFFFFFFF58
:2028A000FFFFFFFFFFFFFFFFFFFFFFFFFFFFFFFFFFFFFFFFFFFFFFFFFFFFFFFFFFFFFFFF38
:2028C000FFFFFFFFFFFFFFFFFFFFFFFFFFFFFFFFFFFFFFFFFFFFFFFFFFFFFFFFFFFFFFFF18
:2028E000FFFFFFFFFFFFFFFFFFFFFFFFFFFFFFFFFFFFFFFFFFFFFFFFFFFFFFFFFFFFFFFFF8
:20290000FFFFFFFFFFFFFFFFFFFFFFFFFFFFFFFFFFFFFFFFFFFFFFFFFFFFFFFFFFFFFFFFD7
:20292000FFFFFFFFFFFFFFFFFFFFFFFFFFFFFFFFFFFFFFFFFFFFFFFFFFFFFFFFFFFFFFFFB7
:20294000FFFFFFFFFFFFFFFFFFFFFFFFFFFFFFFFFFFFFFFFFFFFFFFFFFFFFFFFFFFFFFFF97
:20296000FFFFFFFFFFFFFFFFFFFFFFFFFFFFFFFFFFFFFFFFFFFFFFFFFFFFFFFFFFFFFFFF77
:20298000FFFFFFFFFFFFFFFFFFFFFFFFFFFFFFFFFFFFFFFFFFFFFFFFFFFFFFFFFFFFFFFF57
:2029A000FFFFFFFFFFFFFFFFFFFFFFFFFFFFFFFFFFFFFFFFFFFFFFFFFFFFFFFFFFFFFFFF37
:2029C000FFFFFFFFFFFFFFFFFFFFFFFFFFFFFFFFFFFFFFFFFFFFFFFFFFFFFFFFFFFFFFFF17
:2029E000FFFFFFFFFFFFFFFFFFFFFFFFFFFFFFFFFFFFFFFFFFFFFFFFFFFFFFFFFFFFFFFFF7
:202A0000FFFFFFFFFFFFFFFFFFFFFFFFFFFFFFFFFFFFFFFFFFFFFFFFFFFFFFFFFFFFFFFFD6
:202A2000FFFFFFFFFFFFFFFFFFFFFFFFFFFFFFFFFFFFFFFFFFFFFFFFFFFFFFFFFFFFFFFFB6
:202A4000FFFFFFFFFFFFFFFFFFFFFFFFFFFFFFFFFFFFFFFFFFFFFFFFFFFFFFFFFFFFFFFF96
:202A6000FFFFFFFFFFFFFFFFFFFFFFFFFFFFFFFFFFFFFFFFFFFFFFFFFFFFFFFFFFFFFFFF76
:202A8000FFFFFFFFFFFFFFFFFFFFFFFFFFFFFFFFFFFFFFFFFFFFFFFFFFFFFFFFFFFFFFFF56
:202AA000FFFFFFFFFFFFFFFFFFFFFFFFFFFFFFFFFFFFFFFFFFFFFFFFFFFFFFFFFFFFFFFF36
:202AC000FFFFFFFFFFFFFFFFFFFFFFFFFFFFFFFFFFFFFFFFFFFFFFFFFFFFFFFFFFFFFFFF16
:202AE000FFFFFFFFFFFFFFFFFFFFFFFFFFFFFFFFFFFFFFFFFFFFFFFFFFFFFFFFFFFFFFFFF6
:202B0000FFFFFFFFFFFFFFFFFFFFFFFFFFFFFFFFFFFFFFFFFFFFFFFFFFFFFFFFFFFFFFFFD5
:202B2000FFFFFFFFFFFFFFFFFFFFFFFFFFFFFFFFFFFFFFFFFFFFFFFFFFFFFFFFFFFFFFFFB5
:202B4000FFFFFFFFFFFFFFFFFFFFFFFFFFFFFFFFFFFFFFFFFFFFFFFFFFFFFFFFFFFFFFFF95
:202B6000FFFFFFFFFFFFFFFFFFFFFFFFFFFFFFFFFFFFFFFFFFFFFFFFFFFFFFFFFFFFFFFF75
:202B8000FFFFFFFFFFFFFFFFFFFFFFFFFFFFFFFFFFFFFFFFFFFFFFFFFFFFFFFFFFFFFFFF55
:202BA000FFFFFFFFFFFFFFFFFFFFFFFFFFFFFFFFFFFFFFFFFFFFFFFFFFFFFFFFFFFFFFFF35
:202BC000FFFFFFFFFFFFFFFFFFFFFFFFFFFFFFFFFFFFFFFFFFFFFFFFFFFFFFFFFFFFFFFF15
:202BE000FFFFFFFFFFFFFFFFFFFFFFFFFFFFFFFFFFFFFFFFFFFFFFFFFFFFFFFFFFFFFFFFF5
:202C0000FFFFFFFFFFFFFFFFFFFFFFFFFFFFFFFFFFFFFFFFFFFFFFFFFFFFFFFFFFFFFFFFD4
:202C2000FFFFFFFFFFFFFFFFFFFFFFFFFFFFFFFFFFFFFFFFFFFFFFFFFFFFFFFFFFFFFFFFB4
:202C4000FFFFFFFFFFFFFFFFFFFFFFFFFFFFFFFFFFFFFFFFFFFFFFFFFFFFFFFFFFFFFFFF94
:202C6000FFFFFFFFFFFFFFFFFFFFFFFFFFFFFFFFFFFFFFFFFFFFFFFFFFFFFFFFFFFFFFFF74
:202C8000FFFFFFFFFFFFFFFFFFFFFFFFFFFFFFFFFFFFFFFFFFFFFFFFFFFFFFFFFFFFFFFF54
:202CA000FFFFFFFFFFFFFFFFFFFFFFFFFFFFFFFFFFFFFFFFFFFFFFFFFFFFFFFFFFFFFFFF34
:202CC000FFFFFFFFFFFFFFFFFFFFFFFFFFFFFFFFFFFFFFFFFFFFFFFFFFFFFFFFFFFFFFFF14
:202CE000FFFFFFFFFFFFFFFFFFFFFFFFFFFFFFFFFFFFFFFFFFFFFFFFFFFFFFFFFFFFFFFFF4
:202D0000FFFFFFFFFFFFFFFFFFFFFFFFFFFFFFFFFFFFFFFFFFFFFFFFFFFFFFFFFFFFFFFFD3
:202D2000FFFFFFFFFFFFFFFFFFFFFFFFFFFFFFFFFFFFFFFFFFFFFFFFFFFFFFFFFFFFFFFFB3
:202D4000FFFFFFFFFFFFFFFFFFFFFFFFFFFFFFFFFFFFFFFFFFFFFFFFFFFFFFFFFFFFFFFF93
:202D6000FFFFFFFFFFFFFFFFFFFFFFFFFFFFFFFFFFFFFFFFFFFFFFFFFFFFFFFFFFFFFFFF73
:202D8000FFFFFFFFFFFFFFFFFFFFFFFFFFFFFFFFFFFFFFFFFFFFFFFFFFFFFFFFFFFFFFFF53
:202DA000FFFFFFFFFFFFFFFFFFFFFFFFFFFFFFFFFFFFFFFFFFFFFFFFFFFFFFFFFFFFFFFF33
:202DC000FFFFFFFFFFFFFFFFFFFFFFFFFFFFFFFFFFFFFFFFFFFFFFFFFFFFFFFFFFFFFFFF13
:202DE000FFFFFFFFFFFFFFFFFFFFFFFFFFFFFFFFFFFFFFFFFFFFFFFFFFFFFFFFFFFFFFFFF3
:202E0000FFFFFFFFFFFFFFFFFFFFFFFFFFFFFFFFFFFFFFFFFFFFFFFFFFFFFFFFFFFFFFFFD2
:202E2000FFFFFFFFFFFFFFFFFFFFFFFFFFFFFFFFFFFFFFFFFFFFFFFFFFFFFFFFFFFFFFFFB2
:202E4000FFFFFFFFFFFFFFFFFFFFFFFFFFFFFFFFFFFFFFFFFFFFFFFFFFFFFFFFFFFFFFFF92
:202E6000FFFFFFFFFFFFFFFFFFFFFFFFFFFFFFFFFFFFFFFFFFFFFFFFFFFFFFFFFFFFFFFF72
:202E8000FFFFFFFFFFFFFFFFFFFFFFFFFFFFFFFFFFFFFFFFFFFFFFFFFFFFFFFFFFFFFFFF52
:202EA000FFFFFFFFFFFFFFFFFFFFFFFFFFFFFFFFFFFFFFFFFFFFFFFFFFFFFFFFFFFFFFFF32
:202EC000FFFFFFFFFFFFFFFFFFFFFFFFFFFFFFFFFFFFFFFFFFFFFFFFFFFFFFFFFFFFFFFF12
:202EE000FFFFFFFFFFFFFFFFFFFFFFFFFFFFFFFFFFFFFFFFFFFFFFFFFFFFFFFFFFFFFFFFF2
:202F0000FFFFFFFFFFFFFFFFFFFFFFFFFFFFFFFFFFFFFFFFFFFFFFFFFFFFFFFFFFFFFFFFD1
:202F2000FFFFFFFFFFFFFFFFFFFFFFFFFFFFFFFFFFFFFFFFFFFFFFFFFFFFFFFFFFFFFFFFB1
:202F4000FFFFFFFFFFFFFFFFFFFFFFFFFFFFFFFFFFFFFFFFFFFFFFFFFFFFFFFFFFFFFFFF91
:202F6000FFFFFFFFFFFFFFFFFFFFFFFFFFFFFFFFFFFFFFFFFFFFFFFFFFFFFFFFFFFFFFFF71
:202F8000FFFFFFFFFFFFFFFFFFFFFFFFFFFFFFFFFFFFFFFFFFFFFFFFFFFFFFFFFFFFFFFF51
:202FA000FFFFFFFFFFFFFFFFFFFFFFFFFFFFFFFFFFFFFFFFFFFFFFFFFFFFFFFFFFFFFFFF31
:202FC000FFFFFFFFFFFFFFFFFFFFFFFFFFFFFFFFFFFFFFFFFFFFFFFFFFFFFFFFFFFFFFFF11
:202FE000FFFFFFFFFFFFFFFFFFFFFFFFFFFFFFFFFFFFFFFFFFFFFFFFFFFFFFFFFFFFFFFFF1
:20300000FFFFFFFFFFFFFFFFFFFFFFFFFFFFFFFFFFFFFFFFFFFFFFFFFFFFFFFFFFFFFFFFD0
:20302000FFFFFFFFFFFFFFFFFFFFFFFFFFFFFFFFFFFFFFFFFFFFFFFFFFFFFFFFFFFFFFFFB0
:20304000FFFFFFFFFFFFFFFFFFFFFFFFFFFFFFFFFFFFFFFFFFFFFFFFFFFFFFFFFFFFFFFF90
:20306000FFFFFFFFFFFFFFFFFFFFFFFFFFFFFFFFFFFFFFFFFFFFFFFFFFFFFFFFFFFFFFFF70
:20308000FFFFFFFFFFFFFFFFFFFFFFFFFFFFFFFFFFFFFFFFFFFFFFFFFFFFFFFFFFFFFFFF50
:2030A000FFFFFFFFFFFFFFFFFFFFFFFFFFFFFFFFFFFFFFFFFFFFFFFFFFFFFFFFFFFFFFFF30
:2030C000FFFFFFFFFFFFFFFFFFFFFFFFFFFFFFFFFFFFFFFFFFFFFFFFFFFFFFFFFFFFFFFF10
:2030E000FFFFFFFFFFFFFFFFFFFFFFFFFFFFFFFFFFFFFFFFFFFFFFFFFFFFFFFFFFFFFFFFF0
:20310000FFFFFFFFFFFFFFFFFFFFFFFFFFFFFFFFFFFFFFFFFFFFFFFFFFFFFFFFFFFFFFFFCF
:20312000FFFFFFFFFFFFFFFFFFFFFFFFFFFFFFFFFFFFFFFFFFFFFFFFFFFFFFFFFFFFFFFFAF
:20314000FFFFFFFFFFFFFFFFFFFFFFFFFFFFFFFFFFFFFFFFFFFFFFFFFFFFFFFFFFFFFFFF8F
:20316000FFFFFFFFFFFFFFFFFFFFFFFFFFFFFFFFFFFFFFFFFFFFFFFFFFFFFFFFFFFFFFFF6F
:20318000FFFFFFFFFFFFFFFFFFFFFFFFFFFFFFFFFFFFFFFFFFFFFFFFFFFFFFFFFFFFFFFF4F
:2031A000FFFFFFFFFFFFFFFFFFFFFFFFFFFFFFFFFFFFFFFFFFFFFFFFFFFFFFFFFFFFFFFF2F
:2031C000FFFFFFFFFFFFFFFFFFFFFFFFFFFFFFFFFFFFFFFFFFFFFFFFFFFFFFFFFFFFFFFF0F
:2031E000FFFFFFFFFFFFFFFFFFFFFFFFFFFFFFFFFFFFFFFFFFFFFFFFFFFFFFFFFFFFFFFFEF
:20320000FFFFFFFFFFFFFFFFFFFFFFFFFFFFFFFFFFFFFFFFFFFFFFFFFFFFFFFFFFFFFFFFCE
:20322000FFFFFFFFFFFFFFFFFFFFFFFFFFFFFFFFFFFFFFFFFFFFFFFFFFFFFFFFFFFFFFFFAE
:20324000FFFFFFFFFFFFFFFFFFFFFFFFFFFFFFFFFFFFFFFFFFFFFFFFFFFFFFFFFFFFFFFF8E
:20326000FFFFFFFFFFFFFFFFFFFFFFFFFFFFFFFFFFFFFFFFFFFFFFFFFFFFFFFFFFFFFFFF6E
:20328000FFFFFFFFFFFFFFFFFFFFFFFFFFFFFFFFFFFFFFFFFFFFFFFFFFFFFFFFFFFFFFFF4E
:2032A000FFFFFFFFFFFFFFFFFFFFFFFFFFFFFFFFFFFFFFFFFFFFFFFFFFFFFFFFFFFFFFFF2E
:2032C000FFFFFFFFFFFFFFFFFFFFFFFFFFFFFFFFFFFFFFFFFFFFFFFFFFFFFFFFFFFFFFFF0E
:2032E000FFFFFFFFFFFFFFFFFFFFFFFFFFFFFFFFFFFFFFFFFFFFFFFFFFFFFFFFFFFFFFFFEE
:20330000FFFFFFFFFFFFFFFFFFFFFFFFFFFFFFFFFFFFFFFFFFFFFFFFFFFFFFFFFFFFFFFFCD
:20332000FFFFFFFFFFFFFFFFFFFFFFFFFFFFFFFFFFFFFFFFFFFFFFFFFFFFFFFFFFFFFFFFAD
:20334000FFFFFFFFFFFFFFFFFFFFFFFFFFFFFFFFFFFFFFFFFFFFFFFFFFFFFFFFFFFFFFFF8D
:20336000FFFFFFFFFFFFFFFFFFFFFFFFFFFFFFFFFFFFFFFFFFFFFFFFFFFFFFFFFFFFFFFF6D
:20338000FFFFFFFFFFFFFFFFFFFFFFFFFFFFFFFFFFFFFFFFFFFFFFFFFFFFFFFFFFFFFFFF4D
:2033A000FFFFFFFFFFFFFFFFFFFFFFFFFFFFFFFFFFFFFFFFFFFFFFFFFFFFFFFFFFFFFFFF2D
:2033C000FFFFFFFFFFFFFFFFFFFFFFFFFFFFFFFFFFFFFFFFFFFFFFFFFFFFFFFFFFFFFFFF0D
:2033E000FFFFFFFFFFFFFFFFFFFFFFFFFFFFFFFFFFFFFFFFFFFFFFFFFFFFFFFFFFFFFFFFED
:20340000FFFFFFFFFFFFFFFFFFFFFFFFFFFFFFFFFFFFFFFFFFFFFFFFFFFFFFFFFFFFFFFFCC
:20342000FFFFFFFFFFFFFFFFFFFFFFFFFFFFFFFFFFFFFFFFFFFFFFFFFFFFFFFFFFFFFFFFAC
:20344000FFFFFFFFFFFFFFFFFFFFFFFFFFFFFFFFFFFFFFFFFFFFFFFFFFFFFFFFFFFFFFFF8C
:20346000FFFFFFFFFFFFFFFFFFFFFFFFFFFFFFFFFFFFFFFFFFFFFFFFFFFFFFFFFFFFFFFF6C
:20348000FFFFFFFFFFFFFFFFFFFFFFFFFFFFFFFFFFFFFFFFFFFFFFFFFFFFFFFFFFFFFFFF4C
:2034A000FFFFFFFFFFFFFFFFFFFFFFFFFFFFFFFFFFFFFFFFFFFFFFFFFFFFFFFFFFFFFFFF2C
:2034C000FFFFFFFFFFFFFFFFFFFFFFFFFFFFFFFFFFFFFFFFFFFFFFFFFFFFFFFFFFFFFFFF0C
:2034E000FFFFFFFFFFFFFFFFFFFFFFFFFFFFFFFFFFFFFFFFFFFFFFFFFFFFFFFFFFFFFFFFEC
:20350000FFFFFFFFFFFFFFFFFFFFFFFFFFFFFFFFFFFFFFFFFFFFFFFFFFFFFFFFFFFFFFFFCB
:20352000FFFFFFFFFFFFFFFFFFFFFFFFFFFFFFFFFFFFFFFFFFFFFFFFFFFFFFFFFFFFFFFFAB
:20354000FFFFFFFFFFFFFFFFFFFFFFFFFFFFFFFFFFFFFFFFFFFFFFFFFFFFFFFFFFFFFFFF8B
:20356000FFFFFFFFFFFFFFFFFFFFFFFFFFFFFFFFFFFFFFFFFFFFFFFFFFFFFFFFFFFFFFFF6B
:20358000FFFFFFFFFFFFFFFFFFFFFFFFFFFFFFFFFFFFFFFFFFFFFFFFFFFFFFFFFFFFFFFF4B
:2035A000FFFFFFFFFFFFFFFFFFFFFFFFFFFFFFFFFFFFFFFFFFFFFFFFFFFFFFFFFFFFFFFF2B
:2035C000FFFFFFFFFFFFFFFFFFFFFFFFFFFFFFFFFFFFFFFFFFFFFFFFFFFFFFFFFFFFFFFF0B
:2035E000FFFFFFFFFFFFFFFFFFFFFFFFFFFFFFFFFFFFFFFFFFFFFFFFFFFFFFFFFFFFFFFFEB
:20360000FFFFFFFFFFFFFFFFFFFFFFFFFFFFFFFFFFFFFFFFFFFFFFFFFFFFFFFFFFFFFFFFCA
:20362000FFFFFFFFFFFFFFFFFFFFFFFFFFFFFFFFFFFFFFFFFFFFFFFFFFFFFFFFFFFFFFFFAA
:20364000FFFFFFFFFFFFFFFFFFFFFFFFFFFFFFFFFFFFFFFFFFFFFFFFFFFFFFFFFFFFFFFF8A
:20366000FFFFFFFFFFFFFFFFFFFFFFFFFFFFFFFFFFFFFFFFFFFFFFFFFFFFFFFFFFFFFFFF6A
:20368000FFFFFFFFFFFFFFFFFFFFFFFFFFFFFFFFFFFFFFFFFFFFFFFFFFFFFFFFFFFFFFFF4A
:2036A000FFFFFFFFFFFFFFFFFFFFFFFFFFFFFFFFFFFFFFFFFFFFFFFFFFFFFFFFFFFFFFFF2A
:2036C000FFFFFFFFFFFFFFFFFFFFFFFFFFFFFFFFFFFFFFFFFFFFFFFFFFFFFFFFFFFFFFFF0A
:2036E000FFFFFFFFFFFFFFFFFFFFFFFFFFFFFFFFFFFFFFFFFFFFFFFFFFFFFFFFFFFFFFFFEA
:20370000FFFFFFFFFFFFFFFFFFFFFFFFFFFFFFFFFFFFFFFFFFFFFFFFFFFFFFFFFFFFFFFFC9
:20372000FFFFFFFFFFFFFFFFFFFFFFFFFFFFFFFFFFFFFFFFFFFFFFFFFFFFFFFFFFFFFFFFA9
:20374000FFFFFFFFFFFFFFFFFFFFFFFFFFFFFFFFFFFFFFFFFFFFFFFFFFFFFFFFFFFFFFFF89
:20376000FFFFFFFFFFFFFFFFFFFFFFFFFFFFFFFFFFFFFFFFFFFFFFFFFFFFFFFFFFFFFFFF69
:20378000FFFFFFFFFFFFFFFFFFFFFFFFFFFFFFFFFFFFFFFFFFFFFFFFFFFFFFFFFFFFFFFF49
:2037A000FFFFFFFFFFFFFFFFFFFFFFFFFFFFFFFFFFFFFFFFFFFFFFFFFFFFFFFFFFFFFFFF29
:2037C000FFFFFFFFFFFFFFFFFFFFFFFFFFFFFFFFFFFFFFFFFFFFFFFFFFFFFFFFFFFFFFFF09
:2037E000FFFFFFFFFFFFFFFFFFFFFFFFFFFFFFFFFFFFFFFFFFFFFFFFFFFFFFFFFFFFFFFFE9
:20380000FFFFFFFFFFFFFFFFFFFFFFFFFFFFFFFFFFFFFFFFFFFFFFFFFFFFFFFFFFFFFFFFC8
:20382000FFFFFFFFFFFFFFFFFFFFFFFFFFFFFFFFFFFFFFFFFFFFFFFFFFFFFFFFFFFFFFFFA8
:20384000FFFFFFFFFFFFFFFFFFFFFFFFFFFFFFFFFFFFFFFFFFFFFFFFFFFFFFFFFFFFFFFF88
:20386000FFFFFFFFFFFFFFFFFFFFFFFFFFFFFFFFFFFFFFFFFFFFFFFFFFFFFFFFFFFFFFFF68
:20388000FFFFFFFFFFFFFFFFFFFFFFFFFFFFFFFFFFFFFFFFFFFFFFFFFFFFFFFFFFFFFFFF48
:2038A000FFFFFFFFFFFFFFFFFFFFFFFFFFFFFFFFFFFFFFFFFFFFFFFFFFFFFFFFFFFFFFFF28
:2038C000FFFFFFFFFFFFFFFFFFFFFFFFFFFFFFFFFFFFFFFFFFFFFFFFFFFFFFFFFFFFFFFF08
:2038E000FFFFFFFFFFFFFFFFFFFFFFFFFFFFFFFFFFFFFFFFFFFFFFFFFFFFFFFFFFFFFFFFE8
:20390000FFFFFFFFFFFFFFFFFFFFFFFFFFFFFFFFFFFFFFFFFFFFFFFFFFFFFFFFFFFFFFFFC7
:20392000FFFFFFFFFFFFFFFFFFFFFFFFFFFFFFFFFFFFFFFFFFFFFFFFFFFFFFFFFFFFFFFFA7
:20394000FFFFFFFFFFFFFFFFFFFFFFFFFFFFFFFFFFFFFFFFFFFFFFFFFFFFFFFFFFFFFFFF87
:20396000FFFFFFFFFFFFFFFFFFFFFFFFFFFFFFFFFFFFFFFFFFFFFFFFFFFFFFFFFFFFFFFF67
:20398000FFFFFFFFFFFFFFFFFFFFFFFFFFFFFFFFFFFFFFFFFFFFFFFFFFFFFFFFFFFFFFFF47
:2039A000FFFFFFFFFFFFFFFFFFFFFFFFFFFFFFFFFFFFFFFFFFFFFFFFFFFFFFFFFFFFFFFF27
:2039C000FFFFFFFFFFFFFFFFFFFFFFFFFFFFFFFFFFFFFFFFFFFFFFFFFFFFFFFFFFFFFFFF07
:2039E000FFFFFFFFFFFFFFFFFFFFFFFFFFFFFFFFFFFFFFFFFFFFFFFFFFFFFFFFFFFFFFFFE7
:203A0000FFFFFFFFFFFFFFFFFFFFFFFFFFFFFFFFFFFFFFFFFFFFFFFFFFFFFFFFFFFFFFFFC6
:203A2000FFFFFFFFFFFFFFFFFFFFFFFFFFFFFFFFFFFFFFFFFFFFFFFFFFFFFFFFFFFFFFFFA6
:203A4000FFFFFFFFFFFFFFFFFFFFFFFFFFFFFFFFFFFFFFFFFFFFFFFFFFFFFFFFFFFFFFFF86
:203A6000FFFFFFFFFFFFFFFFFFFFFFFFFFFFFFFFFFFFFFFFFFFFFFFFFFFFFFFFFFFFFFFF66
:203A8000FFFFFFFFFFFFFFFFFFFFFFFFFFFFFFFFFFFFFFFFFFFFFFFFFFFFFFFFFFFFFFFF46
:203AA000FFFFFFFFFFFFFFFFFFFFFFFFFFFFFFFFFFFFFFFFFFFFFFFFFFFFFFFFFFFFFFFF26
:203AC000FFFFFFFFFFFFFFFFFFFFFFFFFFFFFFFFFFFFFFFFFFFFFFFFFFFFFFFFFFFFFFFF06
:203AE000FFFFFFFFFFFFFFFFFFFFFFFFFFFFFFFFFFFFFFFFFFFFFFFFFFFFFFFFFFFFFFFFE6
:203B0000FFFFFFFFFFFFFFFFFFFFFFFFFFFFFFFFFFFFFFFFFFFFFFFFFFFFFFFFFFFFFFFFC5
:203B2000FFFFFFFFFFFFFFFFFFFFFFFFFFFFFFFFFFFFFFFFFFFFFFFFFFFFFFFFFFFFFFFFA5
:203B4000FFFFFFFFFFFFFFFFFFFFFFFFFFFFFFFFFFFFFFFFFFFFFFFFFFFFFFFFFFFFFFFF85
:203B6000FFFFFFFFFFFFFFFFFFFFFFFFFFFFFFFFFFFFFFFFFFFFFFFFFFFFFFFFFFFFFFFF65
:203B8000FFFFFFFFFFFFFFFFFFFFFFFFFFFFFFFFFFFFFFFFFFFFFFFFFFFFFFFFFFFFFFFF45
:203BA000FFFFFFFFFFFFFFFFFFFFFFFFFFFFFFFFFFFFFFFFFFFFFFFFFFFFFFFFFFFFFFFF25
:203BC000FFFFFFFFFFFFFFFFFFFFFFFFFFFFFFFFFFFFFFFFFFFFFFFFFFFFFFFFFFFFFFFF05
:203BE000FFFFFFFFFFFFFFFFFFFFFFFFFFFFFFFFFFFFFFFFFFFFFFFFFFFFFFFFFFFFFFFFE5
:203C0000FFFFFFFFFFFFFFFFFFFFFFFFFFFFFFFFFFFFFFFFFFFFFFFFFFFFFFFFFFFFFFFFC4
:203C2000FFFFFFFFFFFFFFFFFFFFFFFFFFFFFFFFFFFFFFFFFFFFFFFFFFFFFFFFFFFFFFFFA4
:203C4000FFFFFFFFFFFFFFFFFFFFFFFFFFFFFFFFFFFFFFFFFFFFFFFFFFFFFFFFFFFFFFFF84
:203C6000FFFFFFFFFFFFFFFFFFFFFFFFFFFFFFFFFFFFFFFFFFFFFFFFFFFFFFFFFFFFFFFF64
:203C8000FFFFFFFFFFFFFFFFFFFFFFFFFFFFFFFFFFFFFFFFFFFFFFFFFFFFFFFFFFFFFFFF44
:203CA000FFFFFFFFFFFFFFFFFFFFFFFFFFFFFFFFFFFFFFFFFFFFFFFFFFFFFFFFFFFFFFFF24
:203CC000FFFFFFFFFFFFFFFFFFFFFFFFFFFFFFFFFFFFFFFFFFFFFFFFFFFFFFFFFFFFFFFF04
:203CE000FFFFFFFFFFFFFFFFFFFFFFFFFFFFFFFFFFFFFFFFFFFFFFFFFFFFFFFFFFFFFFFFE4
:203D0000FFFFFFFFFFFFFFFFFFFFFFFFFFFFFFFFFFFFFFFFFFFFFFFFFFFFFFFFFFFFFFFFC3
:203D2000FFFFFFFFFFFFFFFFFFFFFFFFFFFFFFFFFFFFFFFFFFFFFFFFFFFFFFFFFFFFFFFFA3
:203D4000FFFFFFFFFFFFFFFFFFFFFFFFFFFFFFFFFFFFFFFFFFFFFFFFFFFFFFFFFFFFFFFF83
:203D6000FFFFFFFFFFFFFFFFFFFFFFFFFFFFFFFFFFFFFFFFFFFFFFFFFFFFFFFFFFFFFFFF63
:203D8000FFFFFFFFFFFFFFFFFFFFFFFFFFFFFFFFFFFFFFFFFFFFFFFFFFFFFFFFFFFFFFFF43
:203DA000FFFFFFFFFFFFFFFFFFFFFFFFFFFFFFFFFFFFFFFFFFFFFFFFFFFFFFFFFFFFFFFF23
:203DC000FFFFFFFFFFFFFFFFFFFFFFFFFFFFFFFFFFFFFFFFFFFFFFFFFFFFFFFFFFFFFFFF03
:203DE000FFFFFFFFFFFFFFFFFFFFFFFFFFFFFFFFFFFFFFFFFFFFFFFFFFFFFFFFFFFFFFFFE3
:203E0000FFFFFFFFFFFFFFFFFFFFFFFFFFFFFFFFFFFFFFFFFFFFFFFFFFFFFFFFFFFFFFFFC2
:203E2000FFFFFFFFFFFFFFFFFFFFFFFFFFFFFFFFFFFFFFFFFFFFFFFFFFFFFFFFFFFFFFFFA2
:203E4000FFFFFFFFFFFFFFFFFFFFFFFFFFFFFFFFFFFFFFFFFFFFFFFFFFFFFFFFFFFFFFFF82
:203E6000FFFFFFFFFFFFFFFFFFFFFFFFFFFFFFFFFFFFFFFFFFFFFFFFFFFFFFFFFFFFFFFF62
:203E8000FFFFFFFFFFFFFFFFFFFFFFFFFFFFFFFFFFFFFFFFFFFFFFFFFFFFFFFFFFFFFFFF42
:203EA000FFFFFFFFFFFFFFFFFFFFFFFFFFFFFFFFFFFFFFFFFFFFFFFFFFFFFFFFFFFFFFFF22
:203EC000FFFFFFFFFFFFFFFFFFFFFFFFFFFFFFFFFFFFFFFFFFFFFFFFFFFFFFFFFFFFFFFF02
:203EE000FFFFFFFFFFFFFFFFFFFFFFFFFFFFFFFFFFFFFFFFFFFFFFFFFFFFFFFFFFFFFFFFE2
:203F0000FFFFFFFFFFFFFFFFFFFFFFFFFFFFFFFFFFFFFFFFFFFFFFFFFFFFFFFFFFFFFFFFC1
:203F2000FFFFFFFFFFFFFFFFFFFFFFFFFFFFFFFFFFFFFFFFFFFFFFFFFFFFFFFFFFFFFFFFA1
:203F4000FFFFFFFFFFFFFFFFFFFFFFFFFFFFFFFFFFFFFFFFFFFFFFFFFFFFFFFFFFFFFFFF81
:203F6000FFFFFFFFFFFFFFFFFFFFFFFFFFFFFFFFFFFFFFFFFFFFFFFFFFFFFFFFFFFFFFFF61
:203F8000FFFFFFFFFFFFFFFFFFFFFFFFFFFFFFFFFFFFFFFFFFFFFFFFFFFFFFFFFFFFFFFF41
:203FA000FFFFFFFFFFFFFFFFFFFFFFFFFFFFFFFFFFFFFFFFFFFFFFFFFFFFFFFFFFFFFFFF21
:203FC000FFFFFFFFFFFFFFFFFFFFFFFFFFFFFFFFFFFFFFFFFFFFFFFFFFFFFFFFFFFFFFFF01
:203FE000FFFFFFFFFFFFFFFFFFFFFFFFFFFFFFFFFFFFFFFFFFFFFFFFFFFFFFFFFFFFFFFFE1
:20400000FFFFFFFFFFFFFFFFFFFFFFFFFFFFFFFFFFFFFFFFFFFFFFFFFFFFFFFFFFFFFFFFC0
:20402000FFFFFFFFFFFFFFFFFFFFFFFFFFFFFFFFFFFFFFFFFFFFFFFFFFFFFFFFFFFFFFFFA0
:20404000FFFFFFFFFFFFFFFFFFFFFFFFFFFFFFFFFFFFFFFFFFFFFFFFFFFFFFFFFFFFFFFF80
:20406000FFFFFFFFFFFFFFFFFFFFFFFFFFFFFFFFFFFFFFFFFFFFFFFFFFFFFFFFFFFFFFFF60
:20408000FFFFFFFFFFFFFFFFFFFFFFFFFFFFFFFFFFFFFFFFFFFFFFFFFFFFFFFFFFFFFFFF40
:2040A000FFFFFFFFFFFFFFFFFFFFFFFFFFFFFFFFFFFFFFFFFFFFFFFFFFFFFFFFFFFFFFFF20
:2040C000FFFFFFFFFFFFFFFFFFFFFFFFFFFFFFFFFFFFFFFFFFFFFFFFFFFFFFFFFFFFFFFF00
:2040E000FFFFFFFFFFFFFFFFFFFFFFFFFFFFFFFFFFFFFFFFFFFFFFFFFFFFFFFFFFFFFFFFE0
:20410000FFFFFFFFFFFFFFFFFFFFFFFFFFFFFFFFFFFFFFFFFFFFFFFFFFFFFFFFFFFFFFFFBF
:20412000FFFFFFFFFFFFFFFFFFFFFFFFFFFFFFFFFFFFFFFFFFFFFFFFFFFFFFFFFFFFFFFF9F
:20414000FFFFFFFFFFFFFFFFFFFFFFFFFFFFFFFFFFFFFFFFFFFFFFFFFFFFFFFFFFFFFFFF7F
:20416000FFFFFFFFFFFFFFFFFFFFFFFFFFFFFFFFFFFFFFFFFFFFFFFFFFFFFFFFFFFFFFFF5F
:20418000FFFFFFFFFFFFFFFFFFFFFFFFFFFFFFFFFFFFFFFFFFFFFFFFFFFFFFFFFFFFFFFF3F
:2041A000FFFFFFFFFFFFFFFFFFFFFFFFFFFFFFFFFFFFFFFFFFFFFFFFFFFFFFFFFFFFFFFF1F
:2041C000FFFFFFFFFFFFFFFFFFFFFFFFFFFFFFFFFFFFFFFFFFFFFFFFFFFFFFFFFFFFFFFFFF
:2041E000FFFFFFFFFFFFFFFFFFFFFFFFFFFFFFFFFFFFFFFFFFFFFFFFFFFFFFFFFFFFFFFFDF
:20420000FFFFFFFFFFFFFFFFFFFFFFFFFFFFFFFFFFFFFFFFFFFFFFFFFFFFFFFFFFFFFFFFBE
:20422000FFFFFFFFFFFFFFFFFFFFFFFFFFFFFFFFFFFFFFFFFFFFFFFFFFFFFFFFFFFFFFFF9E
:20424000FFFFFFFFFFFFFFFFFFFFFFFFFFFFFFFFFFFFFFFFFFFFFFFFFFFFFFFFFFFFFFFF7E
:20426000FFFFFFFFFFFFFFFFFFFFFFFFFFFFFFFFFFFFFFFFFFFFFFFFFFFFFFFFFFFFFFFF5E
:20428000FFFFFFFFFFFFFFFFFFFFFFFFFFFFFFFFFFFFFFFFFFFFFFFFFFFFFFFFFFFFFFFF3E
:2042A000FFFFFFFFFFFFFFFFFFFFFFFFFFFFFFFFFFFFFFFFFFFFFFFFFFFFFFFFFFFFFFFF1E
:2042C000FFFFFFFFFFFFFFFFFFFFFFFFFFFFFFFFFFFFFFFFFFFFFFFFFFFFFFFFFFFFFFFFFE
:2042E000FFFFFFFFFFFFFFFFFFFFFFFFFFFFFFFFFFFFFFFFFFFFFFFFFFFFFFFFFFFFFFFFDE
:20430000FFFFFFFFFFFFFFFFFFFFFFFFFFFFFFFFFFFFFFFFFFFFFFFFFFFFFFFFFFFFFFFFBD
:20432000FFFFFFFFFFFFFFFFFFFFFFFFFFFFFFFFFFFFFFFFFFFFFFFFFFFFFFFFFFFFFFFF9D
:20434000FFFFFFFFFFFFFFFFFFFFFFFFFFFFFFFFFFFFFFFFFFFFFFFFFFFFFFFFFFFFFFFF7D
:20436000FFFFFFFFFFFFFFFFFFFFFFFFFFFFFFFFFFFFFFFFFFFFFFFFFFFFFFFFFFFFFFFF5D
:20438000FFFFFFFFFFFFFFFFFFFFFFFFFFFFFFFFFFFFFFFFFFFFFFFFFFFFFFFFFFFFFFFF3D
:2043A000FFFFFFFFFFFFFFFFFFFFFFFFFFFFFFFFFFFFFFFFFFFFFFFFFFFFFFFFFFFFFFFF1D
:2043C000FFFFFFFFFFFFFFFFFFFFFFFFFFFFFFFFFFFFFFFFFFFFFFFFFFFFFFFFFFFFFFFFFD
:2043E000FFFFFFFFFFFFFFFFFFFFFFFFFFFFFFFFFFFFFFFFFFFFFFFFFFFFFFFFFFFFFFFFDD
:20440000FFFFFFFFFFFFFFFFFFFFFFFFFFFFFFFFFFFFFFFFFFFFFFFFFFFFFFFFFFFFFFFFBC
:20442000FFFFFFFFFFFFFFFFFFFFFFFFFFFFFFFFFFFFFFFFFFFFFFFFFFFFFFFFFFFFFFFF9C
:20444000FFFFFFFFFFFFFFFFFFFFFFFFFFFFFFFFFFFFFFFFFFFFFFFFFFFFFFFFFFFFFFFF7C
:20446000FFFFFFFFFFFFFFFFFFFFFFFFFFFFFFFFFFFFFFFFFFFFFFFFFFFFFFFFFFFFFFFF5C
:20448000FFFFFFFFFFFFFFFFFFFFFFFFFFFFFFFFFFFFFFFFFFFFFFFFFFFFFFFFFFFFFFFF3C
:2044A000FFFFFFFFFFFFFFFFFFFFFFFFFFFFFFFFFFFFFFFFFFFFFFFFFFFFFFFFFFFFFFFF1C
:2044C000FFFFFFFFFFFFFFFFFFFFFFFFFFFFFFFFFFFFFFFFFFFFFFFFFFFFFFFFFFFFFFFFFC
:2044E000FFFFFFFFFFFFFFFFFFFFFFFFFFFFFFFFFFFFFFFFFFFFFFFFFFFFFFFFFFFFFFFFDC
:20450000FFFFFFFFFFFFFFFFFFFFFFFFFFFFFFFFFFFFFFFFFFFFFFFFFFFFFFFFFFFFFFFFBB
:20452000FFFFFFFFFFFFFFFFFFFFFFFFFFFFFFFFFFFFFFFFFFFFFFFFFFFFFFFFFFFFFFFF9B
:20454000FFFFFFFFFFFFFFFFFFFFFFFFFFFFFFFFFFFFFFFFFFFFFFFFFFFFFFFFFFFFFFFF7B
:20456000FFFFFFFFFFFFFFFFFFFFFFFFFFFFFFFFFFFFFFFFFFFFFFFFFFFFFFFFFFFFFFFF5B
:20458000FFFFFFFFFFFFFFFFFFFFFFFFFFFFFFFFFFFFFFFFFFFFFFFFFFFFFFFFFFFFFFFF3B
:2045A000FFFFFFFFFFFFFFFFFFFFFFFFFFFFFFFFFFFFFFFFFFFFFFFFFFFFFFFFFFFFFFFF1B
:2045C000FFFFFFFFFFFFFFFFFFFFFFFFFFFFFFFFFFFFFFFFFFFFFFFFFFFFFFFFFFFFFFFFFB
:2045E000FFFFFFFFFFFFFFFFFFFFFFFFFFFFFFFFFFFFFFFFFFFFFFFFFFFFFFFFFFFFFFFFDB
:20460000FFFFFFFFFFFFFFFFFFFFFFFFFFFFFFFFFFFFFFFFFFFFFFFFFFFFFFFFFFFFFFFFBA
:20462000FFFFFFFFFFFFFFFFFFFFFFFFFFFFFFFFFFFFFFFFFFFFFFFFFFFFFFFFFFFFFFFF9A
:20464000FFFFFFFFFFFFFFFFFFFFFFFFFFFFFFFFFFFFFFFFFFFFFFFFFFFFFFFFFFFFFFFF7A
:20466000FFFFFFFFFFFFFFFFFFFFFFFFFFFFFFFFFFFFFFFFFFFFFFFFFFFFFFFFFFFFFFFF5A
:20468000FFFFFFFFFFFFFFFFFFFFFFFFFFFFFFFFFFFFFFFFFFFFFFFFFFFFFFFFFFFFFFFF3A
:2046A000FFFFFFFFFFFFFFFFFFFFFFFFFFFFFFFFFFFFFFFFFFFFFFFFFFFFFFFFFFFFFFFF1A
:2046C000FFFFFFFFFFFFFFFFFFFFFFFFFFFFFFFFFFFFFFFFFFFFFFFFFFFFFFFFFFFFFFFFFA
:2046E000FFFFFFFFFFFFFFFFFFFFFFFFFFFFFFFFFFFFFFFFFFFFFFFFFFFFFFFFFFFFFFFFDA
:20470000FFFFFFFFFFFFFFFFFFFFFFFFFFFFFFFFFFFFFFFFFFFFFFFFFFFFFFFFFFFFFFFFB9
:20472000FFFFFFFFFFFFFFFFFFFFFFFFFFFFFFFFFFFFFFFFFFFFFFFFFFFFFFFFFFFFFFFF99
:20474000FFFFFFFFFFFFFFFFFFFFFFFFFFFFFFFFFFFFFFFFFFFFFFFFFFFFFFFFFFFFFFFF79
:20476000FFFFFFFFFFFFFFFFFFFFFFFFFFFFFFFFFFFFFFFFFFFFFFFFFFFFFFFFFFFFFFFF59
:20478000FFFFFFFFFFFFFFFFFFFFFFFFFFFFFFFFFFFFFFFFFFFFFFFFFFFFFFFFFFFFFFFF39
:2047A000FFFFFFFFFFFFFFFFFFFFFFFFFFFFFFFFFFFFFFFFFFFFFFFFFFFFFFFFFFFFFFFF19
:2047C000FFFFFFFFFFFFFFFFFFFFFFFFFFFFFFFFFFFFFFFFFFFFFFFFFFFFFFFFFFFFFFFFF9
:2047E000FFFFFFFFFFFFFFFFFFFFFFFFFFFFFFFFFFFFFFFFFFFFFFFFFFFFFFFFFFFFFFFFD9
:20480000FFFFFFFFFFFFFFFFFFFFFFFFFFFFFFFFFFFFFFFFFFFFFFFFFFFFFFFFFFFFFFFFB8
:20482000FFFFFFFFFFFFFFFFFFFFFFFFFFFFFFFFFFFFFFFFFFFFFFFFFFFFFFFFFFFFFFFF98
:20484000FFFFFFFFFFFFFFFFFFFFFFFFFFFFFFFFFFFFFFFFFFFFFFFFFFFFFFFFFFFFFFFF78
:20486000FFFFFFFFFFFFFFFFFFFFFFFFFFFFFFFFFFFFFFFFFFFFFFFFFFFFFFFFFFFFFFFF58
:20488000FFFFFFFFFFFFFFFFFFFFFFFFFFFFFFFFFFFFFFFFFFFFFFFFFFFFFFFFFFFFFFFF38
:2048A000FFFFFFFFFFFFFFFFFFFFFFFFFFFFFFFFFFFFFFFFFFFFFFFFFFFFFFFFFFFFFFFF18
:2048C000FFFFFFFFFFFFFFFFFFFFFFFFFFFFFFFFFFFFFFFFFFFFFFFFFFFFFFFFFFFFFFFFF8
:2048E000FFFFFFFFFFFFFFFFFFFFFFFFFFFFFFFFFFFFFFFFFFFFFFFFFFFFFFFFFFFFFFFFD8
:20490000FFFFFFFFFFFFFFFFFFFFFFFFFFFFFFFFFFFFFFFFFFFFFFFFFFFFFFFFFFFFFFFFB7
:20492000FFFFFFFFFFFFFFFFFFFFFFFFFFFFFFFFFFFFFFFFFFFFFFFFFFFFFFFFFFFFFFFF97
:20494000FFFFFFFFFFFFFFFFFFFFFFFFFFFFFFFFFFFFFFFFFFFFFFFFFFFFFFFFFFFFFFFF77
:20496000FFFFFFFFFFFFFFFFFFFFFFFFFFFFFFFFFFFFFFFFFFFFFFFFFFFFFFFFFFFFFFFF57
:20498000FFFFFFFFFFFFFFFFFFFFFFFFFFFFFFFFFFFFFFFFFFFFFFFFFFFFFFFFFFFFFFFF37
:2049A000FFFFFFFFFFFFFFFFFFFFFFFFFFFFFFFFFFFFFFFFFFFFFFFFFFFFFFFFFFFFFFFF17
:2049C000FFFFFFFFFFFFFFFFFFFFFFFFFFFFFFFFFFFFFFFFFFFFFFFFFFFFFFFFFFFFFFFFF7
:2049E000FFFFFFFFFFFFFFFFFFFFFFFFFFFFFFFFFFFFFFFFFFFFFFFFFFFFFFFFFFFFFFFFD7
:204A0000FFFFFFFFFFFFFFFFFFFFFFFFFFFFFFFFFFFFFFFFFFFFFFFFFFFFFFFFFFFFFFFFB6
:204A2000FFFFFFFFFFFFFFFFFFFFFFFFFFFFFFFFFFFFFFFFFFFFFFFFFFFFFFFFFFFFFFFF96
:204A4000FFFFFFFFFFFFFFFFFFFFFFFFFFFFFFFFFFFFFFFFFFFFFFFFFFFFFFFFFFFFFFFF76
:204A6000FFFFFFFFFFFFFFFFFFFFFFFFFFFFFFFFFFFFFFFFFFFFFFFFFFFFFFFFFFFFFFFF56
:204A8000FFFFFFFFFFFFFFFFFFFFFFFFFFFFFFFFFFFFFFFFFFFFFFFFFFFFFFFFFFFFFFFF36
:204AA000FFFFFFFFFFFFFFFFFFFFFFFFFFFFFFFFFFFFFFFFFFFFFFFFFFFFFFFFFFFFFFFF16
:204AC000FFFFFFFFFFFFFFFFFFFFFFFFFFFFFFFFFFFFFFFFFFFFFFFFFFFFFFFFFFFFFFFFF6
:204AE000FFFFFFFFFFFFFFFFFFFFFFFFFFFFFFFFFFFFFFFFFFFFFFFFFFFFFFFFFFFFFFFFD6
:204B0000FFFFFFFFFFFFFFFFFFFFFFFFFFFFFFFFFFFFFFFFFFFFFFFFFFFFFFFFFFFFFFFFB5
:204B2000FFFFFFFFFFFFFFFFFFFFFFFFFFFFFFFFFFFFFFFFFFFFFFFFFFFFFFFFFFFFFFFF95
:204B4000FFFFFFFFFFFFFFFFFFFFFFFFFFFFFFFFFFFFFFFFFFFFFFFFFFFFFFFFFFFFFFFF75
:204B6000FFFFFFFFFFFFFFFFFFFFFFFFFFFFFFFFFFFFFFFFFFFFFFFFFFFFFFFFFFFFFFFF55
:204B8000FFFFFFFFFFFFFFFFFFFFFFFFFFFFFFFFFFFFFFFFFFFFFFFFFFFFFFFFFFFFFFFF35
:204BA000FFFFFFFFFFFFFFFFFFFFFFFFFFFFFFFFFFFFFFFFFFFFFFFFFFFFFFFFFFFFFFFF15
:204BC000FFFFFFFFFFFFFFFFFFFFFFFFFFFFFFFFFFFFFFFFFFFFFFFFFFFFFFFFFFFFFFFFF5
:204BE000FFFFFFFFFFFFFFFFFFFFFFFFFFFFFFFFFFFFFFFFFFFFFFFFFFFFFFFFFFFFFFFFD5
:204C0000FFFFFFFFFFFFFFFFFFFFFFFFFFFFFFFFFFFFFFFFFFFFFFFFFFFFFFFFFFFFFFFFB4
:204C2000FFFFFFFFFFFFFFFFFFFFFFFFFFFFFFFFFFFFFFFFFFFFFFFFFFFFFFFFFFFFFFFF94
:204C4000FFFFFFFFFFFFFFFFFFFFFFFFFFFFFFFFFFFFFFFFFFFFFFFFFFFFFFFFFFFFFFFF74
:204C6000FFFFFFFFFFFFFFFFFFFFFFFFFFFFFFFFFFFFFFFFFFFFFFFFFFFFFFFFFFFFFFFF54
:204C8000FFFFFFFFFFFFFFFFFFFFFFFFFFFFFFFFFFFFFFFFFFFFFFFFFFFFFFFFFFFFFFFF34
:204CA000FFFFFFFFFFFFFFFFFFFFFFFFFFFFFFFFFFFFFFFFFFFFFFFFFFFFFFFFFFFFFFFF14
:204CC000FFFFFFFFFFFFFFFFFFFFFFFFFFFFFFFFFFFFFFFFFFFFFFFFFFFFFFFFFFFFFFFFF4
:204CE000FFFFFFFFFFFFFFFFFFFFFFFFFFFFFFFFFFFFFFFFFFFFFFFFFFFFFFFFFFFFFFFFD4
:204D0000FFFFFFFFFFFFFFFFFFFFFFFFFFFFFFFFFFFFFFFFFFFFFFFFFFFFFFFFFFFFFFFFB3
:204D2000FFFFFFFFFFFFFFFFFFFFFFFFFFFFFFFFFFFFFFFFFFFFFFFFFFFFFFFFFFFFFFFF93
:204D4000FFFFFFFFFFFFFFFFFFFFFFFFFFFFFFFFFFFFFFFFFFFFFFFFFFFFFFFFFFFFFFFF73
:204D6000FFFFFFFFFFFFFFFFFFFFFFFFFFFFFFFFFFFFFFFFFFFFFFFFFFFFFFFFFFFFFFFF53
:204D8000FFFFFFFFFFFFFFFFFFFFFFFFFFFFFFFFFFFFFFFFFFFFFFFFFFFFFFFFFFFFFFFF33
:204DA000FFFFFFFFFFFFFFFFFFFFFFFFFFFFFFFFFFFFFFFFFFFFFFFFFFFFFFFFFFFFFFFF13
:204DC000FFFFFFFFFFFFFFFFFFFFFFFFFFFFFFFFFFFFFFFFFFFFFFFFFFFFFFFFFFFFFFFFF3
:204DE000FFFFFFFFFFFFFFFFFFFFFFFFFFFFFFFFFFFFFFFFFFFFFFFFFFFFFFFFFFFFFFFFD3
:204E0000FFFFFFFFFFFFFFFFFFFFFFFFFFFFFFFFFFFFFFFFFFFFFFFFFFFFFFFFFFFFFFFFB2
:204E2000FFFFFFFFFFFFFFFFFFFFFFFFFFFFFFFFFFFFFFFFFFFFFFFFFFFFFFFFFFFFFFFF92
:204E4000FFFFFFFFFFFFFFFFFFFFFFFFFFFFFFFFFFFFFFFFFFFFFFFFFFFFFFFFFFFFFFFF72
:204E6000FFFFFFFFFFFFFFFFFFFFFFFFFFFFFFFFFFFFFFFFFFFFFFFFFFFFFFFFFFFFFFFF52
:204E8000FFFFFFFFFFFFFFFFFFFFFFFFFFFFFFFFFFFFFFFFFFFFFFFFFFFFFFFFFFFFFFFF32
:204EA000FFFFFFFFFFFFFFFFFFFFFFFFFFFFFFFFFFFFFFFFFFFFFFFFFFFFFFFFFFFFFFFF12
:204EC000FFFFFFFFFFFFFFFFFFFFFFFFFFFFFFFFFFFFFFFFFFFFFFFFFFFFFFFFFFFFFFFFF2
:204EE000FFFFFFFFFFFFFFFFFFFFFFFFFFFFFFFFFFFFFFFFFFFFFFFFFFFFFFFFFFFFFFFFD2
:204F0000FFFFFFFFFFFFFFFFFFFFFFFFFFFFFFFFFFFFFFFFFFFFFFFFFFFFFFFFFFFFFFFFB1
:204F2000FFFFFFFFFFFFFFFFFFFFFFFFFFFFFFFFFFFFFFFFFFFFFFFFFFFFFFFFFFFFFFFF91
:204F4000FFFFFFFFFFFFFFFFFFFFFFFFFFFFFFFFFFFFFFFFFFFFFFFFFFFFFFFFFFFFFFFF71
:204F6000FFFFFFFFFFFFFFFFFFFFFFFFFFFFFFFFFFFFFFFFFFFFFFFFFFFFFFFFFFFFFFFF51
:204F8000FFFFFFFFFFFFFFFFFFFFFFFFFFFFFFFFFFFFFFFFFFFFFFFFFFFFFFFFFFFFFFFF31
:204FA000FFFFFFFFFFFFFFFFFFFFFFFFFFFFFFFFFFFFFFFFFFFFFFFFFFFFFFFFFFFFFFFF11
:204FC000FFFFFFFFFFFFFFFFFFFFFFFFFFFFFFFFFFFFFFFFFFFFFFFFFFFFFFFFFFFFFFFFF1
:204FE000FFFFFFFFFFFFFFFFFFFFFFFFFFFFFFFFFFFFFFFFFFFFFFFFFFFFFFFFFFFFFFFFD1
:20500000FFFFFFFFFFFFFFFFFFFFFFFFFFFFFFFFFFFFFFFFFFFFFFFFFFFFFFFFFFFFFFFFB0
:20502000FFFFFFFFFFFFFFFFFFFFFFFFFFFFFFFFFFFFFFFFFFFFFFFFFFFFFFFFFFFFFFFF90
:20504000FFFFFFFFFFFFFFFFFFFFFFFFFFFFFFFFFFFFFFFFFFFFFFFFFFFFFFFFFFFFFFFF70
:20506000FFFFFFFFFFFFFFFFFFFFFFFFFFFFFFFFFFFFFFFFFFFFFFFFFFFFFFFFFFFFFFFF50
:20508000FFFFFFFFFFFFFFFFFFFFFFFFFFFFFFFFFFFFFFFFFFFFFFFFFFFFFFFFFFFFFFFF30
:2050A000FFFFFFFFFFFFFFFFFFFFFFFFFFFFFFFFFFFFFFFFFFFFFFFFFFFFFFFFFFFFFFFF10
:2050C000FFFFFFFFFFFFFFFFFFFFFFFFFFFFFFFFFFFFFFFFFFFFFFFFFFFFFFFFFFFFFFFFF0
:2050E000FFFFFFFFFFFFFFFFFFFFFFFFFFFFFFFFFFFFFFFFFFFFFFFFFFFFFFFFFFFFFFFFD0
:20510000FFFFFFFFFFFFFFFFFFFFFFFFFFFFFFFFFFFFFFFFFFFFFFFFFFFFFFFFFFFFFFFFAF
:20512000FFFFFFFFFFFFFFFFFFFFFFFFFFFFFFFFFFFFFFFFFFFFFFFFFFFFFFFFFFFFFFFF8F
:20514000FFFFFFFFFFFFFFFFFFFFFFFFFFFFFFFFFFFFFFFFFFFFFFFFFFFFFFFFFFFFFFFF6F
:20516000FFFFFFFFFFFFFFFFFFFFFFFFFFFFFFFFFFFFFFFFFFFFFFFFFFFFFFFFFFFFFFFF4F
:20518000FFFFFFFFFFFFFFFFFFFFFFFFFFFFFFFFFFFFFFFFFFFFFFFFFFFFFFFFFFFFFFFF2F
:2051A000FFFFFFFFFFFFFFFFFFFFFFFFFFFFFFFFFFFFFFFFFFFFFFFFFFFFFFFFFFFFFFFF0F
:2051C000FFFFFFFFFFFFFFFFFFFFFFFFFFFFFFFFFFFFFFFFFFFFFFFFFFFFFFFFFFFFFFFFEF
:2051E000FFFFFFFFFFFFFFFFFFFFFFFFFFFFFFFFFFFFFFFFFFFFFFFFFFFFFFFFFFFFFFFFCF
:20520000FFFFFFFFFFFFFFFFFFFFFFFFFFFFFFFFFFFFFFFFFFFFFFFFFFFFFFFFFFFFFFFFAE
:20522000FFFFFFFFFFFFFFFFFFFFFFFFFFFFFFFFFFFFFFFFFFFFFFFFFFFFFFFFFFFFFFFF8E
:20524000FFFFFFFFFFFFFFFFFFFFFFFFFFFFFFFFFFFFFFFFFFFFFFFFFFFFFFFFFFFFFFFF6E
:20526000FFFFFFFFFFFFFFFFFFFFFFFFFFFFFFFFFFFFFFFFFFFFFFFFFFFFFFFFFFFFFFFF4E
:20528000FFFFFFFFFFFFFFFFFFFFFFFFFFFFFFFFFFFFFFFFFFFFFFFFFFFFFFFFFFFFFFFF2E
:2052A000FFFFFFFFFFFFFFFFFFFFFFFFFFFFFFFFFFFFFFFFFFFFFFFFFFFFFFFFFFFFFFFF0E
:2052C000FFFFFFFFFFFFFFFFFFFFFFFFFFFFFFFFFFFFFFFFFFFFFFFFFFFFFFFFFFFFFFFFEE
:2052E000FFFFFFFFFFFFFFFFFFFFFFFFFFFFFFFFFFFFFFFFFFFFFFFFFFFFFFFFFFFFFFFFCE
:20530000FFFFFFFFFFFFFFFFFFFFFFFFFFFFFFFFFFFFFFFFFFFFFFFFFFFFFFFFFFFFFFFFAD
:20532000FFFFFFFFFFFFFFFFFFFFFFFFFFFFFFFFFFFFFFFFFFFFFFFFFFFFFFFFFFFFFFFF8D
:20534000FFFFFFFFFFFFFFFFFFFFFFFFFFFFFFFFFFFFFFFFFFFFFFFFFFFFFFFFFFFFFFFF6D
:20536000FFFFFFFFFFFFFFFFFFFFFFFFFFFFFFFFFFFFFFFFFFFFFFFFFFFFFFFFFFFFFFFF4D
:20538000FFFFFFFFFFFFFFFFFFFFFFFFFFFFFFFFFFFFFFFFFFFFFFFFFFFFFFFFFFFFFFFF2D
:2053A000FFFFFFFFFFFFFFFFFFFFFFFFFFFFFFFFFFFFFFFFFFFFFFFFFFFFFFFFFFFFFFFF0D
:2053C000FFFFFFFFFFFFFFFFFFFFFFFFFFFFFFFFFFFFFFFFFFFFFFFFFFFFFFFFFFFFFFFFED
:2053E000FFFFFFFFFFFFFFFFFFFFFFFFFFFFFFFFFFFFFFFFFFFFFFFFFFFFFFFFFFFFFFFFCD
:20540000FFFFFFFFFFFFFFFFFFFFFFFFFFFFFFFFFFFFFFFFFFFFFFFFFFFFFFFFFFFFFFFFAC
:20542000FFFFFFFFFFFFFFFFFFFFFFFFFFFFFFFFFFFFFFFFFFFFFFFFFFFFFFFFFFFFFFFF8C
:20544000FFFFFFFFFFFFFFFFFFFFFFFFFFFFFFFFFFFFFFFFFFFFFFFFFFFFFFFFFFFFFFFF6C
:20546000FFFFFFFFFFFFFFFFFFFFFFFFFFFFFFFFFFFFFFFFFFFFFFFFFFFFFFFFFFFFFFFF4C
:20548000FFFFFFFFFFFFFFFFFFFFFFFFFFFFFFFFFFFFFFFFFFFFFFFFFFFFFFFFFFFFFFFF2C
:2054A000FFFFFFFFFFFFFFFFFFFFFFFFFFFFFFFFFFFFFFFFFFFFFFFFFFFFFFFFFFFFFFFF0C
:2054C000FFFFFFFFFFFFFFFFFFFFFFFFFFFFFFFFFFFFFFFFFFFFFFFFFFFFFFFFFFFFFFFFEC
:2054E000FFFFFFFFFFFFFFFFFFFFFFFFFFFFFFFFFFFFFFFFFFFFFFFFFFFFFFFFFFFFFFFFCC
:20550000FFFFFFFFFFFFFFFFFFFFFFFFFFFFFFFFFFFFFFFFFFFFFFFFFFFFFFFFFFFFFFFFAB
:20552000FFFFFFFFFFFFFFFFFFFFFFFFFFFFFFFFFFFFFFFFFFFFFFFFFFFFFFFFFFFFFFFF8B
:20554000FFFFFFFFFFFFFFFFFFFFFFFFFFFFFFFFFFFFFFFFFFFFFFFFFFFFFFFFFFFFFFFF6B
:20556000FFFFFFFFFFFFFFFFFFFFFFFFFFFFFFFFFFFFFFFFFFFFFFFFFFFFFFFFFFFFFFFF4B
:20558000FFFFFFFFFFFFFFFFFFFFFFFFFFFFFFFFFFFFFFFFFFFFFFFFFFFFFFFFFFFFFFFF2B
:2055A000FFFFFFFFFFFFFFFFFFFFFFFFFFFFFFFFFFFFFFFFFFFFFFFFFFFFFFFFFFFFFFFF0B
:2055C000FFFFFFFFFFFFFFFFFFFFFFFFFFFFFFFFFFFFFFFFFFFFFFFFFFFFFFFFFFFFFFFFEB
:2055E000FFFFFFFFFFFFFFFFFFFFFFFFFFFFFFFFFFFFFFFFFFFFFFFFFFFFFFFFFFFFFFFFCB
:20560000FFFFFFFFFFFFFFFFFFFFFFFFFFFFFFFFFFFFFFFFFFFFFFFFFFFFFFFFFFFFFFFFAA
:20562000FFFFFFFFFFFFFFFFFFFFFFFFFFFFFFFFFFFFFFFFFFFFFFFFFFFFFFFFFFFFFFFF8A
:20564000FFFFFFFFFFFFFFFFFFFFFFFFFFFFFFFFFFFFFFFFFFFFFFFFFFFFFFFFFFFFFFFF6A
:20566000FFFFFFFFFFFFFFFFFFFFFFFFFFFFFFFFFFFFFFFFFFFFFFFFFFFFFFFFFFFFFFFF4A
:20568000FFFFFFFFFFFFFFFFFFFFFFFFFFFFFFFFFFFFFFFFFFFFFFFFFFFFFFFFFFFFFFFF2A
:2056A000FFFFFFFFFFFFFFFFFFFFFFFFFFFFFFFFFFFFFFFFFFFFFFFFFFFFFFFFFFFFFFFF0A
:2056C000FFFFFFFFFFFFFFFFFFFFFFFFFFFFFFFFFFFFFFFFFFFFFFFFFFFFFFFFFFFFFFFFEA
:2056E000FFFFFFFFFFFFFFFFFFFFFFFFFFFFFFFFFFFFFFFFFFFFFFFFFFFFFFFFFFFFFFFFCA
:20570000FFFFFFFFFFFFFFFFFFFFFFFFFFFFFFFFFFFFFFFFFFFFFFFFFFFFFFFFFFFFFFFFA9
:20572000FFFFFFFFFFFFFFFFFFFFFFFFFFFFFFFFFFFFFFFFFFFFFFFFFFFFFFFFFFFFFFFF89
:20574000FFFFFFFFFFFFFFFFFFFFFFFFFFFFFFFFFFFFFFFFFFFFFFFFFFFFFFFFFFFFFFFF69
:20576000FFFFFFFFFFFFFFFFFFFFFFFFFFFFFFFFFFFFFFFFFFFFFFFFFFFFFFFFFFFFFFFF49
:20578000FFFFFFFFFFFFFFFFFFFFFFFFFFFFFFFFFFFFFFFFFFFFFFFFFFFFFFFFFFFFFFFF29
:2057A000FFFFFFFFFFFFFFFFFFFFFFFFFFFFFFFFFFFFFFFFFFFFFFFFFFFFFFFFFFFFFFFF09
:2057C000FFFFFFFFFFFFFFFFFFFFFFFFFFFFFFFFFFFFFFFFFFFFFFFFFFFFFFFFFFFFFFFFE9
:2057E000FFFFFFFFFFFFFFFFFFFFFFFFFFFFFFFFFFFFFFFFFFFFFFFFFFFFFFFFFFFFFFFFC9
:20580000FFFFFFFFFFFFFFFFFFFFFFFFFFFFFFFFFFFFFFFFFFFFFFFFFFFFFFFFFFFFFFFFA8
:20582000FFFFFFFFFFFFFFFFFFFFFFFFFFFFFFFFFFFFFFFFFFFFFFFFFFFFFFFFFFFFFFFF88
:20584000FFFFFFFFFFFFFFFFFFFFFFFFFFFFFFFFFFFFFFFFFFFFFFFFFFFFFFFFFFFFFFFF68
:20586000FFFFFFFFFFFFFFFFFFFFFFFFFFFFFFFFFFFFFFFFFFFFFFFFFFFFFFFFFFFFFFFF48
:20588000FFFFFFFFFFFFFFFFFFFFFFFFFFFFFFFFFFFFFFFFFFFFFFFFFFFFFFFFFFFFFFFF28
:2058A000FFFFFFFFFFFFFFFFFFFFFFFFFFFFFFFFFFFFFFFFFFFFFFFFFFFFFFFFFFFFFFFF08
:2058C000FFFFFFFFFFFFFFFFFFFFFFFFFFFFFFFFFFFFFFFFFFFFFFFFFFFFFFFFFFFFFFFFE8
:2058E000FFFFFFFFFFFFFFFFFFFFFFFFFFFFFFFFFFFFFFFFFFFFFFFFFFFFFFFFFFFFFFFFC8
:20590000FFFFFFFFFFFFFFFFFFFFFFFFFFFFFFFFFFFFFFFFFFFFFFFFFFFFFFFFFFFFFFFFA7
:20592000FFFFFFFFFFFFFFFFFFFFFFFFFFFFFFFFFFFFFFFFFFFFFFFFFFFFFFFFFFFFFFFF87
:20594000FFFFFFFFFFFFFFFFFFFFFFFFFFFFFFFFFFFFFFFFFFFFFFFFFFFFFFFFFFFFFFFF67
:20596000FFFFFFFFFFFFFFFFFFFFFFFFFFFFFFFFFFFFFFFFFFFFFFFFFFFFFFFFFFFFFFFF47
:20598000FFFFFFFFFFFFFFFFFFFFFFFFFFFFFFFFFFFFFFFFFFFFFFFFFFFFFFFFFFFFFFFF27
:2059A000FFFFFFFFFFFFFFFFFFFFFFFFFFFFFFFFFFFFFFFFFFFFFFFFFFFFFFFFFFFFFFFF07
:2059C000FFFFFFFFFFFFFFFFFFFFFFFFFFFFFFFFFFFFFFFFFFFFFFFFFFFFFFFFFFFFFFFFE7
:2059E000FFFFFFFFFFFFFFFFFFFFFFFFFFFFFFFFFFFFFFFFFFFFFFFFFFFFFFFFFFFFFFFFC7
:205A0000FFFFFFFFFFFFFFFFFFFFFFFFFFFFFFFFFFFFFFFFFFFFFFFFFFFFFFFFFFFFFFFFA6
:205A2000FFFFFFFFFFFFFFFFFFFFFFFFFFFFFFFFFFFFFFFFFFFFFFFFFFFFFFFFFFFFFFFF86
:205A4000FFFFFFFFFFFFFFFFFFFFFFFFFFFFFFFFFFFFFFFFFFFFFFFFFFFFFFFFFFFFFFFF66
:205A6000FFFFFFFFFFFFFFFFFFFFFFFFFFFFFFFFFFFFFFFFFFFFFFFFFFFFFFFFFFFFFFFF46
:205A8000FFFFFFFFFFFFFFFFFFFFFFFFFFFFFFFFFFFFFFFFFFFFFFFFFFFFFFFFFFFFFFFF26
:205AA000FFFFFFFFFFFFFFFFFFFFFFFFFFFFFFFFFFFFFFFFFFFFFFFFFFFFFFFFFFFFFFFF06
:205AC000FFFFFFFFFFFFFFFFFFFFFFFFFFFFFFFFFFFFFFFFFFFFFFFFFFFFFFFFFFFFFFFFE6
:205AE000FFFFFFFFFFFFFFFFFFFFFFFFFFFFFFFFFFFFFFFFFFFFFFFFFFFFFFFFFFFFFFFFC6
:205B0000FFFFFFFFFFFFFFFFFFFFFFFFFFFFFFFFFFFFFFFFFFFFFFFFFFFFFFFFFFFFFFFFA5
:205B2000FFFFFFFFFFFFFFFFFFFFFFFFFFFFFFFFFFFFFFFFFFFFFFFFFFFFFFFFFFFFFFFF85
:205B4000FFFFFFFFFFFFFFFFFFFFFFFFFFFFFFFFFFFFFFFFFFFFFFFFFFFFFFFFFFFFFFFF65
:205B6000FFFFFFFFFFFFFFFFFFFFFFFFFFFFFFFFFFFFFFFFFFFFFFFFFFFFFFFFFFFFFFFF45
:205B8000FFFFFFFFFFFFFFFFFFFFFFFFFFFFFFFFFFFFFFFFFFFFFFFFFFFFFFFFFFFFFFFF25
:205BA000FFFFFFFFFFFFFFFFFFFFFFFFFFFFFFFFFFFFFFFFFFFFFFFFFFFFFFFFFFFFFFFF05
:205BC000FFFFFFFFFFFFFFFFFFFFFFFFFFFFFFFFFFFFFFFFFFFFFFFFFFFFFFFFFFFFFFFFE5
:205BE000FFFFFFFFFFFFFFFFFFFFFFFFFFFFFFFFFFFFFFFFFFFFFFFFFFFFFFFFFFFFFFFFC5
:205C0000FFFFFFFFFFFFFFFFFFFFFFFFFFFFFFFFFFFFFFFFFFFFFFFFFFFFFFFFFFFFFFFFA4
:205C2000FFFFFFFFFFFFFFFFFFFFFFFFFFFFFFFFFFFFFFFFFFFFFFFFFFFFFFFFFFFFFFFF84
:205C4000FFFFFFFFFFFFFFFFFFFFFFFFFFFFFFFFFFFFFFFFFFFFFFFFFFFFFFFFFFFFFFFF64
:205C6000FFFFFFFFFFFFFFFFFFFFFFFFFFFFFFFFFFFFFFFFFFFFFFFFFFFFFFFFFFFFFFFF44
:205C8000FFFFFFFFFFFFFFFFFFFFFFFFFFFFFFFFFFFFFFFFFFFFFFFFFFFFFFFFFFFFFFFF24
:205CA000FFFFFFFFFFFFFFFFFFFFFFFFFFFFFFFFFFFFFFFFFFFFFFFFFFFFFFFFFFFFFFFF04
:205CC000FFFFFFFFFFFFFFFFFFFFFFFFFFFFFFFFFFFFFFFFFFFFFFFFFFFFFFFFFFFFFFFFE4
:205CE000FFFFFFFFFFFFFFFFFFFFFFFFFFFFFFFFFFFFFFFFFFFFFFFFFFFFFFFFFFFFFFFFC4
:205D0000FFFFFFFFFFFFFFFFFFFFFFFFFFFFFFFFFFFFFFFFFFFFFFFFFFFFFFFFFFFFFFFFA3
:205D2000FFFFFFFFFFFFFFFFFFFFFFFFFFFFFFFFFFFFFFFFFFFFFFFFFFFFFFFFFFFFFFFF83
:205D4000FFFFFFFFFFFFFFFFFFFFFFFFFFFFFFFFFFFFFFFFFFFFFFFFFFFFFFFFFFFFFFFF63
:205D6000FFFFFFFFFFFFFFFFFFFFFFFFFFFFFFFFFFFFFFFFFFFFFFFFFFFFFFFFFFFFFFFF43
:205D8000FFFFFFFFFFFFFFFFFFFFFFFFFFFFFFFFFFFFFFFFFFFFFFFFFFFFFFFFFFFFFFFF23
:205DA000FFFFFFFFFFFFFFFFFFFFFFFFFFFFFFFFFFFFFFFFFFFFFFFFFFFFFFFFFFFFFFFF03
:205DC000FFFFFFFFFFFFFFFFFFFFFFFFFFFFFFFFFFFFFFFFFFFFFFFFFFFFFFFFFFFFFFFFE3
:205DE000FFFFFFFFFFFFFFFFFFFFFFFFFFFFFFFFFFFFFFFFFFFFFFFFFFFFFFFFFFFFFFFFC3
:205E0000FFFFFFFFFFFFFFFFFFFFFFFFFFFFFFFFFFFFFFFFFFFFFFFFFFFFFFFFFFFFFFFFA2
:205E2000FFFFFFFFFFFFFFFFFFFFFFFFFFFFFFFFFFFFFFFFFFFFFFFFFFFFFFFFFFFFFFFF82
:205E4000FFFFFFFFFFFFFFFFFFFFFFFFFFFFFFFFFFFFFFFFFFFFFFFFFFFFFFFFFFFFFFFF62
:205E6000FFFFFFFFFFFFFFFFFFFFFFFFFFFFFFFFFFFFFFFFFFFFFFFFFFFFFFFFFFFFFFFF42
:205E8000FFFFFFFFFFFFFFFFFFFFFFFFFFFFFFFFFFFFFFFFFFFFFFFFFFFFFFFFFFFFFFFF22
:205EA000FFFFFFFFFFFFFFFFFFFFFFFFFFFFFFFFFFFFFFFFFFFFFFFFFFFFFFFFFFFFFFFF02
:205EC000FFFFFFFFFFFFFFFFFFFFFFFFFFFFFFFFFFFFFFFFFFFFFFFFFFFFFFFFFFFFFFFFE2
:205EE000FFFFFFFFFFFFFFFFFFFFFFFFFFFFFFFFFFFFFFFFFFFFFFFFFFFFFFFFFFFFFFFFC2
:205F0000FFFFFFFFFFFFFFFFFFFFFFFFFFFFFFFFFFFFFFFFFFFFFFFFFFFFFFFFFFFFFFFFA1
:205F2000FFFFFFFFFFFFFFFFFFFFFFFFFFFFFFFFFFFFFFFFFFFFFFFFFFFFFFFFFFFFFFFF81
:205F4000FFFFFFFFFFFFFFFFFFFFFFFFFFFFFFFFFFFFFFFFFFFFFFFFFFFFFFFFFFFFFFFF61
:205F6000FFFFFFFFFFFFFFFFFFFFFFFFFFFFFFFFFFFFFFFFFFFFFFFFFFFFFFFFFFFFFFFF41
:205F8000FFFFFFFFFFFFFFFFFFFFFFFFFFFFFFFFFFFFFFFFFFFFFFFFFFFFFFFFFFFFFFFF21
:205FA000FFFFFFFFFFFFFFFFFFFFFFFFFFFFFFFFFFFFFFFFFFFFFFFFFFFFFFFFFFFFFFFF01
:205FC000FFFFFFFFFFFFFFFFFFFFFFFFFFFFFFFFFFFFFFFFFFFFFFFFFFFFFFFFFFFFFFFFE1
:205FE000FFFFFFFFFFFFFFFFFFFFFFFFFFFFFFFFFFFFFFFFFFFFFFFFFFFFFFFFFFFFFFFFC1
:20600000FFFFFFFFFFFFFFFFFFFFFFFFFFFFFFFFFFFFFFFFFFFFFFFFFFFFFFFFFFFFFFFFA0
:20602000FFFFFFFFFFFFFFFFFFFFFFFFFFFFFFFFFFFFFFFFFFFFFFFFFFFFFFFFFFFFFFFF80
:20604000FFFFFFFFFFFFFFFFFFFFFFFFFFFFFFFFFFFFFFFFFFFFFFFFFFFFFFFFFFFFFFFF60
:20606000FFFFFFFFFFFFFFFFFFFFFFFFFFFFFFFFFFFFFFFFFFFFFFFFFFFFFFFFFFFFFFFF40
:20608000FFFFFFFFFFFFFFFFFFFFFFFFFFFFFFFFFFFFFFFFFFFFFFFFFFFFFFFFFFFFFFFF20
:2060A000FFFFFFFFFFFFFFFFFFFFFFFFFFFFFFFFFFFFFFFFFFFFFFFFFFFFFFFFFFFFFFFF00
:2060C000FFFFFFFFFFFFFFFFFFFFFFFFFFFFFFFFFFFFFFFFFFFFFFFFFFFFFFFFFFFFFFFFE0
:2060E000FFFFFFFFFFFFFFFFFFFFFFFFFFFFFFFFFFFFFFFFFFFFFFFFFFFFFFFFFFFFFFFFC0
:20610000FFFFFFFFFFFFFFFFFFFFFFFFFFFFFFFFFFFFFFFFFFFFFFFFFFFFFFFFFFFFFFFF9F
:20612000FFFFFFFFFFFFFFFFFFFFFFFFFFFFFFFFFFFFFFFFFFFFFFFFFFFFFFFFFFFFFFFF7F
:20614000FFFFFFFFFFFFFFFFFFFFFFFFFFFFFFFFFFFFFFFFFFFFFFFFFFFFFFFFFFFFFFFF5F
:20616000FFFFFFFFFFFFFFFFFFFFFFFFFFFFFFFFFFFFFFFFFFFFFFFFFFFFFFFFFFFFFFFF3F
:20618000FFFFFFFFFFFFFFFFFFFFFFFFFFFFFFFFFFFFFFFFFFFFFFFFFFFFFFFFFFFFFFFF1F
:2061A000FFFFFFFFFFFFFFFFFFFFFFFFFFFFFFFFFFFFFFFFFFFFFFFFFFFFFFFFFFFFFFFFFF
:2061C000FFFFFFFFFFFFFFFFFFFFFFFFFFFFFFFFFFFFFFFFFFFFFFFFFFFFFFFFFFFFFFFFDF
:2061E000FFFFFFFFFFFFFFFFFFFFFFFFFFFFFFFFFFFFFFFFFFFFFFFFFFFFFFFFFFFFFFFFBF
:20620000FFFFFFFFFFFFFFFFFFFFFFFFFFFFFFFFFFFFFFFFFFFFFFFFFFFFFFFFFFFFFFFF9E
:20622000FFFFFFFFFFFFFFFFFFFFFFFFFFFFFFFFFFFFFFFFFFFFFFFFFFFFFFFFFFFFFFFF7E
:20624000FFFFFFFFFFFFFFFFFFFFFFFFFFFFFFFFFFFFFFFFFFFFFFFFFFFFFFFFFFFFFFFF5E
:20626000FFFFFFFFFFFFFFFFFFFFFFFFFFFFFFFFFFFFFFFFFFFFFFFFFFFFFFFFFFFFFFFF3E
:20628000FFFFFFFFFFFFFFFFFFFFFFFFFFFFFFFFFFFFFFFFFFFFFFFFFFFFFFFFFFFFFFFF1E
:2062A000FFFFFFFFFFFFFFFFFFFFFFFFFFFFFFFFFFFFFFFFFFFFFFFFFFFFFFFFFFFFFFFFFE
:2062C000FFFFFFFFFFFFFFFFFFFFFFFFFFFFFFFFFFFFFFFFFFFFFFFFFFFFFFFFFFFFFFFFDE
:2062E000FFFFFFFFFFFFFFFFFFFFFFFFFFFFFFFFFFFFFFFFFFFFFFFFFFFFFFFFFFFFFFFFBE
:20630000FFFFFFFFFFFFFFFFFFFFFFFFFFFFFFFFFFFFFFFFFFFFFFFFFFFFFFFFFFFFFFFF9D
:20632000FFFFFFFFFFFFFFFFFFFFFFFFFFFFFFFFFFFFFFFFFFFFFFFFFFFFFFFFFFFFFFFF7D
:20634000FFFFFFFFFFFFFFFFFFFFFFFFFFFFFFFFFFFFFFFFFFFFFFFFFFFFFFFFFFFFFFFF5D
:20636000FFFFFFFFFFFFFFFFFFFFFFFFFFFFFFFFFFFFFFFFFFFFFFFFFFFFFFFFFFFFFFFF3D
:20638000FFFFFFFFFFFFFFFFFFFFFFFFFFFFFFFFFFFFFFFFFFFFFFFFFFFFFFFFFFFFFFFF1D
:2063A000FFFFFFFFFFFFFFFFFFFFFFFFFFFFFFFFFFFFFFFFFFFFFFFFFFFFFFFFFFFFFFFFFD
:2063C000FFFFFFFFFFFFFFFFFFFFFFFFFFFFFFFFFFFFFFFFFFFFFFFFFFFFFFFFFFFFFFFFDD
:2063E000FFFFFFFFFFFFFFFFFFFFFFFFFFFFFFFFFFFFFFFFFFFFFFFFFFFFFFFFFFFFFFFFBD
:20640000FFFFFFFFFFFFFFFFFFFFFFFFFFFFFFFFFFFFFFFFFFFFFFFFFFFFFFFFFFFFFFFF9C
:20642000FFFFFFFFFFFFFFFFFFFFFFFFFFFFFFFFFFFFFFFFFFFFFFFFFFFFFFFFFFFFFFFF7C
:20644000FFFFFFFFFFFFFFFFFFFFFFFFFFFFFFFFFFFFFFFFFFFFFFFFFFFFFFFFFFFFFFFF5C
:20646000FFFFFFFFFFFFFFFFFFFFFFFFFFFFFFFFFFFFFFFFFFFFFFFFFFFFFFFFFFFFFFFF3C
:20648000FFFFFFFFFFFFFFFFFFFFFFFFFFFFFFFFFFFFFFFFFFFFFFFFFFFFFFFFFFFFFFFF1C
:2064A000FFFFFFFFFFFFFFFFFFFFFFFFFFFFFFFFFFFFFFFFFFFFFFFFFFFFFFFFFFFFFFFFFC
:2064C000FFFFFFFFFFFFFFFFFFFFFFFFFFFFFFFFFFFFFFFFFFFFFFFFFFFFFFFFFFFFFFFFDC
:2064E000FFFFFFFFFFFFFFFFFFFFFFFFFFFFFFFFFFFFFFFFFFFFFFFFFFFFFFFFFFFFFFFFBC
:20650000FFFFFFFFFFFFFFFFFFFFFFFFFFFFFFFFFFFFFFFFFFFFFFFFFFFFFFFFFFFFFFFF9B
:20652000FFFFFFFFFFFFFFFFFFFFFFFFFFFFFFFFFFFFFFFFFFFFFFFFFFFFFFFFFFFFFFFF7B
:20654000FFFFFFFFFFFFFFFFFFFFFFFFFFFFFFFFFFFFFFFFFFFFFFFFFFFFFFFFFFFFFFFF5B
:20656000FFFFFFFFFFFFFFFFFFFFFFFFFFFFFFFFFFFFFFFFFFFFFFFFFFFFFFFFFFFFFFFF3B
:20658000FFFFFFFFFFFFFFFFFFFFFFFFFFFFFFFFFFFFFFFFFFFFFFFFFFFFFFFFFFFFFFFF1B
:2065A000FFFFFFFFFFFFFFFFFFFFFFFFFFFFFFFFFFFFFFFFFFFFFFFFFFFFFFFFFFFFFFFFFB
:2065C000FFFFFFFFFFFFFFFFFFFFFFFFFFFFFFFFFFFFFFFFFFFFFFFFFFFFFFFFFFFFFFFFDB
:2065E000FFFFFFFFFFFFFFFFFFFFFFFFFFFFFFFFFFFFFFFFFFFFFFFFFFFFFFFFFFFFFFFFBB
:20660000FFFFFFFFFFFFFFFFFFFFFFFFFFFFFFFFFFFFFFFFFFFFFFFFFFFFFFFFFFFFFFFF9A
:20662000FFFFFFFFFFFFFFFFFFFFFFFFFFFFFFFFFFFFFFFFFFFFFFFFFFFFFFFFFFFFFFFF7A
:20664000FFFFFFFFFFFFFFFFFFFFFFFFFFFFFFFFFFFFFFFFFFFFFFFFFFFFFFFFFFFFFFFF5A
:20666000FFFFFFFFFFFFFFFFFFFFFFFFFFFFFFFFFFFFFFFFFFFFFFFFFFFFFFFFFFFFFFFF3A
:20668000FFFFFFFFFFFFFFFFFFFFFFFFFFFFFFFFFFFFFFFFFFFFFFFFFFFFFFFFFFFFFFFF1A
:2066A000FFFFFFFFFFFFFFFFFFFFFFFFFFFFFFFFFFFFFFFFFFFFFFFFFFFFFFFFFFFFFFFFFA
:2066C000FFFFFFFFFFFFFFFFFFFFFFFFFFFFFFFFFFFFFFFFFFFFFFFFFFFFFFFFFFFFFFFFDA
:2066E000FFFFFFFFFFFFFFFFFFFFFFFFFFFFFFFFFFFFFFFFFFFFFFFFFFFFFFFFFFFFFFFFBA
:20670000FFFFFFFFFFFFFFFFFFFFFFFFFFFFFFFFFFFFFFFFFFFFFFFFFFFFFFFFFFFFFFFF99
:20672000FFFFFFFFFFFFFFFFFFFFFFFFFFFFFFFFFFFFFFFFFFFFFFFFFFFFFFFFFFFFFFFF79
:20674000FFFFFFFFFFFFFFFFFFFFFFFFFFFFFFFFFFFFFFFFFFFFFFFFFFFFFFFFFFFFFFFF59
:20676000FFFFFFFFFFFFFFFFFFFFFFFFFFFFFFFFFFFFFFFFFFFFFFFFFFFFFFFFFFFFFFFF39
:20678000FFFFFFFFFFFFFFFFFFFFFFFFFFFFFFFFFFFFFFFFFFFFFFFFFFFFFFFFFFFFFFFF19
:2067A000FFFFFFFFFFFFFFFFFFFFFFFFFFFFFFFFFFFFFFFFFFFFFFFFFFFFFFFFFFFFFFFFF9
:2067C000FFFFFFFFFFFFFFFFFFFFFFFFFFFFFFFFFFFFFFFFFFFFFFFFFFFFFFFFFFFFFFFFD9
:2067E000FFFFFFFFFFFFFFFFFFFFFFFFFFFFFFFFFFFFFFFFFFFFFFFFFFFFFFFFFFFFFFFFB9
:20680000FFFFFFFFFFFFFFFFFFFFFFFFFFFFFFFFFFFFFFFFFFFFFFFFFFFFFFFFFFFFFFFF98
:20682000FFFFFFFFFFFFFFFFFFFFFFFFFFFFFFFFFFFFFFFFFFFFFFFFFFFFFFFFFFFFFFFF78
:20684000FFFFFFFFFFFFFFFFFFFFFFFFFFFFFFFFFFFFFFFFFFFFFFFFFFFFFFFFFFFFFFFF58
:20686000FFFFFFFFFFFFFFFFFFFFFFFFFFFFFFFFFFFFFFFFFFFFFFFFFFFFFFFFFFFFFFFF38
:20688000FFFFFFFFFFFFFFFFFFFFFFFFFFFFFFFFFFFFFFFFFFFFFFFFFFFFFFFFFFFFFFFF18
:2068A000FFFFFFFFFFFFFFFFFFFFFFFFFFFFFFFFFFFFFFFFFFFFFFFFFFFFFFFFFFFFFFFFF8
:2068C000FFFFFFFFFFFFFFFFFFFFFFFFFFFFFFFFFFFFFFFFFFFFFFFFFFFFFFFFFFFFFFFFD8
:2068E000FFFFFFFFFFFFFFFFFFFFFFFFFFFFFFFFFFFFFFFFFFFFFFFFFFFFFFFFFFFFFFFFB8
:20690000FFFFFFFFFFFFFFFFFFFFFFFFFFFFFFFFFFFFFFFFFFFFFFFFFFFFFFFFFFFFFFFF97
:20692000FFFFFFFFFFFFFFFFFFFFFFFFFFFFFFFFFFFFFFFFFFFFFFFFFFFFFFFFFFFFFFFF77
:20694000FFFFFFFFFFFFFFFFFFFFFFFFFFFFFFFFFFFFFFFFFFFFFFFFFFFFFFFFFFFFFFFF57
:20696000FFFFFFFFFFFFFFFFFFFFFFFFFFFFFFFFFFFFFFFFFFFFFFFFFFFFFFFFFFFFFFFF37
:20698000FFFFFFFFFFFFFFFFFFFFFFFFFFFFFFFFFFFFFFFFFFFFFFFFFFFFFFFFFFFFFFFF17
:2069A000FFFFFFFFFFFFFFFFFFFFFFFFFFFFFFFFFFFFFFFFFFFFFFFFFFFFFFFFFFFFFFFFF7
:2069C000FFFFFFFFFFFFFFFFFFFFFFFFFFFFFFFFFFFFFFFFFFFFFFFFFFFFFFFFFFFFFFFFD7
:2069E000FFFFFFFFFFFFFFFFFFFFFFFFFFFFFFFFFFFFFFFFFFFFFFFFFFFFFFFFFFFFFFFFB7
:206A0000FFFFFFFFFFFFFFFFFFFFFFFFFFFFFFFFFFFFFFFFFFFFFFFFFFFFFFFFFFFFFFFF96
:206A2000FFFFFFFFFFFFFFFFFFFFFFFFFFFFFFFFFFFFFFFFFFFFFFFFFFFFFFFFFFFFFFFF76
:206A4000FFFFFFFFFFFFFFFFFFFFFFFFFFFFFFFFFFFFFFFFFFFFFFFFFFFFFFFFFFFFFFFF56
:206A6000FFFFFFFFFFFFFFFFFFFFFFFFFFFFFFFFFFFFFFFFFFFFFFFFFFFFFFFFFFFFFFFF36
:206A8000FFFFFFFFFFFFFFFFFFFFFFFFFFFFFFFFFFFFFFFFFFFFFFFFFFFFFFFFFFFFFFFF16
:206AA000FFFFFFFFFFFFFFFFFFFFFFFFFFFFFFFFFFFFFFFFFFFFFFFFFFFFFFFFFFFFFFFFF6
:206AC000FFFFFFFFFFFFFFFFFFFFFFFFFFFFFFFFFFFFFFFFFFFFFFFFFFFFFFFFFFFFFFFFD6
:206AE000FFFFFFFFFFFFFFFFFFFFFFFFFFFFFFFFFFFFFFFFFFFFFFFFFFFFFFFFFFFFFFFFB6
:206B0000FFFFFFFFFFFFFFFFFFFFFFFFFFFFFFFFFFFFFFFFFFFFFFFFFFFFFFFFFFFFFFFF95
:206B2000FFFFFFFFFFFFFFFFFFFFFFFFFFFFFFFFFFFFFFFFFFFFFFFFFFFFFFFFFFFFFFFF75
:206B4000FFFFFFFFFFFFFFFFFFFFFFFFFFFFFFFFFFFFFFFFFFFFFFFFFFFFFFFFFFFFFFFF55
:206B6000FFFFFFFFFFFFFFFFFFFFFFFFFFFFFFFFFFFFFFFFFFFFFFFFFFFFFFFFFFFFFFFF35
:206B8000FFFFFFFFFFFFFFFFFFFFFFFFFFFFFFFFFFFFFFFFFFFFFFFFFFFFFFFFFFFFFFFF15
:206BA000FFFFFFFFFFFFFFFFFFFFFFFFFFFFFFFFFFFFFFFFFFFFFFFFFFFFFFFFFFFFFFFFF5
:206BC000FFFFFFFFFFFFFFFFFFFFFFFFFFFFFFFFFFFFFFFFFFFFFFFFFFFFFFFFFFFFFFFFD5
:206BE000FFFFFFFFFFFFFFFFFFFFFFFFFFFFFFFFFFFFFFFFFFFFFFFFFFFFFFFFFFFFFFFFB5
:206C0000FFFFFFFFFFFFFFFFFFFFFFFFFFFFFFFFFFFFFFFFFFFFFFFFFFFFFFFFFFFFFFFF94
:206C2000FFFFFFFFFFFFFFFFFFFFFFFFFFFFFFFFFFFFFFFFFFFFFFFFFFFFFFFFFFFFFFFF74
:206C4000FFFFFFFFFFFFFFFFFFFFFFFFFFFFFFFFFFFFFFFFFFFFFFFFFFFFFFFFFFFFFFFF54
:206C6000FFFFFFFFFFFFFFFFFFFFFFFFFFFFFFFFFFFFFFFFFFFFFFFFFFFFFFFFFFFFFFFF34
:206C8000FFFFFFFFFFFFFFFFFFFFFFFFFFFFFFFFFFFFFFFFFFFFFFFFFFFFFFFFFFFFFFFF14
:206CA000FFFFFFFFFFFFFFFFFFFFFFFFFFFFFFFFFFFFFFFFFFFFFFFFFFFFFFFFFFFFFFFFF4
:206CC000FFFFFFFFFFFFFFFFFFFFFFFFFFFFFFFFFFFFFFFFFFFFFFFFFFFFFFFFFFFFFFFFD4
:206CE000FFFFFFFFFFFFFFFFFFFFFFFFFFFFFFFFFFFFFFFFFFFFFFFFFFFFFFFFFFFFFFFFB4
:206D0000FFFFFFFFFFFFFFFFFFFFFFFFFFFFFFFFFFFFFFFFFFFFFFFFFFFFFFFFFFFFFFFF93
:206D2000FFFFFFFFFFFFFFFFFFFFFFFFFFFFFFFFFFFFFFFFFFFFFFFFFFFFFFFFFFFFFFFF73
:206D4000FFFFFFFFFFFFFFFFFFFFFFFFFFFFFFFFFFFFFFFFFFFFFFFFFFFFFFFFFFFFFFFF53
:206D6000FFFFFFFFFFFFFFFFFFFFFFFFFFFFFFFFFFFFFFFFFFFFFFFFFFFFFFFFFFFFFFFF33
:206D8000FFFFFFFFFFFFFFFFFFFFFFFFFFFFFFFFFFFFFFFFFFFFFFFFFFFFFFFFFFFFFFFF13
:206DA000FFFFFFFFFFFFFFFFFFFFFFFFFFFFFFFFFFFFFFFFFFFFFFFFFFFFFFFFFFFFFFFFF3
:206DC000FFFFFFFFFFFFFFFFFFFFFFFFFFFFFFFFFFFFFFFFFFFFFFFFFFFFFFFFFFFFFFFFD3
:206DE000FFFFFFFFFFFFFFFFFFFFFFFFFFFFFFFFFFFFFFFFFFFFFFFFFFFFFFFFFFFFFFFFB3
:206E0000FFFFFFFFFFFFFFFFFFFFFFFFFFFFFFFFFFFFFFFFFFFFFFFFFFFFFFFFFFFFFFFF92
:206E2000FFFFFFFFFFFFFFFFFFFFFFFFFFFFFFFFFFFFFFFFFFFFFFFFFFFFFFFFFFFFFFFF72
:206E4000FFFFFFFFFFFFFFFFFFFFFFFFFFFFFFFFFFFFFFFFFFFFFFFFFFFFFFFFFFFFFFFF52
:206E6000FFFFFFFFFFFFFFFFFFFFFFFFFFFFFFFFFFFFFFFFFFFFFFFFFFFFFFFFFFFFFFFF32
:206E8000FFFFFFFFFFFFFFFFFFFFFFFFFFFFFFFFFFFFFFFFFFFFFFFFFFFFFFFFFFFFFFFF12
:206EA000FFFFFFFFFFFFFFFFFFFFFFFFFFFFFFFFFFFFFFFFFFFFFFFFFFFFFFFFFFFFFFFFF2
:206EC000FFFFFFFFFFFFFFFFFFFFFFFFFFFFFFFFFFFFFFFFFFFFFFFFFFFFFFFFFFFFFFFFD2
:206EE000FFFFFFFFFFFFFFFFFFFFFFFFFFFFFFFFFFFFFFFFFFFFFFFFFFFFFFFFFFFFFFFFB2
:206F0000FFFFFFFFFFFFFFFFFFFFFFFFFFFFFFFFFFFFFFFFFFFFFFFFFFFFFFFFFFFFFFFF91
:206F2000FFFFFFFFFFFFFFFFFFFFFFFFFFFFFFFFFFFFFFFFFFFFFFFFFFFFFFFFFFFFFFFF71
:206F4000FFFFFFFFFFFFFFFFFFFFFFFFFFFFFFFFFFFFFFFFFFFFFFFFFFFFFFFFFFFFFFFF51
:206F6000FFFFFFFFFFFFFFFFFFFFFFFFFFFFFFFFFFFFFFFFFFFFFFFFFFFFFFFFFFFFFFFF31
:206F8000FFFFFFFFFFFFFFFFFFFFFFFFFFFFFFFFFFFFFFFFFFFFFFFFFFFFFFFFFFFFFFFF11
:206FA000FFFFFFFFFFFFFFFFFFFFFFFFFFFFFFFFFFFFFFFFFFFFFFFFFFFFFFFFFFFFFFFFF1
:206FC000FFFFFFFFFFFFFFFFFFFFFFFFFFFFFFFFFFFFFFFFFFFFFFFFFFFFFFFFFFFFFFFFD1
:206FE000FFFFFFFFFFFFFFFFFFFFFFFFFFFFFFFFFFFFFFFFFFFFFFFFFFFFFFFFFFFFFFFFB1
:20700000FFFFFFFFFFFFFFFFFFFFFFFFFFFFFFFFFFFFFFFFFFFFFFFFFFFFFFFFFFFFFFFF90
:20702000FFFFFFFFFFFFFFFFFFFFFFFFFFFFFFFFFFFFFFFFFFFFFFFFFFFFFFFFFFFFFFFF70
:20704000FFFFFFFFFFFFFFFFFFFFFFFFFFFFFFFFFFFFFFFFFFFFFFFFFFFFFFFFFFFFFFFF50
:20706000FFFFFFFFFFFFFFFFFFFFFFFFFFFFFFFFFFFFFFFFFFFFFFFFFFFFFFFFFFFFFFFF30
:20708000FFFFFFFFFFFFFFFFFFFFFFFFFFFFFFFFFFFFFFFFFFFFFFFFFFFFFFFFFFFFFFFF10
:2070A000FFFFFFFFFFFFFFFFFFFFFFFFFFFFFFFFFFFFFFFFFFFFFFFFFFFFFFFFFFFFFFFFF0
:2070C000FFFFFFFFFFFFFFFFFFFFFFFFFFFFFFFFFFFFFFFFFFFFFFFFFFFFFFFFFFFFFFFFD0
:2070E000FFFFFFFFFFFFFFFFFFFFFFFFFFFFFFFFFFFFFFFFFFFFFFFFFFFFFFFFFFFFFFFFB0
:20710000FFFFFFFFFFFFFFFFFFFFFFFFFFFFFFFFFFFFFFFFFFFFFFFFFFFFFFFFFFFFFFFF8F
:20712000FFFFFFFFFFFFFFFFFFFFFFFFFFFFFFFFFFFFFFFFFFFFFFFFFFFFFFFFFFFFFFFF6F
:20714000FFFFFFFFFFFFFFFFFFFFFFFFFFFFFFFFFFFFFFFFFFFFFFFFFFFFFFFFFFFFFFFF4F
:20716000FFFFFFFFFFFFFFFFFFFFFFFFFFFFFFFFFFFFFFFFFFFFFFFFFFFFFFFFFFFFFFFF2F
:20718000FFFFFFFFFFFFFFFFFFFFFFFFFFFFFFFFFFFFFFFFFFFFFFFFFFFFFFFFFFFFFFFF0F
:2071A000FFFFFFFFFFFFFFFFFFFFFFFFFFFFFFFFFFFFFFFFFFFFFFFFFFFFFFFFFFFFFFFFEF
:2071C000FFFFFFFFFFFFFFFFFFFFFFFFFFFFFFFFFFFFFFFFFFFFFFFFFFFFFFFFFFFFFFFFCF
:2071E000FFFFFFFFFFFFFFFFFFFFFFFFFFFFFFFFFFFFFFFFFFFFFFFFFFFFFFFFFFFFFFFFAF
:20720000FFFFFFFFFFFFFFFFFFFFFFFFFFFFFFFFFFFFFFFFFFFFFFFFFFFFFFFFFFFFFFFF8E
:20722000FFFFFFFFFFFFFFFFFFFFFFFFFFFFFFFFFFFFFFFFFFFFFFFFFFFFFFFFFFFFFFFF6E
:20724000FFFFFFFFFFFFFFFFFFFFFFFFFFFFFFFFFFFFFFFFFFFFFFFFFFFFFFFFFFFFFFFF4E
:20726000FFFFFFFFFFFFFFFFFFFFFFFFFFFFFFFFFFFFFFFFFFFFFFFFFFFFFFFFFFFFFFFF2E
:20728000FFFFFFFFFFFFFFFFFFFFFFFFFFFFFFFFFFFFFFFFFFFFFFFFFFFFFFFFFFFFFFFF0E
:2072A000FFFFFFFFFFFFFFFFFFFFFFFFFFFFFFFFFFFFFFFFFFFFFFFFFFFFFFFFFFFFFFFFEE
:2072C000FFFFFFFFFFFFFFFFFFFFFFFFFFFFFFFFFFFFFFFFFFFFFFFFFFFFFFFFFFFFFFFFCE
:2072E000FFFFFFFFFFFFFFFFFFFFFFFFFFFFFFFFFFFFFFFFFFFFFFFFFFFFFFFFFFFFFFFFAE
:20730000FFFFFFFFFFFFFFFFFFFFFFFFFFFFFFFFFFFFFFFFFFFFFFFFFFFFFFFFFFFFFFFF8D
:20732000FFFFFFFFFFFFFFFFFFFFFFFFFFFFFFFFFFFFFFFFFFFFFFFFFFFFFFFFFFFFFFFF6D
:20734000FFFFFFFFFFFFFFFFFFFFFFFFFFFFFFFFFFFFFFFFFFFFFFFFFFFFFFFFFFFFFFFF4D
:20736000FFFFFFFFFFFFFFFFFFFFFFFFFFFFFFFFFFFFFFFFFFFFFFFFFFFFFFFFFFFFFFFF2D
:20738000FFFFFFFFFFFFFFFFFFFFFFFFFFFFFFFFFFFFFFFFFFFFFFFFFFFFFFFFFFFFFFFF0D
:2073A000FFFFFFFFFFFFFFFFFFFFFFFFFFFFFFFFFFFFFFFFFFFFFFFFFFFFFFFFFFFFFFFFED
:2073C000FFFFFFFFFFFFFFFFFFFFFFFFFFFFFFFFFFFFFFFFFFFFFFFFFFFFFFFFFFFFFFFFCD
:2073E000FFFFFFFFFFFFFFFFFFFFFFFFFFFFFFFFFFFFFFFFFFFFFFFFFFFFFFFFFFFFFFFFAD
:20740000FFFFFFFFFFFFFFFFFFFFFFFFFFFFFFFFFFFFFFFFFFFFFFFFFFFFFFFFFFFFFFFF8C
:20742000FFFFFFFFFFFFFFFFFFFFFFFFFFFFFFFFFFFFFFFFFFFFFFFFFFFFFFFFFFFFFFFF6C
:20744000FFFFFFFFFFFFFFFFFFFFFFFFFFFFFFFFFFFFFFFFFFFFFFFFFFFFFFFFFFFFFFFF4C
:20746000FFFFFFFFFFFFFFFFFFFFFFFFFFFFFFFFFFFFFFFFFFFFFFFFFFFFFFFFFFFFFFFF2C
:20748000FFFFFFFFFFFFFFFFFFFFFFFFFFFFFFFFFFFFFFFFFFFFFFFFFFFFFFFFFFFFFFFF0C
:2074A000FFFFFFFFFFFFFFFFFFFFFFFFFFFFFFFFFFFFFFFFFFFFFFFFFFFFFFFFFFFFFFFFEC
:2074C000FFFFFFFFFFFFFFFFFFFFFFFFFFFFFFFFFFFFFFFFFFFFFFFFFFFFFFFFFFFFFFFFCC
:2074E000FFFFFFFFFFFFFFFFFFFFFFFFFFFFFFFFFFFFFFFFFFFFFFFFFFFFFFFFFFFFFFFFAC
:20750000FFFFFFFFFFFFFFFFFFFFFFFFFFFFFFFFFFFFFFFFFFFFFFFFFFFFFFFFFFFFFFFF8B
:20752000FFFFFFFFFFFFFFFFFFFFFFFFFFFFFFFFFFFFFFFFFFFFFFFFFFFFFFFFFFFFFFFF6B
:20754000FFFFFFFFFFFFFFFFFFFFFFFFFFFFFFFFFFFFFFFFFFFFFFFFFFFFFFFFFFFFFFFF4B
:20756000FFFFFFFFFFFFFFFFFFFFFFFFFFFFFFFFFFFFFFFFFFFFFFFFFFFFFFFFFFFFFFFF2B
:20758000FFFFFFFFFFFFFFFFFFFFFFFFFFFFFFFFFFFFFFFFFFFFFFFFFFFFFFFFFFFFFFFF0B
:2075A000FFFFFFFFFFFFFFFFFFFFFFFFFFFFFFFFFFFFFFFFFFFFFFFFFFFFFFFFFFFFFFFFEB
:2075C000FFFFFFFFFFFFFFFFFFFFFFFFFFFFFFFFFFFFFFFFFFFFFFFFFFFFFFFFFFFFFFFFCB
:2075E000FFFFFFFFFFFFFFFFFFFFFFFFFFFFFFFFFFFFFFFFFFFFFFFFFFFFFFFFFFFFFFFFAB
:20760000FFFFFFFFFFFFFFFFFFFFFFFFFFFFFFFFFFFFFFFFFFFFFFFFFFFFFFFFFFFFFFFF8A
:20762000FFFFFFFFFFFFFFFFFFFFFFFFFFFFFFFFFFFFFFFFFFFFFFFFFFFFFFFFFFFFFFFF6A
:20764000FFFFFFFFFFFFFFFFFFFFFFFFFFFFFFFFFFFFFFFFFFFFFFFFFFFFFFFFFFFFFFFF4A
:20766000FFFFFFFFFFFFFFFFFFFFFFFFFFFFFFFFFFFFFFFFFFFFFFFFFFFFFFFFFFFFFFFF2A
:20768000FFFFFFFFFFFFFFFFFFFFFFFFFFFFFFFFFFFFFFFFFFFFFFFFFFFFFFFFFFFFFFFF0A
:2076A000FFFFFFFFFFFFFFFFFFFFFFFFFFFFFFFFFFFFFFFFFFFFFFFFFFFFFFFFFFFFFFFFEA
:2076C000FFFFFFFFFFFFFFFFFFFFFFFFFFFFFFFFFFFFFFFFFFFFFFFFFFFFFFFFFFFFFFFFCA
:2076E000FFFFFFFFFFFFFFFFFFFFFFFFFFFFFFFFFFFFFFFFFFFFFFFFFFFFFFFFFFFFFFFFAA
:20770000FFFFFFFFFFFFFFFFFFFFFFFFFFFFFFFFFFFFFFFFFFFFFFFFFFFFFFFFFFFFFFFF89
:20772000FFFFFFFFFFFFFFFFFFFFFFFFFFFFFFFFFFFFFFFFFFFFFFFFFFFFFFFFFFFFFFFF69
:20774000FFFFFFFFFFFFFFFFFFFFFFFFFFFFFFFFFFFFFFFFFFFFFFFFFFFFFFFFFFFFFFFF49
:20776000FFFFFFFFFFFFFFFFFFFFFFFFFFFFFFFFFFFFFFFFFFFFFFFFFFFFFFFFFFFFFFFF29
:20778000FFFFFFFFFFFFFFFFFFFFFFFFFFFFFFFFFFFFFFFFFFFFFFFFFFFFFFFFFFFFFFFF09
:2077A000FFFFFFFFFFFFFFFFFFFFFFFFFFFFFFFFFFFFFFFFFFFFFFFFFFFFFFFFFFFFFFFFE9
:2077C000FFFFFFFFFFFFFFFFFFFFFFFFFFFFFFFFFFFFFFFFFFFFFFFFFFFFFFFFFFFFFFFFC9
:2077E000FFFFFFFFFFFFFFFFFFFFFFFFFFFFFFFFFFFFFFFFFFFFFFFFFFFFFFFFFFFFFFFFA9
:20780000FFFFFFFFFFFFFFFFFFFFFFFFFFFFFFFFFFFFFFFFFFFFFFFFFFFFFFFFFFFFFFFF88
:20782000FFFFFFFFFFFFFFFFFFFFFFFFFFFFFFFFFFFFFFFFFFFFFFFFFFFFFFFFFFFFFFFF68
:20784000FFFFFFFFFFFFFFFFFFFFFFFFFFFFFFFFFFFFFFFFFFFFFFFFFFFFFFFFFFFFFFFF48
:20786000FFFFFFFFFFFFFFFFFFFFFFFFFFFFFFFFFFFFFFFFFFFFFFFFFFFFFFFFFFFFFFFF28
:20788000FFFFFFFFFFFFFFFFFFFFFFFFFFFFFFFFFFFFFFFFFFFFFFFFFFFFFFFFFFFFFFFF08
:2078A000FFFFFFFFFFFFFFFFFFFFFFFFFFFFFFFFFFFFFFFFFFFFFFFFFFFFFFFFFFFFFFFFE8
:2078C000FFFFFFFFFFFFFFFFFFFFFFFFFFFFFFFFFFFFFFFFFFFFFFFFFFFFFFFFFFFFFFFFC8
:2078E000FFFFFFFFFFFFFFFFFFFFFFFFFFFFFFFFFFFFFFFFFFFFFFFFFFFFFFFFFFFFFFFFA8
:20790000FFFFFFFFFFFFFFFFFFFFFFFFFFFFFFFFFFFFFFFFFFFFFFFFFFFFFFFFFFFFFFFF87
:20792000FFFFFFFFFFFFFFFFFFFFFFFFFFFFFFFFFFFFFFFFFFFFFFFFFFFFFFFFFFFFFFFF67
:20794000FFFFFFFFFFFFFFFFFFFFFFFFFFFFFFFFFFFFFFFFFFFFFFFFFFFFFFFFFFFFFFFF47
:20796000FFFFFFFFFFFFFFFFFFFFFFFFFFFFFFFFFFFFFFFFFFFFFFFFFFFFFFFFFFFFFFFF27
:20798000FFFFFFFFFFFFFFFFFFFFFFFFFFFFFFFFFFFFFFFFFFFFFFFFFFFFFFFFFFFFFFFF07
:2079A000FFFFFFFFFFFFFFFFFFFFFFFFFFFFFFFFFFFFFFFFFFFFFFFFFFFFFFFFFFFFFFFFE7
:2079C000FFFFFFFFFFFFFFFFFFFFFFFFFFFFFFFFFFFFFFFFFFFFFFFFFFFFFFFFFFFFFFFFC7
:2079E000FFFFFFFFFFFFFFFFFFFFFFFFFFFFFFFFFFFFFFFFFFFFFFFFFFFFFFFFFFFFFFFFA7
:207A0000FFFFFFFFFFFFFFFFFFFFFFFFFFFFFFFFFFFFFFFFFFFFFFFFFFFFFFFFFFFFFFFF86
:207A2000FFFFFFFFFFFFFFFFFFFFFFFFFFFFFFFFFFFFFFFFFFFFFFFFFFFFFFFFFFFFFFFF66
:207A4000FFFFFFFFFFFFFFFFFFFFFFFFFFFFFFFFFFFFFFFFFFFFFFFFFFFFFFFFFFFFFFFF46
:207A6000FFFFFFFFFFFFFFFFFFFFFFFFFFFFFFFFFFFFFFFFFFFFFFFFFFFFFFFFFFFFFFFF26
:207A8000FFFFFFFFFFFFFFFFFFFFFFFFFFFFFFFFFFFFFFFFFFFFFFFFFFFFFFFFFFFFFFFF06
:207AA000FFFFFFFFFFFFFFFFFFFFFFFFFFFFFFFFFFFFFFFFFFFFFFFFFFFFFFFFFFFFFFFFE6
:207AC000FFFFFFFFFFFFFFFFFFFFFFFFFFFFFFFFFFFFFFFFFFFFFFFFFFFFFFFFFFFFFFFFC6
:207AE000FFFFFFFFFFFFFFFFFFFFFFFFFFFFFFFFFFFFFFFFFFFFFFFFFFFFFFFFFFFFFFFFA6
:207B0000FFFFFFFFFFFFFFFFFFFFFFFFFFFFFFFFFFFFFFFFFFFFFFFFFFFFFFFFFFFFFFFF85
:207B2000FFFFFFFFFFFFFFFFFFFFFFFFFFFFFFFFFFFFFFFFFFFFFFFFFFFFFFFFFFFFFFFF65
:207B4000FFFFFFFFFFFFFFFFFFFFFFFFFFFFFFFFFFFFFFFFFFFFFFFFFFFFFFFFFFFFFFFF45
:207B6000FFFFFFFFFFFFFFFFFFFFFFFFFFFFFFFFFFFFFFFFFFFFFFFFFFFFFFFFFFFFFFFF25
:207B8000FFFFFFFFFFFFFFFFFFFFFFFFFFFFFFFFFFFFFFFFFFFFFFFFFFFFFFFFFFFFFFFF05
:207BA000FFFFFFFFFFFFFFFFFFFFFFFFFFFFFFFFFFFFFFFFFFFFFFFFFFFFFFFFFFFFFFFFE5
:207BC000FFFFFFFFFFFFFFFFFFFFFFFFFFFFFFFFFFFFFFFFFFFFFFFFFFFFFFFFFFFFFFFFC5
:207BE000FFFFFFFFFFFFFFFFFFFFFFFFFFFFFFFFFFFFFFFFFFFFFFFFFFFFFFFFFFFFFFFFA5
:207C0000FFFFFFFFFFFFFFFFFFFFFFFFFFFFFFFFFFFFFFFFFFFFFFFFFFFFFFFFFFFFFFFF84
:207C2000FFFFFFFFFFFFFFFFFFFFFFFFFFFFFFFFFFFFFFFFFFFFFFFFFFFFFFFFFFFFFFFF64
:207C4000FFFFFFFFFFFFFFFFFFFFFFFFFFFFFFFFFFFFFFFFFFFFFFFFFFFFFFFFFFFFFFFF44
:207C6000FFFFFFFFFFFFFFFFFFFFFFFFFFFFFFFFFFFFFFFFFFFFFFFFFFFFFFFFFFFFFFFF24
:207C8000FFFFFFFFFFFFFFFFFFFFFFFFFFFFFFFFFFFFFFFFFFFFFFFFFFFFFFFFFFFFFFFF04
:207CA000FFFFFFFFFFFFFFFFFFFFFFFFFFFFFFFFFFFFFFFFFFFFFFFFFFFFFFFFFFFFFFFFE4
:207CC000FFFFFFFFFFFFFFFFFFFFFFFFFFFFFFFFFFFFFFFFFFFFFFFFFFFFFFFFFFFFFFFFC4
:207CE000FFFFFFFFFFFFFFFFFFFFFFFFFFFFFFFFFFFFFFFFFFFFFFFFFFFFFFFFFFFFFFFFA4
:207D0000FFFFFFFFFFFFFFFFFFFFFFFFFFFFFFFFFFFFFFFFFFFFFFFFFFFFFFFFFFFFFFFF83
:207D2000FFFFFFFFFFFFFFFFFFFFFFFFFFFFFFFFFFFFFFFFFFFFFFFFFFFFFFFFFFFFFFFF63
:207D4000FFFFFFFFFFFFFFFFFFFFFFFFFFFFFFFFFFFFFFFFFFFFFFFFFFFFFFFFFFFFFFFF43
:207D6000FFFFFFFFFFFFFFFFFFFFFFFFFFFFFFFFFFFFFFFFFFFFFFFFFFFFFFFFFFFFFFFF23
:207D8000FFFFFFFFFFFFFFFFFFFFFFFFFFFFFFFFFFFFFFFFFFFFFFFFFFFFFFFFFFFFFFFF03
:207DA000FFFFFFFFFFFFFFFFFFFFFFFFFFFFFFFFFFFFFFFFFFFFFFFFFFFFFFFFFFFFFFFFE3
:207DC000FFFFFFFFFFFFFFFFFFFFFFFFFFFFFFFFFFFFFFFFFFFFFFFFFFFFFFFFFFFFFFFFC3
:207DE000FFFFFFFFFFFFFFFFFFFFFFFFFFFFFFFFFFFFFFFFFFFFFFFFFFFFFFFFFFFFFFFFA3
:207E0000FFFFFFFFFFFFFFFFFFFFFFFFFFFFFFFFFFFFFFFFFFFFFFFFFFFFFFFFFFFFFFFF82
:207E2000FFFFFFFFFFFFFFFFFFFFFFFFFFFFFFFFFFFFFFFFFFFFFFFFFFFFFFFFFFFFFFFF62
:207E4000FFFFFFFFFFFFFFFFFFFFFFFFFFFFFFFFFFFFFFFFFFFFFFFFFFFFFFFFFFFFFFFF42
:207E6000FFFFFFFFFFFFFFFFFFFFFFFFFFFFFFFFFFFFFFFFFFFFFFFFFFFFFFFFFFFFFFFF22
:207E8000FFFFFFFFFFFFFFFFFFFFFFFFFFFFFFFFFFFFFFFFFFFFFFFFFFFFFFFFFFFFFFFF02
:207EA000FFFFFFFFFFFFFFFFFFFFFFFFFFFFFFFFFFFFFFFFFFFFFFFFFFFFFFFFFFFFFFFFE2
:207EC000FFFFFFFFFFFFFFFFFFFFFFFFFFFFFFFFFFFFFFFFFFFFFFFFFFFFFFFFFFFFFFFFC2
:207EE000FFFFFFFFFFFFFFFFFFFFFFFFFFFFFFFFFFFFFFFFFFFFFFFFFFFFFFFFFFFFFFFFA2
:207F0000FFFFFFFFFFFFFFFFFFFFFFFFFFFFFFFFFFFFFFFFFFFFFFFFFFFFFFFFFFFFFFFF81
:207F2000FFFFFFFFFFFFFFFFFFFFFFFFFFFFFFFFFFFFFFFFFFFFFFFFFFFFFFFFFFFFFFFF61
:207F4000FFFFFFFFFFFFFFFFFFFFFFFFFFFFFFFFFFFFFFFFFFFFFFFFFFFFFFFFFFFFFFFF41
:207F6000FFFFFFFFFFFFFFFFFFFFFFFFFFFFFFFFFFFFFFFFFFFFFFFFFFFFFFFFFFFFFFFF21
:207F8000FFFFFFFFFFFFFFFFFFFFFFFFFFFFFFFFFFFFFFFFFFFFFFFFFFFFFFFFFFFFFFFF01
:207FA000FFFFFFFFFFFFFFFFFFFFFFFFFFFFFFFFFFFFFFFFFFFFFFFFFFFFFFFFFFFFFFFFE1
:207FC000FFFFFFFFFFFFFFFFFFFFFFFFFFFFFFFFFFFFFFFFFFFFFFFFFFFFFFFFFFFFFFFFC1
:207FE000FFFFFFFFFFFFFFFFFFFFFFFFFFFFFFFFFFFFFFFFFFFFFFFFFFFFFFFFFFFFFFFFA1
:20800000FFFFFFFFFFFFFFFFFFFFFFFFFFFFFFFFFFFFFFFFFFFFFFFFFFFFFFFFFFFFFFFF80
:20802000FFFFFFFFFFFFFFFFFFFFFFFFFFFFFFFFFFFFFFFFFFFFFFFFFFFFFFFFFFFFFFFF60
:20804000FFFFFFFFFFFFFFFFFFFFFFFFFFFFFFFFFFFFFFFFFFFFFFFFFFFFFFFFFFFFFFFF40
:20806000FFFFFFFFFFFFFFFFFFFFFFFFFFFFFFFFFFFFFFFFFFFFFFFFFFFFFFFFFFFFFFFF20
:20808000FFFFFFFFFFFFFFFFFFFFFFFFFFFFFFFFFFFFFFFFFFFFFFFFFFFFFFFFFFFFFFFF00
:2080A000FFFFFFFFFFFFFFFFFFFFFFFFFFFFFFFFFFFFFFFFFFFFFFFFFFFFFFFFFFFFFFFFE0
:2080C000FFFFFFFFFFFFFFFFFFFFFFFFFFFFFFFFFFFFFFFFFFFFFFFFFFFFFFFFFFFFFFFFC0
:2080E000FFFFFFFFFFFFFFFFFFFFFFFFFFFFFFFFFFFFFFFFFFFFFFFFFFFFFFFFFFFFFFFFA0
:20810000FFFFFFFFFFFFFFFFFFFFFFFFFFFFFFFFFFFFFFFFFFFFFFFFFFFFFFFFFFFFFFFF7F
:20812000FFFFFFFFFFFFFFFFFFFFFFFFFFFFFFFFFFFFFFFFFFFFFFFFFFFFFFFFFFFFFFFF5F
:20814000FFFFFFFFFFFFFFFFFFFFFFFFFFFFFFFFFFFFFFFFFFFFFFFFFFFFFFFFFFFFFFFF3F
:20816000FFFFFFFFFFFFFFFFFFFFFFFFFFFFFFFFFFFFFFFFFFFFFFFFFFFFFFFFFFFFFFFF1F
:20818000FFFFFFFFFFFFFFFFFFFFFFFFFFFFFFFFFFFFFFFFFFFFFFFFFFFFFFFFFFFFFFFFFF
:2081A000FFFFFFFFFFFFFFFFFFFFFFFFFFFFFFFFFFFFFFFFFFFFFFFFFFFFFFFFFFFFFFFFDF
:2081C000FFFFFFFFFFFFFFFFFFFFFFFFFFFFFFFFFFFFFFFFFFFFFFFFFFFFFFFFFFFFFFFFBF
:2081E000FFFFFFFFFFFFFFFFFFFFFFFFFFFFFFFFFFFFFFFFFFFFFFFFFFFFFFFFFFFFFFFF9F
:20820000FFFFFFFFFFFFFFFFFFFFFFFFFFFFFFFFFFFFFFFFFFFFFFFFFFFFFFFFFFFFFFFF7E
:20822000FFFFFFFFFFFFFFFFFFFFFFFFFFFFFFFFFFFFFFFFFFFFFFFFFFFFFFFFFFFFFFFF5E
:20824000FFFFFFFFFFFFFFFFFFFFFFFFFFFFFFFFFFFFFFFFFFFFFFFFFFFFFFFFFFFFFFFF3E
:20826000FFFFFFFFFFFFFFFFFFFFFFFFFFFFFFFFFFFFFFFFFFFFFFFFFFFFFFFFFFFFFFFF1E
:20828000FFFFFFFFFFFFFFFFFFFFFFFFFFFFFFFFFFFFFFFFFFFFFFFFFFFFFFFFFFFFFFFFFE
:2082A000FFFFFFFFFFFFFFFFFFFFFFFFFFFFFFFFFFFFFFFFFFFFFFFFFFFFFFFFFFFFFFFFDE
:2082C000FFFFFFFFFFFFFFFFFFFFFFFFFFFFFFFFFFFFFFFFFFFFFFFFFFFFFFFFFFFFFFFFBE
:2082E000FFFFFFFFFFFFFFFFFFFFFFFFFFFFFFFFFFFFFFFFFFFFFFFFFFFFFFFFFFFFFFFF9E
:20830000FFFFFFFFFFFFFFFFFFFFFFFFFFFFFFFFFFFFFFFFFFFFFFFFFFFFFFFFFFFFFFFF7D
:20832000FFFFFFFFFFFFFFFFFFFFFFFFFFFFFFFFFFFFFFFFFFFFFFFFFFFFFFFFFFFFFFFF5D
:20834000FFFFFFFFFFFFFFFFFFFFFFFFFFFFFFFFFFFFFFFFFFFFFFFFFFFFFFFFFFFFFFFF3D
:20836000FFFFFFFFFFFFFFFFFFFFFFFFFFFFFFFFFFFFFFFFFFFFFFFFFFFFFFFFFFFFFFFF1D
:20838000FFFFFFFFFFFFFFFFFFFFFFFFFFFFFFFFFFFFFFFFFFFFFFFFFFFFFFFFFFFFFFFFFD
:2083A000FFFFFFFFFFFFFFFFFFFFFFFFFFFFFFFFFFFFFFFFFFFFFFFFFFFFFFFFFFFFFFFFDD
:2083C000FFFFFFFFFFFFFFFFFFFFFFFFFFFFFFFFFFFFFFFFFFFFFFFFFFFFFFFFFFFFFFFFBD
:2083E000FFFFFFFFFFFFFFFFFFFFFFFFFFFFFFFFFFFFFFFFFFFFFFFFFFFFFFFFFFFFFFFF9D
:20840000FFFFFFFFFFFFFFFFFFFFFFFFFFFFFFFFFFFFFFFFFFFFFFFFFFFFFFFFFFFFFFFF7C
:20842000FFFFFFFFFFFFFFFFFFFFFFFFFFFFFFFFFFFFFFFFFFFFFFFFFFFFFFFFFFFFFFFF5C
:20844000FFFFFFFFFFFFFFFFFFFFFFFFFFFFFFFFFFFFFFFFFFFFFFFFFFFFFFFFFFFFFFFF3C
:20846000FFFFFFFFFFFFFFFFFFFFFFFFFFFFFFFFFFFFFFFFFFFFFFFFFFFFFFFFFFFFFFFF1C
:20848000FFFFFFFFFFFFFFFFFFFFFFFFFFFFFFFFFFFFFFFFFFFFFFFFFFFFFFFFFFFFFFFFFC
:2084A000FFFFFFFFFFFFFFFFFFFFFFFFFFFFFFFFFFFFFFFFFFFFFFFFFFFFFFFFFFFFFFFFDC
:2084C000FFFFFFFFFFFFFFFFFFFFFFFFFFFFFFFFFFFFFFFFFFFFFFFFFFFFFFFFFFFFFFFFBC
:2084E000FFFFFFFFFFFFFFFFFFFFFFFFFFFFFFFFFFFFFFFFFFFFFFFFFFFFFFFFFFFFFFFF9C
:20850000FFFFFFFFFFFFFFFFFFFFFFFFFFFFFFFFFFFFFFFFFFFFFFFFFFFFFFFFFFFFFFFF7B
:20852000FFFFFFFFFFFFFFFFFFFFFFFFFFFFFFFFFFFFFFFFFFFFFFFFFFFFFFFFFFFFFFFF5B
:20854000FFFFFFFFFFFFFFFFFFFFFFFFFFFFFFFFFFFFFFFFFFFFFFFFFFFFFFFFFFFFFFFF3B
:20856000FFFFFFFFFFFFFFFFFFFFFFFFFFFFFFFFFFFFFFFFFFFFFFFFFFFFFFFFFFFFFFFF1B
:20858000FFFFFFFFFFFFFFFFFFFFFFFFFFFFFFFFFFFFFFFFFFFFFFFFFFFFFFFFFFFFFFFFFB
:2085A000FFFFFFFFFFFFFFFFFFFFFFFFFFFFFFFFFFFFFFFFFFFFFFFFFFFFFFFFFFFFFFFFDB
:2085C000FFFFFFFFFFFFFFFFFFFFFFFFFFFFFFFFFFFFFFFFFFFFFFFFFFFFFFFFFFFFFFFFBB
:2085E000FFFFFFFFFFFFFFFFFFFFFFFFFFFFFFFFFFFFFFFFFFFFFFFFFFFFFFFFFFFFFFFF9B
:20860000FFFFFFFFFFFFFFFFFFFFFFFFFFFFFFFFFFFFFFFFFFFFFFFFFFFFFFFFFFFFFFFF7A
:20862000FFFFFFFFFFFFFFFFFFFFFFFFFFFFFFFFFFFFFFFFFFFFFFFFFFFFFFFFFFFFFFFF5A
:20864000FFFFFFFFFFFFFFFFFFFFFFFFFFFFFFFFFFFFFFFFFFFFFFFFFFFFFFFFFFFFFFFF3A
:20866000FFFFFFFFFFFFFFFFFFFFFFFFFFFFFFFFFFFFFFFFFFFFFFFFFFFFFFFFFFFFFFFF1A
:20868000FFFFFFFFFFFFFFFFFFFFFFFFFFFFFFFFFFFFFFFFFFFFFFFFFFFFFFFFFFFFFFFFFA
:2086A000FFFFFFFFFFFFFFFFFFFFFFFFFFFFFFFFFFFFFFFFFFFFFFFFFFFFFFFFFFFFFFFFDA
:2086C000FFFFFFFFFFFFFFFFFFFFFFFFFFFFFFFFFFFFFFFFFFFFFFFFFFFFFFFFFFFFFFFFBA
:2086E000FFFFFFFFFFFFFFFFFFFFFFFFFFFFFFFFFFFFFFFFFFFFFFFFFFFFFFFFFFFFFFFF9A
:20870000FFFFFFFFFFFFFFFFFFFFFFFFFFFFFFFFFFFFFFFFFFFFFFFFFFFFFFFFFFFFFFFF79
:20872000FFFFFFFFFFFFFFFFFFFFFFFFFFFFFFFFFFFFFFFFFFFFFFFFFFFFFFFFFFFFFFFF59
:20874000FFFFFFFFFFFFFFFFFFFFFFFFFFFFFFFFFFFFFFFFFFFFFFFFFFFFFFFFFFFFFFFF39
:20876000FFFFFFFFFFFFFFFFFFFFFFFFFFFFFFFFFFFFFFFFFFFFFFFFFFFFFFFFFFFFFFFF19
:20878000FFFFFFFFFFFFFFFFFFFFFFFFFFFFFFFFFFFFFFFFFFFFFFFFFFFFFFFFFFFFFFFFF9
:2087A000FFFFFFFFFFFFFFFFFFFFFFFFFFFFFFFFFFFFFFFFFFFFFFFFFFFFFFFFFFFFFFFFD9
:2087C000FFFFFFFFFFFFFFFFFFFFFFFFFFFFFFFFFFFFFFFFFFFFFFFFFFFFFFFFFFFFFFFFB9
:2087E000FFFFFFFFFFFFFFFFFFFFFFFFFFFFFFFFFFFFFFFFFFFFFFFFFFFFFFFFFFFFFFFF99
:20880000FFFFFFFFFFFFFFFFFFFFFFFFFFFFFFFFFFFFFFFFFFFFFFFFFFFFFFFFFFFFFFFF78
:20882000FFFFFFFFFFFFFFFFFFFFFFFFFFFFFFFFFFFFFFFFFFFFFFFFFFFFFFFFFFFFFFFF58
:20884000FFFFFFFFFFFFFFFFFFFFFFFFFFFFFFFFFFFFFFFFFFFFFFFFFFFFFFFFFFFFFFFF38
:20886000FFFFFFFFFFFFFFFFFFFFFFFFFFFFFFFFFFFFFFFFFFFFFFFFFFFFFFFFFFFFFFFF18
:20888000FFFFFFFFFFFFFFFFFFFFFFFFFFFFFFFFFFFFFFFFFFFFFFFFFFFFFFFFFFFFFFFFF8
:2088A000FFFFFFFFFFFFFFFFFFFFFFFFFFFFFFFFFFFFFFFFFFFFFFFFFFFFFFFFFFFFFFFFD8
:2088C000FFFFFFFFFFFFFFFFFFFFFFFFFFFFFFFFFFFFFFFFFFFFFFFFFFFFFFFFFFFFFFFFB8
:2088E000FFFFFFFFFFFFFFFFFFFFFFFFFFFFFFFFFFFFFFFFFFFFFFFFFFFFFFFFFFFFFFFF98
:20890000FFFFFFFFFFFFFFFFFFFFFFFFFFFFFFFFFFFFFFFFFFFFFFFFFFFFFFFFFFFFFFFF77
:20892000FFFFFFFFFFFFFFFFFFFFFFFFFFFFFFFFFFFFFFFFFFFFFFFFFFFFFFFFFFFFFFFF57
:20894000FFFFFFFFFFFFFFFFFFFFFFFFFFFFFFFFFFFFFFFFFFFFFFFFFFFFFFFFFFFFFFFF37
:20896000FFFFFFFFFFFFFFFFFFFFFFFFFFFFFFFFFFFFFFFFFFFFFFFFFFFFFFFFFFFFFFFF17
:20898000FFFFFFFFFFFFFFFFFFFFFFFFFFFFFFFFFFFFFFFFFFFFFFFFFFFFFFFFFFFFFFFFF7
:2089A000FFFFFFFFFFFFFFFFFFFFFFFFFFFFFFFFFFFFFFFFFFFFFFFFFFFFFFFFFFFFFFFFD7
:2089C000FFFFFFFFFFFFFFFFFFFFFFFFFFFFFFFFFFFFFFFFFFFFFFFFFFFFFFFFFFFFFFFFB7
:2089E000FFFFFFFFFFFFFFFFFFFFFFFFFFFFFFFFFFFFFFFFFFFFFFFFFFFFFFFFFFFFFFFF97
:208A0000FFFFFFFFFFFFFFFFFFFFFFFFFFFFFFFFFFFFFFFFFFFFFFFFFFFFFFFFFFFFFFFF76
:208A2000FFFFFFFFFFFFFFFFFFFFFFFFFFFFFFFFFFFFFFFFFFFFFFFFFFFFFFFFFFFFFFFF56
:208A4000FFFFFFFFFFFFFFFFFFFFFFFFFFFFFFFFFFFFFFFFFFFFFFFFFFFFFFFFFFFFFFFF36
:208A6000FFFFFFFFFFFFFFFFFFFFFFFFFFFFFFFFFFFFFFFFFFFFFFFFFFFFFFFFFFFFFFFF16
:208A8000FFFFFFFFFFFFFFFFFFFFFFFFFFFFFFFFFFFFFFFFFFFFFFFFFFFFFFFFFFFFFFFFF6
:208AA000FFFFFFFFFFFFFFFFFFFFFFFFFFFFFFFFFFFFFFFFFFFFFFFFFFFFFFFFFFFFFFFFD6
:208AC000FFFFFFFFFFFFFFFFFFFFFFFFFFFFFFFFFFFFFFFFFFFFFFFFFFFFFFFFFFFFFFFFB6
:208AE000FFFFFFFFFFFFFFFFFFFFFFFFFFFFFFFFFFFFFFFFFFFFFFFFFFFFFFFFFFFFFFFF96
:208B0000FFFFFFFFFFFFFFFFFFFFFFFFFFFFFFFFFFFFFFFFFFFFFFFFFFFFFFFFFFFFFFFF75
:208B2000FFFFFFFFFFFFFFFFFFFFFFFFFFFFFFFFFFFFFFFFFFFFFFFFFFFFFFFFFFFFFFFF55
:208B4000FFFFFFFFFFFFFFFFFFFFFFFFFFFFFFFFFFFFFFFFFFFFFFFFFFFFFFFFFFFFFFFF35
:208B6000FFFFFFFFFFFFFFFFFFFFFFFFFFFFFFFFFFFFFFFFFFFFFFFFFFFFFFFFFFFFFFFF15
:208B8000FFFFFFFFFFFFFFFFFFFFFFFFFFFFFFFFFFFFFFFFFFFFFFFFFFFFFFFFFFFFFFFFF5
:208BA000FFFFFFFFFFFFFFFFFFFFFFFFFFFFFFFFFFFFFFFFFFFFFFFFFFFFFFFFFFFFFFFFD5
:208BC000FFFFFFFFFFFFFFFFFFFFFFFFFFFFFFFFFFFFFFFFFFFFFFFFFFFFFFFFFFFFFFFFB5
:208BE000FFFFFFFFFFFFFFFFFFFFFFFFFFFFFFFFFFFFFFFFFFFFFFFFFFFFFFFFFFFFFFFF95
:208C0000FFFFFFFFFFFFFFFFFFFFFFFFFFFFFFFFFFFFFFFFFFFFFFFFFFFFFFFFFFFFFFFF74
:208C2000FFFFFFFFFFFFFFFFFFFFFFFFFFFFFFFFFFFFFFFFFFFFFFFFFFFFFFFFFFFFFFFF54
:208C4000FFFFFFFFFFFFFFFFFFFFFFFFFFFFFFFFFFFFFFFFFFFFFFFFFFFFFFFFFFFFFFFF34
:208C6000FFFFFFFFFFFFFFFFFFFFFFFFFFFFFFFFFFFFFFFFFFFFFFFFFFFFFFFFFFFFFFFF14
:208C8000FFFFFFFFFFFFFFFFFFFFFFFFFFFFFFFFFFFFFFFFFFFFFFFFFFFFFFFFFFFFFFFFF4
:208CA000FFFFFFFFFFFFFFFFFFFFFFFFFFFFFFFFFFFFFFFFFFFFFFFFFFFFFFFFFFFFFFFFD4
:208CC000FFFFFFFFFFFFFFFFFFFFFFFFFFFFFFFFFFFFFFFFFFFFFFFFFFFFFFFFFFFFFFFFB4
:208CE000FFFFFFFFFFFFFFFFFFFFFFFFFFFFFFFFFFFFFFFFFFFFFFFFFFFFFFFFFFFFFFFF94
:208D0000FFFFFFFFFFFFFFFFFFFFFFFFFFFFFFFFFFFFFFFFFFFFFFFFFFFFFFFFFFFFFFFF73
:208D2000FFFFFFFFFFFFFFFFFFFFFFFFFFFFFFFFFFFFFFFFFFFFFFFFFFFFFFFFFFFFFFFF53
:208D4000FFFFFFFFFFFFFFFFFFFFFFFFFFFFFFFFFFFFFFFFFFFFFFFFFFFFFFFFFFFFFFFF33
:208D6000FFFFFFFFFFFFFFFFFFFFFFFFFFFFFFFFFFFFFFFFFFFFFFFFFFFFFFFFFFFFFFFF13
:208D8000FFFFFFFFFFFFFFFFFFFFFFFFFFFFFFFFFFFFFFFFFFFFFFFFFFFFFFFFFFFFFFFFF3
:208DA000FFFFFFFFFFFFFFFFFFFFFFFFFFFFFFFFFFFFFFFFFFFFFFFFFFFFFFFFFFFFFFFFD3
:208DC000FFFFFFFFFFFFFFFFFFFFFFFFFFFFFFFFFFFFFFFFFFFFFFFFFFFFFFFFFFFFFFFFB3
:208DE000FFFFFFFFFFFFFFFFFFFFFFFFFFFFFFFFFFFFFFFFFFFFFFFFFFFFFFFFFFFFFFFF93
:208E0000FFFFFFFFFFFFFFFFFFFFFFFFFFFFFFFFFFFFFFFFFFFFFFFFFFFFFFFFFFFFFFFF72
:208E2000FFFFFFFFFFFFFFFFFFFFFFFFFFFFFFFFFFFFFFFFFFFFFFFFFFFFFFFFFFFFFFFF52
:208E4000FFFFFFFFFFFFFFFFFFFFFFFFFFFFFFFFFFFFFFFFFFFFFFFFFFFFFFFFFFFFFFFF32
:208E6000FFFFFFFFFFFFFFFFFFFFFFFFFFFFFFFFFFFFFFFFFFFFFFFFFFFFFFFFFFFFFFFF12
:208E8000FFFFFFFFFFFFFFFFFFFFFFFFFFFFFFFFFFFFFFFFFFFFFFFFFFFFFFFFFFFFFFFFF2
:208EA000FFFFFFFFFFFFFFFFFFFFFFFFFFFFFFFFFFFFFFFFFFFFFFFFFFFFFFFFFFFFFFFFD2
:208EC000FFFFFFFFFFFFFFFFFFFFFFFFFFFFFFFFFFFFFFFFFFFFFFFFFFFFFFFFFFFFFFFFB2
:208EE000FFFFFFFFFFFFFFFFFFFFFFFFFFFFFFFFFFFFFFFFFFFFFFFFFFFFFFFFFFFFFFFF92
:208F0000FFFFFFFFFFFFFFFFFFFFFFFFFFFFFFFFFFFFFFFFFFFFFFFFFFFFFFFFFFFFFFFF71
:208F2000FFFFFFFFFFFFFFFFFFFFFFFFFFFFFFFFFFFFFFFFFFFFFFFFFFFFFFFFFFFFFFFF51
:208F4000FFFFFFFFFFFFFFFFFFFFFFFFFFFFFFFFFFFFFFFFFFFFFFFFFFFFFFFFFFFFFFFF31
:208F6000FFFFFFFFFFFFFFFFFFFFFFFFFFFFFFFFFFFFFFFFFFFFFFFFFFFFFFFFFFFFFFFF11
:208F8000FFFFFFFFFFFFFFFFFFFFFFFFFFFFFFFFFFFFFFFFFFFFFFFFFFFFFFFFFFFFFFFFF1
:208FA000FFFFFFFFFFFFFFFFFFFFFFFFFFFFFFFFFFFFFFFFFFFFFFFFFFFFFFFFFFFFFFFFD1
:208FC000FFFFFFFFFFFFFFFFFFFFFFFFFFFFFFFFFFFFFFFFFFFFFFFFFFFFFFFFFFFFFFFFB1
:208FE000FFFFFFFFFFFFFFFFFFFFFFFFFFFFFFFFFFFFFFFFFFFFFFFFFFFFFFFFFFFFFFFF91
:20900000FFFFFFFFFFFFFFFFFFFFFFFFFFFFFFFFFFFFFFFFFFFFFFFFFFFFFFFFFFFFFFFF70
:20902000FFFFFFFFFFFFFFFFFFFFFFFFFFFFFFFFFFFFFFFFFFFFFFFFFFFFFFFFFFFFFFFF50
:20904000FFFFFFFFFFFFFFFFFFFFFFFFFFFFFFFFFFFFFFFFFFFFFFFFFFFFFFFFFFFFFFFF30
:20906000FFFFFFFFFFFFFFFFFFFFFFFFFFFFFFFFFFFFFFFFFFFFFFFFFFFFFFFFFFFFFFFF10
:20908000FFFFFFFFFFFFFFFFFFFFFFFFFFFFFFFFFFFFFFFFFFFFFFFFFFFFFFFFFFFFFFFFF0
:2090A000FFFFFFFFFFFFFFFFFFFFFFFFFFFFFFFFFFFFFFFFFFFFFFFFFFFFFFFFFFFFFFFFD0
:2090C000FFFFFFFFFFFFFFFFFFFFFFFFFFFFFFFFFFFFFFFFFFFFFFFFFFFFFFFFFFFFFFFFB0
:2090E000FFFFFFFFFFFFFFFFFFFFFFFFFFFFFFFFFFFFFFFFFFFFFFFFFFFFFFFFFFFFFFFF90
:20910000FFFFFFFFFFFFFFFFFFFFFFFFFFFFFFFFFFFFFFFFFFFFFFFFFFFFFFFFFFFFFFFF6F
:20912000FFFFFFFFFFFFFFFFFFFFFFFFFFFFFFFFFFFFFFFFFFFFFFFFFFFFFFFFFFFFFFFF4F
:20914000FFFFFFFFFFFFFFFFFFFFFFFFFFFFFFFFFFFFFFFFFFFFFFFFFFFFFFFFFFFFFFFF2F
:20916000FFFFFFFFFFFFFFFFFFFFFFFFFFFFFFFFFFFFFFFFFFFFFFFFFFFFFFFFFFFFFFFF0F
:20918000FFFFFFFFFFFFFFFFFFFFFFFFFFFFFFFFFFFFFFFFFFFFFFFFFFFFFFFFFFFFFFFFEF
:2091A000FFFFFFFFFFFFFFFFFFFFFFFFFFFFFFFFFFFFFFFFFFFFFFFFFFFFFFFFFFFFFFFFCF
:2091C000FFFFFFFFFFFFFFFFFFFFFFFFFFFFFFFFFFFFFFFFFFFFFFFFFFFFFFFFFFFFFFFFAF
:2091E000FFFFFFFFFFFFFFFFFFFFFFFFFFFFFFFFFFFFFFFFFFFFFFFFFFFFFFFFFFFFFFFF8F
:20920000FFFFFFFFFFFFFFFFFFFFFFFFFFFFFFFFFFFFFFFFFFFFFFFFFFFFFFFFFFFFFFFF6E
:20922000FFFFFFFFFFFFFFFFFFFFFFFFFFFFFFFFFFFFFFFFFFFFFFFFFFFFFFFFFFFFFFFF4E
:20924000FFFFFFFFFFFFFFFFFFFFFFFFFFFFFFFFFFFFFFFFFFFFFFFFFFFFFFFFFFFFFFFF2E
:20926000FFFFFFFFFFFFFFFFFFFFFFFFFFFFFFFFFFFFFFFFFFFFFFFFFFFFFFFFFFFFFFFF0E
:20928000FFFFFFFFFFFFFFFFFFFFFFFFFFFFFFFFFFFFFFFFFFFFFFFFFFFFFFFFFFFFFFFFEE
:2092A000FFFFFFFFFFFFFFFFFFFFFFFFFFFFFFFFFFFFFFFFFFFFFFFFFFFFFFFFFFFFFFFFCE
:2092C000FFFFFFFFFFFFFFFFFFFFFFFFFFFFFFFFFFFFFFFFFFFFFFFFFFFFFFFFFFFFFFFFAE
:2092E000FFFFFFFFFFFFFFFFFFFFFFFFFFFFFFFFFFFFFFFFFFFFFFFFFFFFFFFFFFFFFFFF8E
:20930000FFFFFFFFFFFFFFFFFFFFFFFFFFFFFFFFFFFFFFFFFFFFFFFFFFFFFFFFFFFFFFFF6D
:20932000FFFFFFFFFFFFFFFFFFFFFFFFFFFFFFFFFFFFFFFFFFFFFFFFFFFFFFFFFFFFFFFF4D
:20934000FFFFFFFFFFFFFFFFFFFFFFFFFFFFFFFFFFFFFFFFFFFFFFFFFFFFFFFFFFFFFFFF2D
:20936000FFFFFFFFFFFFFFFFFFFFFFFFFFFFFFFFFFFFFFFFFFFFFFFFFFFFFFFFFFFFFFFF0D
:20938000FFFFFFFFFFFFFFFFFFFFFFFFFFFFFFFFFFFFFFFFFFFFFFFFFFFFFFFFFFFFFFFFED
:2093A000FFFFFFFFFFFFFFFFFFFFFFFFFFFFFFFFFFFFFFFFFFFFFFFFFFFFFFFFFFFFFFFFCD
:2093C000FFFFFFFFFFFFFFFFFFFFFFFFFFFFFFFFFFFFFFFFFFFFFFFFFFFFFFFFFFFFFFFFAD
:2093E000FFFFFFFFFFFFFFFFFFFFFFFFFFFFFFFFFFFFFFFFFFFFFFFFFFFFFFFFFFFFFFFF8D
:20940000FFFFFFFFFFFFFFFFFFFFFFFFFFFFFFFFFFFFFFFFFFFFFFFFFFFFFFFFFFFFFFFF6C
:20942000FFFFFFFFFFFFFFFFFFFFFFFFFFFFFFFFFFFFFFFFFFFFFFFFFFFFFFFFFFFFFFFF4C
:20944000FFFFFFFFFFFFFFFFFFFFFFFFFFFFFFFFFFFFFFFFFFFFFFFFFFFFFFFFFFFFFFFF2C
:20946000FFFFFFFFFFFFFFFFFFFFFFFFFFFFFFFFFFFFFFFFFFFFFFFFFFFFFFFFFFFFFFFF0C
:20948000FFFFFFFFFFFFFFFFFFFFFFFFFFFFFFFFFFFFFFFFFFFFFFFFFFFFFFFFFFFFFFFFEC
:2094A000FFFFFFFFFFFFFFFFFFFFFFFFFFFFFFFFFFFFFFFFFFFFFFFFFFFFFFFFFFFFFFFFCC
:2094C000FFFFFFFFFFFFFFFFFFFFFFFFFFFFFFFFFFFFFFFFFFFFFFFFFFFFFFFFFFFFFFFFAC
:2094E000FFFFFFFFFFFFFFFFFFFFFFFFFFFFFFFFFFFFFFFFFFFFFFFFFFFFFFFFFFFFFFFF8C
:20950000FFFFFFFFFFFFFFFFFFFFFFFFFFFFFFFFFFFFFFFFFFFFFFFFFFFFFFFFFFFFFFFF6B
:20952000FFFFFFFFFFFFFFFFFFFFFFFFFFFFFFFFFFFFFFFFFFFFFFFFFFFFFFFFFFFFFFFF4B
:20954000FFFFFFFFFFFFFFFFFFFFFFFFFFFFFFFFFFFFFFFFFFFFFFFFFFFFFFFFFFFFFFFF2B
:20956000FFFFFFFFFFFFFFFFFFFFFFFFFFFFFFFFFFFFFFFFFFFFFFFFFFFFFFFFFFFFFFFF0B
:20958000FFFFFFFFFFFFFFFFFFFFFFFFFFFFFFFFFFFFFFFFFFFFFFFFFFFFFFFFFFFFFFFFEB
:2095A000FFFFFFFFFFFFFFFFFFFFFFFFFFFFFFFFFFFFFFFFFFFFFFFFFFFFFFFFFFFFFFFFCB
:2095C000FFFFFFFFFFFFFFFFFFFFFFFFFFFFFFFFFFFFFFFFFFFFFFFFFFFFFFFFFFFFFFFFAB
:2095E000FFFFFFFFFFFFFFFFFFFFFFFFFFFFFFFFFFFFFFFFFFFFFFFFFFFFFFFFFFFFFFFF8B
:20960000FFFFFFFFFFFFFFFFFFFFFFFFFFFFFFFFFFFFFFFFFFFFFFFFFFFFFFFFFFFFFFFF6A
:20962000FFFFFFFFFFFFFFFFFFFFFFFFFFFFFFFFFFFFFFFFFFFFFFFFFFFFFFFFFFFFFFFF4A
:20964000FFFFFFFFFFFFFFFFFFFFFFFFFFFFFFFFFFFFFFFFFFFFFFFFFFFFFFFFFFFFFFFF2A
:20966000FFFFFFFFFFFFFFFFFFFFFFFFFFFFFFFFFFFFFFFFFFFFFFFFFFFFFFFFFFFFFFFF0A
:20968000FFFFFFFFFFFFFFFFFFFFFFFFFFFFFFFFFFFFFFFFFFFFFFFFFFFFFFFFFFFFFFFFEA
:2096A000FFFFFFFFFFFFFFFFFFFFFFFFFFFFFFFFFFFFFFFFFFFFFFFFFFFFFFFFFFFFFFFFCA
:2096C000FFFFFFFFFFFFFFFFFFFFFFFFFFFFFFFFFFFFFFFFFFFFFFFFFFFFFFFFFFFFFFFFAA
:2096E000FFFFFFFFFFFFFFFFFFFFFFFFFFFFFFFFFFFFFFFFFFFFFFFFFFFFFFFFFFFFFFFF8A
:20970000FFFFFFFFFFFFFFFFFFFFFFFFFFFFFFFFFFFFFFFFFFFFFFFFFFFFFFFFFFFFFFFF69
:20972000FFFFFFFFFFFFFFFFFFFFFFFFFFFFFFFFFFFFFFFFFFFFFFFFFFFFFFFFFFFFFFFF49
:20974000FFFFFFFFFFFFFFFFFFFFFFFFFFFFFFFFFFFFFFFFFFFFFFFFFFFFFFFFFFFFFFFF29
:20976000FFFFFFFFFFFFFFFFFFFFFFFFFFFFFFFFFFFFFFFFFFFFFFFFFFFFFFFFFFFFFFFF09
:20978000FFFFFFFFFFFFFFFFFFFFFFFFFFFFFFFFFFFFFFFFFFFFFFFFFFFFFFFFFFFFFFFFE9
:2097A000FFFFFFFFFFFFFFFFFFFFFFFFFFFFFFFFFFFFFFFFFFFFFFFFFFFFFFFFFFFFFFFFC9
:2097C000FFFFFFFFFFFFFFFFFFFFFFFFFFFFFFFFFFFFFFFFFFFFFFFFFFFFFFFFFFFFFFFFA9
:2097E000FFFFFFFFFFFFFFFFFFFFFFFFFFFFFFFFFFFFFFFFFFFFFFFFFFFFFFFFFFFFFFFF89
:20980000FFFFFFFFFFFFFFFFFFFFFFFFFFFFFFFFFFFFFFFFFFFFFFFFFFFFFFFFFFFFFFFF68
:20982000FFFFFFFFFFFFFFFFFFFFFFFFFFFFFFFFFFFFFFFFFFFFFFFFFFFFFFFFFFFFFFFF48
:20984000FFFFFFFFFFFFFFFFFFFFFFFFFFFFFFFFFFFFFFFFFFFFFFFFFFFFFFFFFFFFFFFF28
:20986000FFFFFFFFFFFFFFFFFFFFFFFFFFFFFFFFFFFFFFFFFFFFFFFFFFFFFFFFFFFFFFFF08
:20988000FFFFFFFFFFFFFFFFFFFFFFFFFFFFFFFFFFFFFFFFFFFFFFFFFFFFFFFFFFFFFFFFE8
:2098A000FFFFFFFFFFFFFFFFFFFFFFFFFFFFFFFFFFFFFFFFFFFFFFFFFFFFFFFFFFFFFFFFC8
:2098C000FFFFFFFFFFFFFFFFFFFFFFFFFFFFFFFFFFFFFFFFFFFFFFFFFFFFFFFFFFFFFFFFA8
:2098E000FFFFFFFFFFFFFFFFFFFFFFFFFFFFFFFFFFFFFFFFFFFFFFFFFFFFFFFFFFFFFFFF88
:20990000FFFFFFFFFFFFFFFFFFFFFFFFFFFFFFFFFFFFFFFFFFFFFFFFFFFFFFFFFFFFFFFF67
:20992000FFFFFFFFFFFFFFFFFFFFFFFFFFFFFFFFFFFFFFFFFFFFFFFFFFFFFFFFFFFFFFFF47
:20994000FFFFFFFFFFFFFFFFFFFFFFFFFFFFFFFFFFFFFFFFFFFFFFFFFFFFFFFFFFFFFFFF27
:20996000FFFFFFFFFFFFFFFFFFFFFFFFFFFFFFFFFFFFFFFFFFFFFFFFFFFFFFFFFFFFFFFF07
:20998000FFFFFFFFFFFFFFFFFFFFFFFFFFFFFFFFFFFFFFFFFFFFFFFFFFFFFFFFFFFFFFFFE7
:2099A000FFFFFFFFFFFFFFFFFFFFFFFFFFFFFFFFFFFFFFFFFFFFFFFFFFFFFFFFFFFFFFFFC7
:2099C000FFFFFFFFFFFFFFFFFFFFFFFFFFFFFFFFFFFFFFFFFFFFFFFFFFFFFFFFFFFFFFFFA7
:2099E000FFFFFFFFFFFFFFFFFFFFFFFFFFFFFFFFFFFFFFFFFFFFFFFFFFFFFFFFFFFFFFFF87
:209A0000FFFFFFFFFFFFFFFFFFFFFFFFFFFFFFFFFFFFFFFFFFFFFFFFFFFFFFFFFFFFFFFF66
:209A2000FFFFFFFFFFFFFFFFFFFFFFFFFFFFFFFFFFFFFFFFFFFFFFFFFFFFFFFFFFFFFFFF46
:209A4000FFFFFFFFFFFFFFFFFFFFFFFFFFFFFFFFFFFFFFFFFFFFFFFFFFFFFFFFFFFFFFFF26
:209A6000FFFFFFFFFFFFFFFFFFFFFFFFFFFFFFFFFFFFFFFFFFFFFFFFFFFFFFFFFFFFFFFF06
:209A8000FFFFFFFFFFFFFFFFFFFFFFFFFFFFFFFFFFFFFFFFFFFFFFFFFFFFFFFFFFFFFFFFE6
:209AA000FFFFFFFFFFFFFFFFFFFFFFFFFFFFFFFFFFFFFFFFFFFFFFFFFFFFFFFFFFFFFFFFC6
:209AC000FFFFFFFFFFFFFFFFFFFFFFFFFFFFFFFFFFFFFFFFFFFFFFFFFFFFFFFFFFFFFFFFA6
:209AE000FFFFFFFFFFFFFFFFFFFFFFFFFFFFFFFFFFFFFFFFFFFFFFFFFFFFFFFFFFFFFFFF86
:209B0000FFFFFFFFFFFFFFFFFFFFFFFFFFFFFFFFFFFFFFFFFFFFFFFFFFFFFFFFFFFFFFFF65
:209B2000FFFFFFFFFFFFFFFFFFFFFFFFFFFFFFFFFFFFFFFFFFFFFFFFFFFFFFFFFFFFFFFF45
:209B4000FFFFFFFFFFFFFFFFFFFFFFFFFFFFFFFFFFFFFFFFFFFFFFFFFFFFFFFFFFFFFFFF25
:209B6000FFFFFFFFFFFFFFFFFFFFFFFFFFFFFFFFFFFFFFFFFFFFFFFFFFFFFFFFFFFFFFFF05
:209B8000FFFFFFFFFFFFFFFFFFFFFFFFFFFFFFFFFFFFFFFFFFFFFFFFFFFFFFFFFFFFFFFFE5
:209BA000FFFFFFFFFFFFFFFFFFFFFFFFFFFFFFFFFFFFFFFFFFFFFFFFFFFFFFFFFFFFFFFFC5
:209BC000FFFFFFFFFFFFFFFFFFFFFFFFFFFFFFFFFFFFFFFFFFFFFFFFFFFFFFFFFFFFFFFFA5
:209BE000FFFFFFFFFFFFFFFFFFFFFFFFFFFFFFFFFFFFFFFFFFFFFFFFFFFFFFFFFFFFFFFF85
:209C0000FFFFFFFFFFFFFFFFFFFFFFFFFFFFFFFFFFFFFFFFFFFFFFFFFFFFFFFFFFFFFFFF64
:209C2000FFFFFFFFFFFFFFFFFFFFFFFFFFFFFFFFFFFFFFFFFFFFFFFFFFFFFFFFFFFFFFFF44
:209C4000FFFFFFFFFFFFFFFFFFFFFFFFFFFFFFFFFFFFFFFFFFFFFFFFFFFFFFFFFFFFFFFF24
:209C6000FFFFFFFFFFFFFFFFFFFFFFFFFFFFFFFFFFFFFFFFFFFFFFFFFFFFFFFFFFFFFFFF04
:209C8000FFFFFFFFFFFFFFFFFFFFFFFFFFFFFFFFFFFFFFFFFFFFFFFFFFFFFFFFFFFFFFFFE4
:209CA000FFFFFFFFFFFFFFFFFFFFFFFFFFFFFFFFFFFFFFFFFFFFFFFFFFFFFFFFFFFFFFFFC4
:209CC000FFFFFFFFFFFFFFFFFFFFFFFFFFFFFFFFFFFFFFFFFFFFFFFFFFFFFFFFFFFFFFFFA4
:209CE000FFFFFFFFFFFFFFFFFFFFFFFFFFFFFFFFFFFFFFFFFFFFFFFFFFFFFFFFFFFFFFFF84
:209D0000FFFFFFFFFFFFFFFFFFFFFFFFFFFFFFFFFFFFFFFFFFFFFFFFFFFFFFFFFFFFFFFF63
:209D2000FFFFFFFFFFFFFFFFFFFFFFFFFFFFFFFFFFFFFFFFFFFFFFFFFFFFFFFFFFFFFFFF43
:209D4000FFFFFFFFFFFFFFFFFFFFFFFFFFFFFFFFFFFFFFFFFFFFFFFFFFFFFFFFFFFFFFFF23
:209D6000FFFFFFFFFFFFFFFFFFFFFFFFFFFFFFFFFFFFFFFFFFFFFFFFFFFFFFFFFFFFFFFF03
:209D8000FFFFFFFFFFFFFFFFFFFFFFFFFFFFFFFFFFFFFFFFFFFFFFFFFFFFFFFFFFFFFFFFE3
:209DA000FFFFFFFFFFFFFFFFFFFFFFFFFFFFFFFFFFFFFFFFFFFFFFFFFFFFFFFFFFFFFFFFC3
:209DC000FFFFFFFFFFFFFFFFFFFFFFFFFFFFFFFFFFFFFFFFFFFFFFFFFFFFFFFFFFFFFFFFA3
:209DE000FFFFFFFFFFFFFFFFFFFFFFFFFFFFFFFFFFFFFFFFFFFFFFFFFFFFFFFFFFFFFFFF83
:209E0000FFFFFFFFFFFFFFFFFFFFFFFFFFFFFFFFFFFFFFFFFFFFFFFFFFFFFFFFFFFFFFFF62
:209E2000FFFFFFFFFFFFFFFFFFFFFFFFFFFFFFFFFFFFFFFFFFFFFFFFFFFFFFFFFFFFFFFF42
:209E4000FFFFFFFFFFFFFFFFFFFFFFFFFFFFFFFFFFFFFFFFFFFFFFFFFFFFFFFFFFFFFFFF22
:209E6000FFFFFFFFFFFFFFFFFFFFFFFFFFFFFFFFFFFFFFFFFFFFFFFFFFFFFFFFFFFFFFFF02
:209E8000FFFFFFFFFFFFFFFFFFFFFFFFFFFFFFFFFFFFFFFFFFFFFFFFFFFFFFFFFFFFFFFFE2
:209EA000FFFFFFFFFFFFFFFFFFFFFFFFFFFFFFFFFFFFFFFFFFFFFFFFFFFFFFFFFFFFFFFFC2
:209EC000FFFFFFFFFFFFFFFFFFFFFFFFFFFFFFFFFFFFFFFFFFFFFFFFFFFFFFFFFFFFFFFFA2
:209EE000FFFFFFFFFFFFFFFFFFFFFFFFFFFFFFFFFFFFFFFFFFFFFFFFFFFFFFFFFFFFFFFF82
:209F0000FFFFFFFFFFFFFFFFFFFFFFFFFFFFFFFFFFFFFFFFFFFFFFFFFFFFFFFFFFFFFFFF61
:209F2000FFFFFFFFFFFFFFFFFFFFFFFFFFFFFFFFFFFFFFFFFFFFFFFFFFFFFFFFFFFFFFFF41
:209F4000FFFFFFFFFFFFFFFFFFFFFFFFFFFFFFFFFFFFFFFFFFFFFFFFFFFFFFFFFFFFFFFF21
:209F6000FFFFFFFFFFFFFFFFFFFFFFFFFFFFFFFFFFFFFFFFFFFFFFFFFFFFFFFFFFFFFFFF01
:209F8000FFFFFFFFFFFFFFFFFFFFFFFFFFFFFFFFFFFFFFFFFFFFFFFFFFFFFFFFFFFFFFFFE1
:209FA000FFFFFFFFFFFFFFFFFFFFFFFFFFFFFFFFFFFFFFFFFFFFFFFFFFFFFFFFFFFFFFFFC1
:209FC000FFFFFFFFFFFFFFFFFFFFFFFFFFFFFFFFFFFFFFFFFFFFFFFFFFFFFFFFFFFFFFFFA1
:209FE000FFFFFFFFFFFFFFFFFFFFFFFFFFFFFFFFFFFFFFFFFFFFFFFFFFFFFFFFFFFFFFFF81
:20A00000FFFFFFFFFFFFFFFFFFFFFFFFFFFFFFFFFFFFFFFFFFFFFFFFFFFFFFFFFFFFFFFF60
:20A02000FFFFFFFFFFFFFFFFFFFFFFFFFFFFFFFFFFFFFFFFFFFFFFFFFFFFFFFFFFFFFFFF40
:20A04000FFFFFFFFFFFFFFFFFFFFFFFFFFFFFFFFFFFFFFFFFFFFFFFFFFFFFFFFFFFFFFFF20
:20A06000FFFFFFFFFFFFFFFFFFFFFFFFFFFFFFFFFFFFFFFFFFFFFFFFFFFFFFFFFFFFFFFF00
:20A08000FFFFFFFFFFFFFFFFFFFFFFFFFFFFFFFFFFFFFFFFFFFFFFFFFFFFFFFFFFFFFFFFE0
:20A0A000FFFFFFFFFFFFFFFFFFFFFFFFFFFFFFFFFFFFFFFFFFFFFFFFFFFFFFFFFFFFFFFFC0
:20A0C000FFFFFFFFFFFFFFFFFFFFFFFFFFFFFFFFFFFFFFFFFFFFFFFFFFFFFFFFFFFFFFFFA0
:20A0E000FFFFFFFFFFFFFFFFFFFFFFFFFFFFFFFFFFFFFFFFFFFFFFFFFFFFFFFFFFFFFFFF80
:20A10000FFFFFFFFFFFFFFFFFFFFFFFFFFFFFFFFFFFFFFFFFFFFFFFFFFFFFFFFFFFFFFFF5F
:20A12000FFFFFFFFFFFFFFFFFFFFFFFFFFFFFFFFFFFFFFFFFFFFFFFFFFFFFFFFFFFFFFFF3F
:20A14000FFFFFFFFFFFFFFFFFFFFFFFFFFFFFFFFFFFFFFFFFFFFFFFFFFFFFFFFFFFFFFFF1F
:20A16000FFFFFFFFFFFFFFFFFFFFFFFFFFFFFFFFFFFFFFFFFFFFFFFFFFFFFFFFFFFFFFFFFF
:20A18000FFFFFFFFFFFFFFFFFFFFFFFFFFFFFFFFFFFFFFFFFFFFFFFFFFFFFFFFFFFFFFFFDF
:20A1A000FFFFFFFFFFFFFFFFFFFFFFFFFFFFFFFFFFFFFFFFFFFFFFFFFFFFFFFFFFFFFFFFBF
:20A1C000FFFFFFFFFFFFFFFFFFFFFFFFFFFFFFFFFFFFFFFFFFFFFFFFFFFFFFFFFFFFFFFF9F
:20A1E000FFFFFFFFFFFFFFFFFFFFFFFFFFFFFFFFFFFFFFFFFFFFFFFFFFFFFFFFFFFFFFFF7F
:20A20000FFFFFFFFFFFFFFFFFFFFFFFFFFFFFFFFFFFFFFFFFFFFFFFFFFFFFFFFFFFFFFFF5E
:20A22000FFFFFFFFFFFFFFFFFFFFFFFFFFFFFFFFFFFFFFFFFFFFFFFFFFFFFFFFFFFFFFFF3E
:20A24000FFFFFFFFFFFFFFFFFFFFFFFFFFFFFFFFFFFFFFFFFFFFFFFFFFFFFFFFFFFFFFFF1E
:20A26000FFFFFFFFFFFFFFFFFFFFFFFFFFFFFFFFFFFFFFFFFFFFFFFFFFFFFFFFFFFFFFFFFE
:20A28000FFFFFFFFFFFFFFFFFFFFFFFFFFFFFFFFFFFFFFFFFFFFFFFFFFFFFFFFFFFFFFFFDE
:20A2A000FFFFFFFFFFFFFFFFFFFFFFFFFFFFFFFFFFFFFFFFFFFFFFFFFFFFFFFFFFFFFFFFBE
:20A2C000FFFFFFFFFFFFFFFFFFFFFFFFFFFFFFFFFFFFFFFFFFFFFFFFFFFFFFFFFFFFFFFF9E
:20A2E000FFFFFFFFFFFFFFFFFFFFFFFFFFFFFFFFFFFFFFFFFFFFFFFFFFFFFFFFFFFFFFFF7E
:20A30000FFFFFFFFFFFFFFFFFFFFFFFFFFFFFFFFFFFFFFFFFFFFFFFFFFFFFFFFFFFFFFFF5D
:20A32000FFFFFFFFFFFFFFFFFFFFFFFFFFFFFFFFFFFFFFFFFFFFFFFFFFFFFFFFFFFFFFFF3D
:20A34000FFFFFFFFFFFFFFFFFFFFFFFFFFFFFFFFFFFFFFFFFFFFFFFFFFFFFFFFFFFFFFFF1D
:20A36000FFFFFFFFFFFFFFFFFFFFFFFFFFFFFFFFFFFFFFFFFFFFFFFFFFFFFFFFFFFFFFFFFD
:20A38000FFFFFFFFFFFFFFFFFFFFFFFFFFFFFFFFFFFFFFFFFFFFFFFFFFFFFFFFFFFFFFFFDD
:20A3A000FFFFFFFFFFFFFFFFFFFFFFFFFFFFFFFFFFFFFFFFFFFFFFFFFFFFFFFFFFFFFFFFBD
:20A3C000FFFFFFFFFFFFFFFFFFFFFFFFFFFFFFFFFFFFFFFFFFFFFFFFFFFFFFFFFFFFFFFF9D
:20A3E000FFFFFFFFFFFFFFFFFFFFFFFFFFFFFFFFFFFFFFFFFFFFFFFFFFFFFFFFFFFFFFFF7D
:20A40000FFFFFFFFFFFFFFFFFFFFFFFFFFFFFFFFFFFFFFFFFFFFFFFFFFFFFFFFFFFFFFFF5C
:20A42000FFFFFFFFFFFFFFFFFFFFFFFFFFFFFFFFFFFFFFFFFFFFFFFFFFFFFFFFFFFFFFFF3C
:20A44000FFFFFFFFFFFFFFFFFFFFFFFFFFFFFFFFFFFFFFFFFFFFFFFFFFFFFFFFFFFFFFFF1C
:20A46000FFFFFFFFFFFFFFFFFFFFFFFFFFFFFFFFFFFFFFFFFFFFFFFFFFFFFFFFFFFFFFFFFC
:20A48000FFFFFFFFFFFFFFFFFFFFFFFFFFFFFFFFFFFFFFFFFFFFFFFFFFFFFFFFFFFFFFFFDC
:20A4A000FFFFFFFFFFFFFFFFFFFFFFFFFFFFFFFFFFFFFFFFFFFFFFFFFFFFFFFFFFFFFFFFBC
:20A4C000FFFFFFFFFFFFFFFFFFFFFFFFFFFFFFFFFFFFFFFFFFFFFFFFFFFFFFFFFFFFFFFF9C
:20A4E000FFFFFFFFFFFFFFFFFFFFFFFFFFFFFFFFFFFFFFFFFFFFFFFFFFFFFFFFFFFFFFFF7C
:20A50000FFFFFFFFFFFFFFFFFFFFFFFFFFFFFFFFFFFFFFFFFFFFFFFFFFFFFFFFFFFFFFFF5B
:20A52000FFFFFFFFFFFFFFFFFFFFFFFFFFFFFFFFFFFFFFFFFFFFFFFFFFFFFFFFFFFFFFFF3B
:20A54000FFFFFFFFFFFFFFFFFFFFFFFFFFFFFFFFFFFFFFFFFFFFFFFFFFFFFFFFFFFFFFFF1B
:20A56000FFFFFFFFFFFFFFFFFFFFFFFFFFFFFFFFFFFFFFFFFFFFFFFFFFFFFFFFFFFFFFFFFB
:20A58000FFFFFFFFFFFFFFFFFFFFFFFFFFFFFFFFFFFFFFFFFFFFFFFFFFFFFFFFFFFFFFFFDB
:20A5A000FFFFFFFFFFFFFFFFFFFFFFFFFFFFFFFFFFFFFFFFFFFFFFFFFFFFFFFFFFFFFFFFBB
:20A5C000FFFFFFFFFFFFFFFFFFFFFFFFFFFFFFFFFFFFFFFFFFFFFFFFFFFFFFFFFFFFFFFF9B
:20A5E000FFFFFFFFFFFFFFFFFFFFFFFFFFFFFFFFFFFFFFFFFFFFFFFFFFFFFFFFFFFFFFFF7B
:20A60000FFFFFFFFFFFFFFFFFFFFFFFFFFFFFFFFFFFFFFFFFFFFFFFFFFFFFFFFFFFFFFFF5A
:20A62000FFFFFFFFFFFFFFFFFFFFFFFFFFFFFFFFFFFFFFFFFFFFFFFFFFFFFFFFFFFFFFFF3A
:20A64000FFFFFFFFFFFFFFFFFFFFFFFFFFFFFFFFFFFFFFFFFFFFFFFFFFFFFFFFFFFFFFFF1A
:20A66000FFFFFFFFFFFFFFFFFFFFFFFFFFFFFFFFFFFFFFFFFFFFFFFFFFFFFFFFFFFFFFFFFA
:20A68000FFFFFFFFFFFFFFFFFFFFFFFFFFFFFFFFFFFFFFFFFFFFFFFFFFFFFFFFFFFFFFFFDA
:20A6A000FFFFFFFFFFFFFFFFFFFFFFFFFFFFFFFFFFFFFFFFFFFFFFFFFFFFFFFFFFFFFFFFBA
:20A6C000FFFFFFFFFFFFFFFFFFFFFFFFFFFFFFFFFFFFFFFFFFFFFFFFFFFFFFFFFFFFFFFF9A
:20A6E000FFFFFFFFFFFFFFFFFFFFFFFFFFFFFFFFFFFFFFFFFFFFFFFFFFFFFFFFFFFFFFFF7A
:20A70000FFFFFFFFFFFFFFFFFFFFFFFFFFFFFFFFFFFFFFFFFFFFFFFFFFFFFFFFFFFFFFFF59
:20A72000FFFFFFFFFFFFFFFFFFFFFFFFFFFFFFFFFFFFFFFFFFFFFFFFFFFFFFFFFFFFFFFF39
:20A74000FFFFFFFFFFFFFFFFFFFFFFFFFFFFFFFFFFFFFFFFFFFFFFFFFFFFFFFFFFFFFFFF19
:20A76000FFFFFFFFFFFFFFFFFFFFFFFFFFFFFFFFFFFFFFFFFFFFFFFFFFFFFFFFFFFFFFFFF9
:20A78000FFFFFFFFFFFFFFFFFFFFFFFFFFFFFFFFFFFFFFFFFFFFFFFFFFFFFFFFFFFFFFFFD9
:20A7A000FFFFFFFFFFFFFFFFFFFFFFFFFFFFFFFFFFFFFFFFFFFFFFFFFFFFFFFFFFFFFFFFB9
:20A7C000FFFFFFFFFFFFFFFFFFFFFFFFFFFFFFFFFFFFFFFFFFFFFFFFFFFFFFFFFFFFFFFF99
:20A7E000FFFFFFFFFFFFFFFFFFFFFFFFFFFFFFFFFFFFFFFFFFFFFFFFFFFFFFFFFFFFFFFF79
:20A80000FFFFFFFFFFFFFFFFFFFFFFFFFFFFFFFFFFFFFFFFFFFFFFFFFFFFFFFFFFFFFFFF58
:20A82000FFFFFFFFFFFFFFFFFFFFFFFFFFFFFFFFFFFFFFFFFFFFFFFFFFFFFFFFFFFFFFFF38
:20A84000FFFFFFFFFFFFFFFFFFFFFFFFFFFFFFFFFFFFFFFFFFFFFFFFFFFFFFFFFFFFFFFF18
:20A86000FFFFFFFFFFFFFFFFFFFFFFFFFFFFFFFFFFFFFFFFFFFFFFFFFFFFFFFFFFFFFFFFF8
:20A88000FFFFFFFFFFFFFFFFFFFFFFFFFFFFFFFFFFFFFFFFFFFFFFFFFFFFFFFFFFFFFFFFD8
:20A8A000FFFFFFFFFFFFFFFFFFFFFFFFFFFFFFFFFFFFFFFFFFFFFFFFFFFFFFFFFFFFFFFFB8
:20A8C000FFFFFFFFFFFFFFFFFFFFFFFFFFFFFFFFFFFFFFFFFFFFFFFFFFFFFFFFFFFFFFFF98
:20A8E000FFFFFFFFFFFFFFFFFFFFFFFFFFFFFFFFFFFFFFFFFFFFFFFFFFFFFFFFFFFFFFFF78
:20A90000FFFFFFFFFFFFFFFFFFFFFFFFFFFFFFFFFFFFFFFFFFFFFFFFFFFFFFFFFFFFFFFF57
:20A92000FFFFFFFFFFFFFFFFFFFFFFFFFFFFFFFFFFFFFFFFFFFFFFFFFFFFFFFFFFFFFFFF37
:20A94000FFFFFFFFFFFFFFFFFFFFFFFFFFFFFFFFFFFFFFFFFFFFFFFFFFFFFFFFFFFFFFFF17
:20A96000FFFFFFFFFFFFFFFFFFFFFFFFFFFFFFFFFFFFFFFFFFFFFFFFFFFFFFFFFFFFFFFFF7
:20A98000FFFFFFFFFFFFFFFFFFFFFFFFFFFFFFFFFFFFFFFFFFFFFFFFFFFFFFFFFFFFFFFFD7
:20A9A000FFFFFFFFFFFFFFFFFFFFFFFFFFFFFFFFFFFFFFFFFFFFFFFFFFFFFFFFFFFFFFFFB7
:20A9C000FFFFFFFFFFFFFFFFFFFFFFFFFFFFFFFFFFFFFFFFFFFFFFFFFFFFFFFFFFFFFFFF97
:20A9E000FFFFFFFFFFFFFFFFFFFFFFFFFFFFFFFFFFFFFFFFFFFFFFFFFFFFFFFFFFFFFFFF77
:20AA0000FFFFFFFFFFFFFFFFFFFFFFFFFFFFFFFFFFFFFFFFFFFFFFFFFFFFFFFFFFFFFFFF56
:20AA2000FFFFFFFFFFFFFFFFFFFFFFFFFFFFFFFFFFFFFFFFFFFFFFFFFFFFFFFFFFFFFFFF36
:20AA4000FFFFFFFFFFFFFFFFFFFFFFFFFFFFFFFFFFFFFFFFFFFFFFFFFFFFFFFFFFFFFFFF16
:20AA6000FFFFFFFFFFFFFFFFFFFFFFFFFFFFFFFFFFFFFFFFFFFFFFFFFFFFFFFFFFFFFFFFF6
:20AA8000FFFFFFFFFFFFFFFFFFFFFFFFFFFFFFFFFFFFFFFFFFFFFFFFFFFFFFFFFFFFFFFFD6
:20AAA000FFFFFFFFFFFFFFFFFFFFFFFFFFFFFFFFFFFFFFFFFFFFFFFFFFFFFFFFFFFFFFFFB6
:20AAC000FFFFFFFFFFFFFFFFFFFFFFFFFFFFFFFFFFFFFFFFFFFFFFFFFFFFFFFFFFFFFFFF96
:20AAE000FFFFFFFFFFFFFFFFFFFFFFFFFFFFFFFFFFFFFFFFFFFFFFFFFFFFFFFFFFFFFFFF76
:20AB0000FFFFFFFFFFFFFFFFFFFFFFFFFFFFFFFFFFFFFFFFFFFFFFFFFFFFFFFFFFFFFFFF55
:20AB2000FFFFFFFFFFFFFFFFFFFFFFFFFFFFFFFFFFFFFFFFFFFFFFFFFFFFFFFFFFFFFFFF35
:20AB4000FFFFFFFFFFFFFFFFFFFFFFFFFFFFFFFFFFFFFFFFFFFFFFFFFFFFFFFFFFFFFFFF15
:20AB6000FFFFFFFFFFFFFFFFFFFFFFFFFFFFFFFFFFFFFFFFFFFFFFFFFFFFFFFFFFFFFFFFF5
:20AB8000FFFFFFFFFFFFFFFFFFFFFFFFFFFFFFFFFFFFFFFFFFFFFFFFFFFFFFFFFFFFFFFFD5
:20ABA000FFFFFFFFFFFFFFFFFFFFFFFFFFFFFFFFFFFFFFFFFFFFFFFFFFFFFFFFFFFFFFFFB5
:20ABC000FFFFFFFFFFFFFFFFFFFFFFFFFFFFFFFFFFFFFFFFFFFFFFFFFFFFFFFFFFFFFFFF95
:20ABE000FFFFFFFFFFFFFFFFFFFFFFFFFFFFFFFFFFFFFFFFFFFFFFFFFFFFFFFFFFFFFFFF75
:20AC0000FFFFFFFFFFFFFFFFFFFFFFFFFFFFFFFFFFFFFFFFFFFFFFFFFFFFFFFFFFFFFFFF54
:20AC2000FFFFFFFFFFFFFFFFFFFFFFFFFFFFFFFFFFFFFFFFFFFFFFFFFFFFFFFFFFFFFFFF34
:20AC4000FFFFFFFFFFFFFFFFFFFFFFFFFFFFFFFFFFFFFFFFFFFFFFFFFFFFFFFFFFFFFFFF14
:20AC6000FFFFFFFFFFFFFFFFFFFFFFFFFFFFFFFFFFFFFFFFFFFFFFFFFFFFFFFFFFFFFFFFF4
:20AC8000FFFFFFFFFFFFFFFFFFFFFFFFFFFFFFFFFFFFFFFFFFFFFFFFFFFFFFFFFFFFFFFFD4
:20ACA000FFFFFFFFFFFFFFFFFFFFFFFFFFFFFFFFFFFFFFFFFFFFFFFFFFFFFFFFFFFFFFFFB4
:20ACC000FFFFFFFFFFFFFFFFFFFFFFFFFFFFFFFFFFFFFFFFFFFFFFFFFFFFFFFFFFFFFFFF94
:20ACE000FFFFFFFFFFFFFFFFFFFFFFFFFFFFFFFFFFFFFFFFFFFFFFFFFFFFFFFFFFFFFFFF74
:20AD0000FFFFFFFFFFFFFFFFFFFFFFFFFFFFFFFFFFFFFFFFFFFFFFFFFFFFFFFFFFFFFFFF53
:20AD2000FFFFFFFFFFFFFFFFFFFFFFFFFFFFFFFFFFFFFFFFFFFFFFFFFFFFFFFFFFFFFFFF33
:20AD4000FFFFFFFFFFFFFFFFFFFFFFFFFFFFFFFFFFFFFFFFFFFFFFFFFFFFFFFFFFFFFFFF13
:20AD6000FFFFFFFFFFFFFFFFFFFFFFFFFFFFFFFFFFFFFFFFFFFFFFFFFFFFFFFFFFFFFFFFF3
:20AD8000FFFFFFFFFFFFFFFFFFFFFFFFFFFFFFFFFFFFFFFFFFFFFFFFFFFFFFFFFFFFFFFFD3
:20ADA000FFFFFFFFFFFFFFFFFFFFFFFFFFFFFFFFFFFFFFFFFFFFFFFFFFFFFFFFFFFFFFFFB3
:20ADC000FFFFFFFFFFFFFFFFFFFFFFFFFFFFFFFFFFFFFFFFFFFFFFFFFFFFFFFFFFFFFFFF93
:20ADE000FFFFFFFFFFFFFFFFFFFFFFFFFFFFFFFFFFFFFFFFFFFFFFFFFFFFFFFFFFFFFFFF73
:20AE0000FFFFFFFFFFFFFFFFFFFFFFFFFFFFFFFFFFFFFFFFFFFFFFFFFFFFFFFFFFFFFFFF52
:20AE2000FFFFFFFFFFFFFFFFFFFFFFFFFFFFFFFFFFFFFFFFFFFFFFFFFFFFFFFFFFFFFFFF32
:20AE4000FFFFFFFFFFFFFFFFFFFFFFFFFFFFFFFFFFFFFFFFFFFFFFFFFFFFFFFFFFFFFFFF12
:20AE6000FFFFFFFFFFFFFFFFFFFFFFFFFFFFFFFFFFFFFFFFFFFFFFFFFFFFFFFFFFFFFFFFF2
:20AE8000FFFFFFFFFFFFFFFFFFFFFFFFFFFFFFFFFFFFFFFFFFFFFFFFFFFFFFFFFFFFFFFFD2
:20AEA000FFFFFFFFFFFFFFFFFFFFFFFFFFFFFFFFFFFFFFFFFFFFFFFFFFFFFFFFFFFFFFFFB2
:20AEC000FFFFFFFFFFFFFFFFFFFFFFFFFFFFFFFFFFFFFFFFFFFFFFFFFFFFFFFFFFFFFFFF92
:20AEE000FFFFFFFFFFFFFFFFFFFFFFFFFFFFFFFFFFFFFFFFFFFFFFFFFFFFFFFFFFFFFFFF72
:20AF0000FFFFFFFFFFFFFFFFFFFFFFFFFFFFFFFFFFFFFFFFFFFFFFFFFFFFFFFFFFFFFFFF51
:20AF2000FFFFFFFFFFFFFFFFFFFFFFFFFFFFFFFFFFFFFFFFFFFFFFFFFFFFFFFFFFFFFFFF31
:20AF4000FFFFFFFFFFFFFFFFFFFFFFFFFFFFFFFFFFFFFFFFFFFFFFFFFFFFFFFFFFFFFFFF11
:20AF6000FFFFFFFFFFFFFFFFFFFFFFFFFFFFFFFFFFFFFFFFFFFFFFFFFFFFFFFFFFFFFFFFF1
:20AF8000FFFFFFFFFFFFFFFFFFFFFFFFFFFFFFFFFFFFFFFFFFFFFFFFFFFFFFFFFFFFFFFFD1
:20AFA000FFFFFFFFFFFFFFFFFFFFFFFFFFFFFFFFFFFFFFFFFFFFFFFFFFFFFFFFFFFFFFFFB1
:20AFC000FFFFFFFFFFFFFFFFFFFFFFFFFFFFFFFFFFFFFFFFFFFFFFFFFFFFFFFFFFFFFFFF91
:20AFE000FFFFFFFFFFFFFFFFFFFFFFFFFFFFFFFFFFFFFFFFFFFFFFFFFFFFFFFFFFFFFFFF71
:20B00000FFFFFFFFFFFFFFFFFFFFFFFFFFFFFFFFFFFFFFFFFFFFFFFFFFFFFFFFFFFFFFFF50
:20B02000FFFFFFFFFFFFFFFFFFFFFFFFFFFFFFFFFFFFFFFFFFFFFFFFFFFFFFFFFFFFFFFF30
:20B04000FFFFFFFFFFFFFFFFFFFFFFFFFFFFFFFFFFFFFFFFFFFFFFFFFFFFFFFFFFFFFFFF10
:20B06000FFFFFFFFFFFFFFFFFFFFFFFFFFFFFFFFFFFFFFFFFFFFFFFFFFFFFFFFFFFFFFFFF0
:20B08000FFFFFFFFFFFFFFFFFFFFFFFFFFFFFFFFFFFFFFFFFFFFFFFFFFFFFFFFFFFFFFFFD0
:20B0A000FFFFFFFFFFFFFFFFFFFFFFFFFFFFFFFFFFFFFFFFFFFFFFFFFFFFFFFFFFFFFFFFB0
:20B0C000FFFFFFFFFFFFFFFFFFFFFFFFFFFFFFFFFFFFFFFFFFFFFFFFFFFFFFFFFFFFFFFF90
:20B0E000FFFFFFFFFFFFFFFFFFFFFFFFFFFFFFFFFFFFFFFFFFFFFFFFFFFFFFFFFFFFFFFF70
:20B10000FFFFFFFFFFFFFFFFFFFFFFFFFFFFFFFFFFFFFFFFFFFFFFFFFFFFFFFFFFFFFFFF4F
:20B12000FFFFFFFFFFFFFFFFFFFFFFFFFFFFFFFFFFFFFFFFFFFFFFFFFFFFFFFFFFFFFFFF2F
:20B14000FFFFFFFFFFFFFFFFFFFFFFFFFFFFFFFFFFFFFFFFFFFFFFFFFFFFFFFFFFFFFFFF0F
:20B16000FFFFFFFFFFFFFFFFFFFFFFFFFFFFFFFFFFFFFFFFFFFFFFFFFFFFFFFFFFFFFFFFEF
:20B18000FFFFFFFFFFFFFFFFFFFFFFFFFFFFFFFFFFFFFFFFFFFFFFFFFFFFFFFFFFFFFFFFCF
:20B1A000FFFFFFFFFFFFFFFFFFFFFFFFFFFFFFFFFFFFFFFFFFFFFFFFFFFFFFFFFFFFFFFFAF
:20B1C000FFFFFFFFFFFFFFFFFFFFFFFFFFFFFFFFFFFFFFFFFFFFFFFFFFFFFFFFFFFFFFFF8F
:20B1E000FFFFFFFFFFFFFFFFFFFFFFFFFFFFFFFFFFFFFFFFFFFFFFFFFFFFFFFFFFFFFFFF6F
:20B20000FFFFFFFFFFFFFFFFFFFFFFFFFFFFFFFFFFFFFFFFFFFFFFFFFFFFFFFFFFFFFFFF4E
:20B22000FFFFFFFFFFFFFFFFFFFFFFFFFFFFFFFFFFFFFFFFFFFFFFFFFFFFFFFFFFFFFFFF2E
:20B24000FFFFFFFFFFFFFFFFFFFFFFFFFFFFFFFFFFFFFFFFFFFFFFFFFFFFFFFFFFFFFFFF0E
:20B26000FFFFFFFFFFFFFFFFFFFFFFFFFFFFFFFFFFFFFFFFFFFFFFFFFFFFFFFFFFFFFFFFEE
:20B28000FFFFFFFFFFFFFFFFFFFFFFFFFFFFFFFFFFFFFFFFFFFFFFFFFFFFFFFFFFFFFFFFCE
:20B2A000FFFFFFFFFFFFFFFFFFFFFFFFFFFFFFFFFFFFFFFFFFFFFFFFFFFFFFFFFFFFFFFFAE
:20B2C000FFFFFFFFFFFFFFFFFFFFFFFFFFFFFFFFFFFFFFFFFFFFFFFFFFFFFFFFFFFFFFFF8E
:20B2E000FFFFFFFFFFFFFFFFFFFFFFFFFFFFFFFFFFFFFFFFFFFFFFFFFFFFFFFFFFFFFFFF6E
:20B30000FFFFFFFFFFFFFFFFFFFFFFFFFFFFFFFFFFFFFFFFFFFFFFFFFFFFFFFFFFFFFFFF4D
:20B32000FFFFFFFFFFFFFFFFFFFFFFFFFFFFFFFFFFFFFFFFFFFFFFFFFFFFFFFFFFFFFFFF2D
:20B34000FFFFFFFFFFFFFFFFFFFFFFFFFFFFFFFFFFFFFFFFFFFFFFFFFFFFFFFFFFFFFFFF0D
:20B36000FFFFFFFFFFFFFFFFFFFFFFFFFFFFFFFFFFFFFFFFFFFFFFFFFFFFFFFFFFFFFFFFED
:20B38000FFFFFFFFFFFFFFFFFFFFFFFFFFFFFFFFFFFFFFFFFFFFFFFFFFFFFFFFFFFFFFFFCD
:20B3A000FFFFFFFFFFFFFFFFFFFFFFFFFFFFFFFFFFFFFFFFFFFFFFFFFFFFFFFFFFFFFFFFAD
:20B3C000FFFFFFFFFFFFFFFFFFFFFFFFFFFFFFFFFFFFFFFFFFFFFFFFFFFFFFFFFFFFFFFF8D
:20B3E000FFFFFFFFFFFFFFFFFFFFFFFFFFFFFFFFFFFFFFFFFFFFFFFFFFFFFFFFFFFFFFFF6D
:20B40000FFFFFFFFFFFFFFFFFFFFFFFFFFFFFFFFFFFFFFFFFFFFFFFFFFFFFFFFFFFFFFFF4C
:20B42000FFFFFFFFFFFFFFFFFFFFFFFFFFFFFFFFFFFFFFFFFFFFFFFFFFFFFFFFFFFFFFFF2C
:20B44000FFFFFFFFFFFFFFFFFFFFFFFFFFFFFFFFFFFFFFFFFFFFFFFFFFFFFFFFFFFFFFFF0C
:20B46000FFFFFFFFFFFFFFFFFFFFFFFFFFFFFFFFFFFFFFFFFFFFFFFFFFFFFFFFFFFFFFFFEC
:20B48000FFFFFFFFFFFFFFFFFFFFFFFFFFFFFFFFFFFFFFFFFFFFFFFFFFFFFFFFFFFFFFFFCC
:20B4A000FFFFFFFFFFFFFFFFFFFFFFFFFFFFFFFFFFFFFFFFFFFFFFFFFFFFFFFFFFFFFFFFAC
:20B4C000FFFFFFFFFFFFFFFFFFFFFFFFFFFFFFFFFFFFFFFFFFFFFFFFFFFFFFFFFFFFFFFF8C
:20B4E000FFFFFFFFFFFFFFFFFFFFFFFFFFFFFFFFFFFFFFFFFFFFFFFFFFFFFFFFFFFFFFFF6C
:20B50000FFFFFFFFFFFFFFFFFFFFFFFFFFFFFFFFFFFFFFFFFFFFFFFFFFFFFFFFFFFFFFFF4B
:20B52000FFFFFFFFFFFFFFFFFFFFFFFFFFFFFFFFFFFFFFFFFFFFFFFFFFFFFFFFFFFFFFFF2B
:20B54000FFFFFFFFFFFFFFFFFFFFFFFFFFFFFFFFFFFFFFFFFFFFFFFFFFFFFFFFFFFFFFFF0B
:20B56000FFFFFFFFFFFFFFFFFFFFFFFFFFFFFFFFFFFFFFFFFFFFFFFFFFFFFFFFFFFFFFFFEB
:20B58000FFFFFFFFFFFFFFFFFFFFFFFFFFFFFFFFFFFFFFFFFFFFFFFFFFFFFFFFFFFFFFFFCB
:20B5A000FFFFFFFFFFFFFFFFFFFFFFFFFFFFFFFFFFFFFFFFFFFFFFFFFFFFFFFFFFFFFFFFAB
:20B5C000FFFFFFFFFFFFFFFFFFFFFFFFFFFFFFFFFFFFFFFFFFFFFFFFFFFFFFFFFFFFFFFF8B
:20B5E000FFFFFFFFFFFFFFFFFFFFFFFFFFFFFFFFFFFFFFFFFFFFFFFFFFFFFFFFFFFFFFFF6B
:20B60000FFFFFFFFFFFFFFFFFFFFFFFFFFFFFFFFFFFFFFFFFFFFFFFFFFFFFFFFFFFFFFFF4A
:20B62000FFFFFFFFFFFFFFFFFFFFFFFFFFFFFFFFFFFFFFFFFFFFFFFFFFFFFFFFFFFFFFFF2A
:20B64000FFFFFFFFFFFFFFFFFFFFFFFFFFFFFFFFFFFFFFFFFFFFFFFFFFFFFFFFFFFFFFFF0A
:20B66000FFFFFFFFFFFFFFFFFFFFFFFFFFFFFFFFFFFFFFFFFFFFFFFFFFFFFFFFFFFFFFFFEA
:20B68000FFFFFFFFFFFFFFFFFFFFFFFFFFFFFFFFFFFFFFFFFFFFFFFFFFFFFFFFFFFFFFFFCA
:20B6A000FFFFFFFFFFFFFFFFFFFFFFFFFFFFFFFFFFFFFFFFFFFFFFFFFFFFFFFFFFFFFFFFAA
:20B6C000FFFFFFFFFFFFFFFFFFFFFFFFFFFFFFFFFFFFFFFFFFFFFFFFFFFFFFFFFFFFFFFF8A
:20B6E000FFFFFFFFFFFFFFFFFFFFFFFFFFFFFFFFFFFFFFFFFFFFFFFFFFFFFFFFFFFFFFFF6A
:20B70000FFFFFFFFFFFFFFFFFFFFFFFFFFFFFFFFFFFFFFFFFFFFFFFFFFFFFFFFFFFFFFFF49
:20B72000FFFFFFFFFFFFFFFFFFFFFFFFFFFFFFFFFFFFFFFFFFFFFFFFFFFFFFFFFFFFFFFF29
:20B74000FFFFFFFFFFFFFFFFFFFFFFFFFFFFFFFFFFFFFFFFFFFFFFFFFFFFFFFFFFFFFFFF09
:20B76000FFFFFFFFFFFFFFFFFFFFFFFFFFFFFFFFFFFFFFFFFFFFFFFFFFFFFFFFFFFFFFFFE9
:20B78000FFFFFFFFFFFFFFFFFFFFFFFFFFFFFFFFFFFFFFFFFFFFFFFFFFFFFFFFFFFFFFFFC9
:20B7A000FFFFFFFFFFFFFFFFFFFFFFFFFFFFFFFFFFFFFFFFFFFFFFFFFFFFFFFFFFFFFFFFA9
:20B7C000FFFFFFFFFFFFFFFFFFFFFFFFFFFFFFFFFFFFFFFFFFFFFFFFFFFFFFFFFFFFFFFF89
:20B7E000FFFFFFFFFFFFFFFFFFFFFFFFFFFFFFFFFFFFFFFFFFFFFFFFFFFFFFFFFFFFFFFF69
:20B80000FFFFFFFFFFFFFFFFFFFFFFFFFFFFFFFFFFFFFFFFFFFFFFFFFFFFFFFFFFFFFFFF48
:20B82000FFFFFFFFFFFFFFFFFFFFFFFFFFFFFFFFFFFFFFFFFFFFFFFFFFFFFFFFFFFFFFFF28
:20B84000FFFFFFFFFFFFFFFFFFFFFFFFFFFFFFFFFFFFFFFFFFFFFFFFFFFFFFFFFFFFFFFF08
:20B86000FFFFFFFFFFFFFFFFFFFFFFFFFFFFFFFFFFFFFFFFFFFFFFFFFFFFFFFFFFFFFFFFE8
:20B88000FFFFFFFFFFFFFFFFFFFFFFFFFFFFFFFFFFFFFFFFFFFFFFFFFFFFFFFFFFFFFFFFC8
:20B8A000FFFFFFFFFFFFFFFFFFFFFFFFFFFFFFFFFFFFFFFFFFFFFFFFFFFFFFFFFFFFFFFFA8
:20B8C000FFFFFFFFFFFFFFFFFFFFFFFFFFFFFFFFFFFFFFFFFFFFFFFFFFFFFFFFFFFFFFFF88
:20B8E000FFFFFFFFFFFFFFFFFFFFFFFFFFFFFFFFFFFFFFFFFFFFFFFFFFFFFFFFFFFFFFFF68
:20B90000FFFFFFFFFFFFFFFFFFFFFFFFFFFFFFFFFFFFFFFFFFFFFFFFFFFFFFFFFFFFFFFF47
:20B92000FFFFFFFFFFFFFFFFFFFFFFFFFFFFFFFFFFFFFFFFFFFFFFFFFFFFFFFFFFFFFFFF27
:20B94000FFFFFFFFFFFFFFFFFFFFFFFFFFFFFFFFFFFFFFFFFFFFFFFFFFFFFFFFFFFFFFFF07
:20B96000FFFFFFFFFFFFFFFFFFFFFFFFFFFFFFFFFFFFFFFFFFFFFFFFFFFFFFFFFFFFFFFFE7
:20B98000FFFFFFFFFFFFFFFFFFFFFFFFFFFFFFFFFFFFFFFFFFFFFFFFFFFFFFFFFFFFFFFFC7
:20B9A000FFFFFFFFFFFFFFFFFFFFFFFFFFFFFFFFFFFFFFFFFFFFFFFFFFFFFFFFFFFFFFFFA7
:20B9C000FFFFFFFFFFFFFFFFFFFFFFFFFFFFFFFFFFFFFFFFFFFFFFFFFFFFFFFFFFFFFFFF87
:20B9E000FFFFFFFFFFFFFFFFFFFFFFFFFFFFFFFFFFFFFFFFFFFFFFFFFFFFFFFFFFFFFFFF67
:20BA0000FFFFFFFFFFFFFFFFFFFFFFFFFFFFFFFFFFFFFFFFFFFFFFFFFFFFFFFFFFFFFFFF46
:20BA2000FFFFFFFFFFFFFFFFFFFFFFFFFFFFFFFFFFFFFFFFFFFFFFFFFFFFFFFFFFFFFFFF26
:20BA4000FFFFFFFFFFFFFFFFFFFFFFFFFFFFFFFFFFFFFFFFFFFFFFFFFFFFFFFFFFFFFFFF06
:20BA6000FFFFFFFFFFFFFFFFFFFFFFFFFFFFFFFFFFFFFFFFFFFFFFFFFFFFFFFFFFFFFFFFE6
:20BA8000FFFFFFFFFFFFFFFFFFFFFFFFFFFFFFFFFFFFFFFFFFFFFFFFFFFFFFFFFFFFFFFFC6
:20BAA000FFFFFFFFFFFFFFFFFFFFFFFFFFFFFFFFFFFFFFFFFFFFFFFFFFFFFFFFFFFFFFFFA6
:20BAC000FFFFFFFFFFFFFFFFFFFFFFFFFFFFFFFFFFFFFFFFFFFFFFFFFFFFFFFFFFFFFFFF86
:20BAE000FFFFFFFFFFFFFFFFFFFFFFFFFFFFFFFFFFFFFFFFFFFFFFFFFFFFFFFFFFFFFFFF66
:20BB0000FFFFFFFFFFFFFFFFFFFFFFFFFFFFFFFFFFFFFFFFFFFFFFFFFFFFFFFFFFFFFFFF45
:20BB2000FFFFFFFFFFFFFFFFFFFFFFFFFFFFFFFFFFFFFFFFFFFFFFFFFFFFFFFFFFFFFFFF25
:20BB4000FFFFFFFFFFFFFFFFFFFFFFFFFFFFFFFFFFFFFFFFFFFFFFFFFFFFFFFFFFFFFFFF05
:20BB6000FFFFFFFFFFFFFFFFFFFFFFFFFFFFFFFFFFFFFFFFFFFFFFFFFFFFFFFFFFFFFFFFE5
:20BB8000FFFFFFFFFFFFFFFFFFFFFFFFFFFFFFFFFFFFFFFFFFFFFFFFFFFFFFFFFFFFFFFFC5
:20BBA000FFFFFFFFFFFFFFFFFFFFFFFFFFFFFFFFFFFFFFFFFFFFFFFFFFFFFFFFFFFFFFFFA5
:20BBC000FFFFFFFFFFFFFFFFFFFFFFFFFFFFFFFFFFFFFFFFFFFFFFFFFFFFFFFFFFFFFFFF85
:20BBE000FFFFFFFFFFFFFFFFFFFFFFFFFFFFFFFFFFFFFFFFFFFFFFFFFFFFFFFFFFFFFFFF65
:20BC0000FFFFFFFFFFFFFFFFFFFFFFFFFFFFFFFFFFFFFFFFFFFFFFFFFFFFFFFFFFFFFFFF44
:20BC2000FFFFFFFFFFFFFFFFFFFFFFFFFFFFFFFFFFFFFFFFFFFFFFFFFFFFFFFFFFFFFFFF24
:20BC4000FFFFFFFFFFFFFFFFFFFFFFFFFFFFFFFFFFFFFFFFFFFFFFFFFFFFFFFFFFFFFFFF04
:20BC6000FFFFFFFFFFFFFFFFFFFFFFFFFFFFFFFFFFFFFFFFFFFFFFFFFFFFFFFFFFFFFFFFE4
:20BC8000FFFFFFFFFFFFFFFFFFFFFFFFFFFFFFFFFFFFFFFFFFFFFFFFFFFFFFFFFFFFFFFFC4
:20BCA000FFFFFFFFFFFFFFFFFFFFFFFFFFFFFFFFFFFFFFFFFFFFFFFFFFFFFFFFFFFFFFFFA4
:20BCC000FFFFFFFFFFFFFFFFFFFFFFFFFFFFFFFFFFFFFFFFFFFFFFFFFFFFFFFFFFFFFFFF84
:20BCE000FFFFFFFFFFFFFFFFFFFFFFFFFFFFFFFFFFFFFFFFFFFFFFFFFFFFFFFFFFFFFFFF64
:20BD0000FFFFFFFFFFFFFFFFFFFFFFFFFFFFFFFFFFFFFFFFFFFFFFFFFFFFFFFFFFFFFFFF43
:20BD2000FFFFFFFFFFFFFFFFFFFFFFFFFFFFFFFFFFFFFFFFFFFFFFFFFFFFFFFFFFFFFFFF23
:20BD4000FFFFFFFFFFFFFFFFFFFFFFFFFFFFFFFFFFFFFFFFFFFFFFFFFFFFFFFFFFFFFFFF03
:20BD6000FFFFFFFFFFFFFFFFFFFFFFFFFFFFFFFFFFFFFFFFFFFFFFFFFFFFFFFFFFFFFFFFE3
:20BD8000FFFFFFFFFFFFFFFFFFFFFFFFFFFFFFFFFFFFFFFFFFFFFFFFFFFFFFFFFFFFFFFFC3
:20BDA000FFFFFFFFFFFFFFFFFFFFFFFFFFFFFFFFFFFFFFFFFFFFFFFFFFFFFFFFFFFFFFFFA3
:20BDC000FFFFFFFFFFFFFFFFFFFFFFFFFFFFFFFFFFFFFFFFFFFFFFFFFFFFFFFFFFFFFFFF83
:20BDE000FFFFFFFFFFFFFFFFFFFFFFFFFFFFFFFFFFFFFFFFFFFFFFFFFFFFFFFFFFFFFFFF63
:20BE0000FFFFFFFFFFFFFFFFFFFFFFFFFFFFFFFFFFFFFFFFFFFFFFFFFFFFFFFFFFFFFFFF42
:20BE2000FFFFFFFFFFFFFFFFFFFFFFFFFFFFFFFFFFFFFFFFFFFFFFFFFFFFFFFFFFFFFFFF22
:20BE4000FFFFFFFFFFFFFFFFFFFFFFFFFFFFFFFFFFFFFFFFFFFFFFFFFFFFFFFFFFFFFFFF02
:20BE6000FFFFFFFFFFFFFFFFFFFFFFFFFFFFFFFFFFFFFFFFFFFFFFFFFFFFFFFFFFFFFFFFE2
:20BE8000FFFFFFFFFFFFFFFFFFFFFFFFFFFFFFFFFFFFFFFFFFFFFFFFFFFFFFFFFFFFFFFFC2
:20BEA000FFFFFFFFFFFFFFFFFFFFFFFFFFFFFFFFFFFFFFFFFFFFFFFFFFFFFFFFFFFFFFFFA2
:20BEC000FFFFFFFFFFFFFFFFFFFFFFFFFFFFFFFFFFFFFFFFFFFFFFFFFFFFFFFFFFFFFFFF82
:20BEE000FFFFFFFFFFFFFFFFFFFFFFFFFFFFFFFFFFFFFFFFFFFFFFFFFFFFFFFFFFFFFFFF62
:20BF0000FFFFFFFFFFFFFFFFFFFFFFFFFFFFFFFFFFFFFFFFFFFFFFFFFFFFFFFFFFFFFFFF41
:20BF2000FFFFFFFFFFFFFFFFFFFFFFFFFFFFFFFFFFFFFFFFFFFFFFFFFFFFFFFFFFFFFFFF21
:20BF4000FFFFFFFFFFFFFFFFFFFFFFFFFFFFFFFFFFFFFFFFFFFFFFFFFFFFFFFFFFFFFFFF01
:20BF6000FFFFFFFFFFFFFFFFFFFFFFFFFFFFFFFFFFFFFFFFFFFFFFFFFFFFFFFFFFFFFFFFE1
:20BF8000FFFFFFFFFFFFFFFFFFFFFFFFFFFFFFFFFFFFFFFFFFFFFFFFFFFFFFFFFFFFFFFFC1
:20BFA000FFFFFFFFFFFFFFFFFFFFFFFFFFFFFFFFFFFFFFFFFFFFFFFFFFFFFFFFFFFFFFFFA1
:20BFC000FFFFFFFFFFFFFFFFFFFFFFFFFFFFFFFFFFFFFFFFFFFFFFFFFFFFFFFFFFFFFFFF81
:20BFE000FFFFFFFFFFFFFFFFFFFFFFFFFFFFFFFFFFFFFFFFFFFFFFFFFFFFFFFFFFFFFFFF61
:20C00000FFFFFFFFFFFFFFFFFFFFFFFFFFFFFFFFFFFFFFFFFFFFFFFFFFFFFFFFFFFFFFFF40
:20C02000FFFFFFFFFFFFFFFFFFFFFFFFFFFFFFFFFFFFFFFFFFFFFFFFFFFFFFFFFFFFFFFF20
:20C04000FFFFFFFFFFFFFFFFFFFFFFFFFFFFFFFFFFFFFFFFFFFFFFFFFFFFFFFFFFFFFFFF00
:20C06000FFFFFFFFFFFFFFFFFFFFFFFFFFFFFFFFFFFFFFFFFFFFFFFFFFFFFFFFFFFFFFFFE0
:20C08000FFFFFFFFFFFFFFFFFFFFFFFFFFFFFFFFFFFFFFFFFFFFFFFFFFFFFFFFFFFFFFFFC0
:20C0A000FFFFFFFFFFFFFFFFFFFFFFFFFFFFFFFFFFFFFFFFFFFFFFFFFFFFFFFFFFFFFFFFA0
:20C0C000FFFFFFFFFFFFFFFFFFFFFFFFFFFFFFFFFFFFFFFFFFFFFFFFFFFFFFFFFFFFFFFF80
:20C0E000FFFFFFFFFFFFFFFFFFFFFFFFFFFFFFFFFFFFFFFFFFFFFFFFFFFFFFFFFFFFFFFF60
:20C10000FFFFFFFFFFFFFFFFFFFFFFFFFFFFFFFFFFFFFFFFFFFFFFFFFFFFFFFFFFFFFFFF3F
:20C12000FFFFFFFFFFFFFFFFFFFFFFFFFFFFFFFFFFFFFFFFFFFFFFFFFFFFFFFFFFFFFFFF1F
:20C14000FFFFFFFFFFFFFFFFFFFFFFFFFFFFFFFFFFFFFFFFFFFFFFFFFFFFFFFFFFFFFFFFFF
:20C16000FFFFFFFFFFFFFFFFFFFFFFFFFFFFFFFFFFFFFFFFFFFFFFFFFFFFFFFFFFFFFFFFDF
:20C18000FFFFFFFFFFFFFFFFFFFFFFFFFFFFFFFFFFFFFFFFFFFFFFFFFFFFFFFFFFFFFFFFBF
:20C1A000FFFFFFFFFFFFFFFFFFFFFFFFFFFFFFFFFFFFFFFFFFFFFFFFFFFFFFFFFFFFFFFF9F
:20C1C000FFFFFFFFFFFFFFFFFFFFFFFFFFFFFFFFFFFFFFFFFFFFFFFFFFFFFFFFFFFFFFFF7F
:20C1E000FFFFFFFFFFFFFFFFFFFFFFFFFFFFFFFFFFFFFFFFFFFFFFFFFFFFFFFFFFFFFFFF5F
:20C20000FFFFFFFFFFFFFFFFFFFFFFFFFFFFFFFFFFFFFFFFFFFFFFFFFFFFFFFFFFFFFFFF3E
:20C22000FFFFFFFFFFFFFFFFFFFFFFFFFFFFFFFFFFFFFFFFFFFFFFFFFFFFFFFFFFFFFFFF1E
:20C24000FFFFFFFFFFFFFFFFFFFFFFFFFFFFFFFFFFFFFFFFFFFFFFFFFFFFFFFFFFFFFFFFFE
:20C26000FFFFFFFFFFFFFFFFFFFFFFFFFFFFFFFFFFFFFFFFFFFFFFFFFFFFFFFFFFFFFFFFDE
:20C28000FFFFFFFFFFFFFFFFFFFFFFFFFFFFFFFFFFFFFFFFFFFFFFFFFFFFFFFFFFFFFFFFBE
:20C2A000FFFFFFFFFFFFFFFFFFFFFFFFFFFFFFFFFFFFFFFFFFFFFFFFFFFFFFFFFFFFFFFF9E
:20C2C000FFFFFFFFFFFFFFFFFFFFFFFFFFFFFFFFFFFFFFFFFFFFFFFFFFFFFFFFFFFFFFFF7E
:20C2E000FFFFFFFFFFFFFFFFFFFFFFFFFFFFFFFFFFFFFFFFFFFFFFFFFFFFFFFFFFFFFFFF5E
:20C30000FFFFFFFFFFFFFFFFFFFFFFFFFFFFFFFFFFFFFFFFFFFFFFFFFFFFFFFFFFFFFFFF3D
:20C32000FFFFFFFFFFFFFFFFFFFFFFFFFFFFFFFFFFFFFFFFFFFFFFFFFFFFFFFFFFFFFFFF1D
:20C34000FFFFFFFFFFFFFFFFFFFFFFFFFFFFFFFFFFFFFFFFFFFFFFFFFFFFFFFFFFFFFFFFFD
:20C36000FFFFFFFFFFFFFFFFFFFFFFFFFFFFFFFFFFFFFFFFFFFFFFFFFFFFFFFFFFFFFFFFDD
:20C38000FFFFFFFFFFFFFFFFFFFFFFFFFFFFFFFFFFFFFFFFFFFFFFFFFFFFFFFFFFFFFFFFBD
:20C3A000FFFFFFFFFFFFFFFFFFFFFFFFFFFFFFFFFFFFFFFFFFFFFFFFFFFFFFFFFFFFFFFF9D
:20C3C000FFFFFFFFFFFFFFFFFFFFFFFFFFFFFFFFFFFFFFFFFFFFFFFFFFFFFFFFFFFFFFFF7D
:20C3E000FFFFFFFFFFFFFFFFFFFFFFFFFFFFFFFFFFFFFFFFFFFFFFFFFFFFFFFFFFFFFFFF5D
:20C40000FFFFFFFFFFFFFFFFFFFFFFFFFFFFFFFFFFFFFFFFFFFFFFFFFFFFFFFFFFFFFFFF3C
:20C42000FFFFFFFFFFFFFFFFFFFFFFFFFFFFFFFFFFFFFFFFFFFFFFFFFFFFFFFFFFFFFFFF1C
:20C44000FFFFFFFFFFFFFFFFFFFFFFFFFFFFFFFFFFFFFFFFFFFFFFFFFFFFFFFFFFFFFFFFFC
:20C46000FFFFFFFFFFFFFFFFFFFFFFFFFFFFFFFFFFFFFFFFFFFFFFFFFFFFFFFFFFFFFFFFDC
:20C48000FFFFFFFFFFFFFFFFFFFFFFFFFFFFFFFFFFFFFFFFFFFFFFFFFFFFFFFFFFFFFFFFBC
:20C4A000FFFFFFFFFFFFFFFFFFFFFFFFFFFFFFFFFFFFFFFFFFFFFFFFFFFFFFFFFFFFFFFF9C
:20C4C000FFFFFFFFFFFFFFFFFFFFFFFFFFFFFFFFFFFFFFFFFFFFFFFFFFFFFFFFFFFFFFFF7C
:20C4E000FFFFFFFFFFFFFFFFFFFFFFFFFFFFFFFFFFFFFFFFFFFFFFFFFFFFFFFFFFFFFFFF5C
:20C50000FFFFFFFFFFFFFFFFFFFFFFFFFFFFFFFFFFFFFFFFFFFFFFFFFFFFFFFFFFFFFFFF3B
:20C52000FFFFFFFFFFFFFFFFFFFFFFFFFFFFFFFFFFFFFFFFFFFFFFFFFFFFFFFFFFFFFFFF1B
:20C54000FFFFFFFFFFFFFFFFFFFFFFFFFFFFFFFFFFFFFFFFFFFFFFFFFFFFFFFFFFFFFFFFFB
:20C56000FFFFFFFFFFFFFFFFFFFFFFFFFFFFFFFFFFFFFFFFFFFFFFFFFFFFFFFFFFFFFFFFDB
:20C58000FFFFFFFFFFFFFFFFFFFFFFFFFFFFFFFFFFFFFFFFFFFFFFFFFFFFFFFFFFFFFFFFBB
:20C5A000FFFFFFFFFFFFFFFFFFFFFFFFFFFFFFFFFFFFFFFFFFFFFFFFFFFFFFFFFFFFFFFF9B
:20C5C000FFFFFFFFFFFFFFFFFFFFFFFFFFFFFFFFFFFFFFFFFFFFFFFFFFFFFFFFFFFFFFFF7B
:20C5E000FFFFFFFFFFFFFFFFFFFFFFFFFFFFFFFFFFFFFFFFFFFFFFFFFFFFFFFFFFFFFFFF5B
:20C60000FFFFFFFFFFFFFFFFFFFFFFFFFFFFFFFFFFFFFFFFFFFFFFFFFFFFFFFFFFFFFFFF3A
:20C62000FFFFFFFFFFFFFFFFFFFFFFFFFFFFFFFFFFFFFFFFFFFFFFFFFFFFFFFFFFFFFFFF1A
:20C64000FFFFFFFFFFFFFFFFFFFFFFFFFFFFFFFFFFFFFFFFFFFFFFFFFFFFFFFFFFFFFFFFFA
:20C66000FFFFFFFFFFFFFFFFFFFFFFFFFFFFFFFFFFFFFFFFFFFFFFFFFFFFFFFFFFFFFFFFDA
:20C68000FFFFFFFFFFFFFFFFFFFFFFFFFFFFFFFFFFFFFFFFFFFFFFFFFFFFFFFFFFFFFFFFBA
:20C6A000FFFFFFFFFFFFFFFFFFFFFFFFFFFFFFFFFFFFFFFFFFFFFFFFFFFFFFFFFFFFFFFF9A
:20C6C000FFFFFFFFFFFFFFFFFFFFFFFFFFFFFFFFFFFFFFFFFFFFFFFFFFFFFFFFFFFFFFFF7A
:20C6E000FFFFFFFFFFFFFFFFFFFFFFFFFFFFFFFFFFFFFFFFFFFFFFFFFFFFFFFFFFFFFFFF5A
:20C70000FFFFFFFFFFFFFFFFFFFFFFFFFFFFFFFFFFFFFFFFFFFFFFFFFFFFFFFFFFFFFFFF39
:20C72000FFFFFFFFFFFFFFFFFFFFFFFFFFFFFFFFFFFFFFFFFFFFFFFFFFFFFFFFFFFFFFFF19
:20C74000FFFFFFFFFFFFFFFFFFFFFFFFFFFFFFFFFFFFFFFFFFFFFFFFFFFFFFFFFFFFFFFFF9
:20C76000FFFFFFFFFFFFFFFFFFFFFFFFFFFFFFFFFFFFFFFFFFFFFFFFFFFFFFFFFFFFFFFFD9
:20C78000FFFFFFFFFFFFFFFFFFFFFFFFFFFFFFFFFFFFFFFFFFFFFFFFFFFFFFFFFFFFFFFFB9
:20C7A000FFFFFFFFFFFFFFFFFFFFFFFFFFFFFFFFFFFFFFFFFFFFFFFFFFFFFFFFFFFFFFFF99
:20C7C000FFFFFFFFFFFFFFFFFFFFFFFFFFFFFFFFFFFFFFFFFFFFFFFFFFFFFFFFFFFFFFFF79
:20C7E000FFFFFFFFFFFFFFFFFFFFFFFFFFFFFFFFFFFFFFFFFFFFFFFFFFFFFFFFFFFFFFFF59
:20C80000FFFFFFFFFFFFFFFFFFFFFFFFFFFFFFFFFFFFFFFFFFFFFFFFFFFFFFFFFFFFFFFF38
:20C82000FFFFFFFFFFFFFFFFFFFFFFFFFFFFFFFFFFFFFFFFFFFFFFFFFFFFFFFFFFFFFFFF18
:20C84000FFFFFFFFFFFFFFFFFFFFFFFFFFFFFFFFFFFFFFFFFFFFFFFFFFFFFFFFFFFFFFFFF8
:20C86000FFFFFFFFFFFFFFFFFFFFFFFFFFFFFFFFFFFFFFFFFFFFFFFFFFFFFFFFFFFFFFFFD8
:20C88000FFFFFFFFFFFFFFFFFFFFFFFFFFFFFFFFFFFFFFFFFFFFFFFFFFFFFFFFFFFFFFFFB8
:20C8A000FFFFFFFFFFFFFFFFFFFFFFFFFFFFFFFFFFFFFFFFFFFFFFFFFFFFFFFFFFFFFFFF98
:20C8C000FFFFFFFFFFFFFFFFFFFFFFFFFFFFFFFFFFFFFFFFFFFFFFFFFFFFFFFFFFFFFFFF78
:20C8E000FFFFFFFFFFFFFFFFFFFFFFFFFFFFFFFFFFFFFFFFFFFFFFFFFFFFFFFFFFFFFFFF58
:20C90000FFFFFFFFFFFFFFFFFFFFFFFFFFFFFFFFFFFFFFFFFFFFFFFFFFFFFFFFFFFFFFFF37
:20C92000FFFFFFFFFFFFFFFFFFFFFFFFFFFFFFFFFFFFFFFFFFFFFFFFFFFFFFFFFFFFFFFF17
:20C94000FFFFFFFFFFFFFFFFFFFFFFFFFFFFFFFFFFFFFFFFFFFFFFFFFFFFFFFFFFFFFFFFF7
:20C96000FFFFFFFFFFFFFFFFFFFFFFFFFFFFFFFFFFFFFFFFFFFFFFFFFFFFFFFFFFFFFFFFD7
:20C98000FFFFFFFFFFFFFFFFFFFFFFFFFFFFFFFFFFFFFFFFFFFFFFFFFFFFFFFFFFFFFFFFB7
:20C9A000FFFFFFFFFFFFFFFFFFFFFFFFFFFFFFFFFFFFFFFFFFFFFFFFFFFFFFFFFFFFFFFF97
:20C9C000FFFFFFFFFFFFFFFFFFFFFFFFFFFFFFFFFFFFFFFFFFFFFFFFFFFFFFFFFFFFFFFF77
:20C9E000FFFFFFFFFFFFFFFFFFFFFFFFFFFFFFFFFFFFFFFFFFFFFFFFFFFFFFFFFFFFFFFF57
:20CA0000FFFFFFFFFFFFFFFFFFFFFFFFFFFFFFFFFFFFFFFFFFFFFFFFFFFFFFFFFFFFFFFF36
:20CA2000FFFFFFFFFFFFFFFFFFFFFFFFFFFFFFFFFFFFFFFFFFFFFFFFFFFFFFFFFFFFFFFF16
:20CA4000FFFFFFFFFFFFFFFFFFFFFFFFFFFFFFFFFFFFFFFFFFFFFFFFFFFFFFFFFFFFFFFFF6
:20CA6000FFFFFFFFFFFFFFFFFFFFFFFFFFFFFFFFFFFFFFFFFFFFFFFFFFFFFFFFFFFFFFFFD6
:20CA8000FFFFFFFFFFFFFFFFFFFFFFFFFFFFFFFFFFFFFFFFFFFFFFFFFFFFFFFFFFFFFFFFB6
:20CAA000FFFFFFFFFFFFFFFFFFFFFFFFFFFFFFFFFFFFFFFFFFFFFFFFFFFFFFFFFFFFFFFF96
:20CAC000FFFFFFFFFFFFFFFFFFFFFFFFFFFFFFFFFFFFFFFFFFFFFFFFFFFFFFFFFFFFFFFF76
:20CAE000FFFFFFFFFFFFFFFFFFFFFFFFFFFFFFFFFFFFFFFFFFFFFFFFFFFFFFFFFFFFFFFF56
:20CB0000FFFFFFFFFFFFFFFFFFFFFFFFFFFFFFFFFFFFFFFFFFFFFFFFFFFFFFFFFFFFFFFF35
:20CB2000FFFFFFFFFFFFFFFFFFFFFFFFFFFFFFFFFFFFFFFFFFFFFFFFFFFFFFFFFFFFFFFF15
:20CB4000FFFFFFFFFFFFFFFFFFFFFFFFFFFFFFFFFFFFFFFFFFFFFFFFFFFFFFFFFFFFFFFFF5
:20CB6000FFFFFFFFFFFFFFFFFFFFFFFFFFFFFFFFFFFFFFFFFFFFFFFFFFFFFFFFFFFFFFFFD5
:20CB8000FFFFFFFFFFFFFFFFFFFFFFFFFFFFFFFFFFFFFFFFFFFFFFFFFFFFFFFFFFFFFFFFB5
:20CBA000FFFFFFFFFFFFFFFFFFFFFFFFFFFFFFFFFFFFFFFFFFFFFFFFFFFFFFFFFFFFFFFF95
:20CBC000FFFFFFFFFFFFFFFFFFFFFFFFFFFFFFFFFFFFFFFFFFFFFFFFFFFFFFFFFFFFFFFF75
:20CBE000FFFFFFFFFFFFFFFFFFFFFFFFFFFFFFFFFFFFFFFFFFFFFFFFFFFFFFFFFFFFFFFF55
:20CC0000FFFFFFFFFFFFFFFFFFFFFFFFFFFFFFFFFFFFFFFFFFFFFFFFFFFFFFFFFFFFFFFF34
:20CC2000FFFFFFFFFFFFFFFFFFFFFFFFFFFFFFFFFFFFFFFFFFFFFFFFFFFFFFFFFFFFFFFF14
:20CC4000FFFFFFFFFFFFFFFFFFFFFFFFFFFFFFFFFFFFFFFFFFFFFFFFFFFFFFFFFFFFFFFFF4
:20CC6000FFFFFFFFFFFFFFFFFFFFFFFFFFFFFFFFFFFFFFFFFFFFFFFFFFFFFFFFFFFFFFFFD4
:20CC8000FFFFFFFFFFFFFFFFFFFFFFFFFFFFFFFFFFFFFFFFFFFFFFFFFFFFFFFFFFFFFFFFB4
:20CCA000FFFFFFFFFFFFFFFFFFFFFFFFFFFFFFFFFFFFFFFFFFFFFFFFFFFFFFFFFFFFFFFF94
:20CCC000FFFFFFFFFFFFFFFFFFFFFFFFFFFFFFFFFFFFFFFFFFFFFFFFFFFFFFFFFFFFFFFF74
:20CCE000FFFFFFFFFFFFFFFFFFFFFFFFFFFFFFFFFFFFFFFFFFFFFFFFFFFFFFFFFFFFFFFF54
:20CD0000FFFFFFFFFFFFFFFFFFFFFFFFFFFFFFFFFFFFFFFFFFFFFFFFFFFFFFFFFFFFFFFF33
:20CD2000FFFFFFFFFFFFFFFFFFFFFFFFFFFFFFFFFFFFFFFFFFFFFFFFFFFFFFFFFFFFFFFF13
:20CD4000FFFFFFFFFFFFFFFFFFFFFFFFFFFFFFFFFFFFFFFFFFFFFFFFFFFFFFFFFFFFFFFFF3
:20CD6000FFFFFFFFFFFFFFFFFFFFFFFFFFFFFFFFFFFFFFFFFFFFFFFFFFFFFFFFFFFFFFFFD3
:20CD8000FFFFFFFFFFFFFFFFFFFFFFFFFFFFFFFFFFFFFFFFFFFFFFFFFFFFFFFFFFFFFFFFB3
:20CDA000FFFFFFFFFFFFFFFFFFFFFFFFFFFFFFFFFFFFFFFFFFFFFFFFFFFFFFFFFFFFFFFF93
:20CDC000FFFFFFFFFFFFFFFFFFFFFFFFFFFFFFFFFFFFFFFFFFFFFFFFFFFFFFFFFFFFFFFF73
:20CDE000FFFFFFFFFFFFFFFFFFFFFFFFFFFFFFFFFFFFFFFFFFFFFFFFFFFFFFFFFFFFFFFF53
:20CE0000FFFFFFFFFFFFFFFFFFFFFFFFFFFFFFFFFFFFFFFFFFFFFFFFFFFFFFFFFFFFFFFF32
:20CE2000FFFFFFFFFFFFFFFFFFFFFFFFFFFFFFFFFFFFFFFFFFFFFFFFFFFFFFFFFFFFFFFF12
:20CE4000FFFFFFFFFFFFFFFFFFFFFFFFFFFFFFFFFFFFFFFFFFFFFFFFFFFFFFFFFFFFFFFFF2
:20CE6000FFFFFFFFFFFFFFFFFFFFFFFFFFFFFFFFFFFFFFFFFFFFFFFFFFFFFFFFFFFFFFFFD2
:20CE8000FFFFFFFFFFFFFFFFFFFFFFFFFFFFFFFFFFFFFFFFFFFFFFFFFFFFFFFFFFFFFFFFB2
:20CEA000FFFFFFFFFFFFFFFFFFFFFFFFFFFFFFFFFFFFFFFFFFFFFFFFFFFFFFFFFFFFFFFF92
:20CEC000FFFFFFFFFFFFFFFFFFFFFFFFFFFFFFFFFFFFFFFFFFFFFFFFFFFFFFFFFFFFFFFF72
:20CEE000FFFFFFFFFFFFFFFFFFFFFFFFFFFFFFFFFFFFFFFFFFFFFFFFFFFFFFFFFFFFFFFF52
:20CF0000FFFFFFFFFFFFFFFFFFFFFFFFFFFFFFFFFFFFFFFFFFFFFFFFFFFFFFFFFFFFFFFF31
:20CF2000FFFFFFFFFFFFFFFFFFFFFFFFFFFFFFFFFFFFFFFFFFFFFFFFFFFFFFFFFFFFFFFF11
:20CF4000FFFFFFFFFFFFFFFFFFFFFFFFFFFFFFFFFFFFFFFFFFFFFFFFFFFFFFFFFFFFFFFFF1
:20CF6000FFFFFFFFFFFFFFFFFFFFFFFFFFFFFFFFFFFFFFFFFFFFFFFFFFFFFFFFFFFFFFFFD1
:20CF8000FFFFFFFFFFFFFFFFFFFFFFFFFFFFFFFFFFFFFFFFFFFFFFFFFFFFFFFFFFFFFFFFB1
:20CFA000FFFFFFFFFFFFFFFFFFFFFFFFFFFFFFFFFFFFFFFFFFFFFFFFFFFFFFFFFFFFFFFF91
:20CFC000FFFFFFFFFFFFFFFFFFFFFFFFFFFFFFFFFFFFFFFFFFFFFFFFFFFFFFFFFFFFFFFF71
:20CFE000FFFFFFFFFFFFFFFFFFFFFFFFFFFFFFFFFFFFFFFFFFFFFFFFFFFFFFFFFFFFFFFF51
:20D00000FFFFFFFFFFFFFFFFFFFFFFFFFFFFFFFFFFFFFFFFFFFFFFFFFFFFFFFFFFFFFFFF30
:20D02000FFFFFFFFFFFFFFFFFFFFFFFFFFFFFFFFFFFFFFFFFFFFFFFFFFFFFFFFFFFFFFFF10
:20D04000FFFFFFFFFFFFFFFFFFFFFFFFFFFFFFFFFFFFFFFFFFFFFFFFFFFFFFFFFFFFFFFFF0
:20D06000FFFFFFFFFFFFFFFFFFFFFFFFFFFFFFFFFFFFFFFFFFFFFFFFFFFFFFFFFFFFFFFFD0
:20D08000FFFFFFFFFFFFFFFFFFFFFFFFFFFFFFFFFFFFFFFFFFFFFFFFFFFFFFFFFFFFFFFFB0
:20D0A000FFFFFFFFFFFFFFFFFFFFFFFFFFFFFFFFFFFFFFFFFFFFFFFFFFFFFFFFFFFFFFFF90
:20D0C000FFFFFFFFFFFFFFFFFFFFFFFFFFFFFFFFFFFFFFFFFFFFFFFFFFFFFFFFFFFFFFFF70
:20D0E000FFFFFFFFFFFFFFFFFFFFFFFFFFFFFFFFFFFFFFFFFFFFFFFFFFFFFFFFFFFFFFFF50
:20D10000FFFFFFFFFFFFFFFFFFFFFFFFFFFFFFFFFFFFFFFFFFFFFFFFFFFFFFFFFFFFFFFF2F
:20D12000FFFFFFFFFFFFFFFFFFFFFFFFFFFFFFFFFFFFFFFFFFFFFFFFFFFFFFFFFFFFFFFF0F
:20D14000FFFFFFFFFFFFFFFFFFFFFFFFFFFFFFFFFFFFFFFFFFFFFFFFFFFFFFFFFFFFFFFFEF
:20D16000FFFFFFFFFFFFFFFFFFFFFFFFFFFFFFFFFFFFFFFFFFFFFFFFFFFFFFFFFFFFFFFFCF
:20D18000FFFFFFFFFFFFFFFFFFFFFFFFFFFFFFFFFFFFFFFFFFFFFFFFFFFFFFFFFFFFFFFFAF
:20D1A000FFFFFFFFFFFFFFFFFFFFFFFFFFFFFFFFFFFFFFFFFFFFFFFFFFFFFFFFFFFFFFFF8F
:20D1C000FFFFFFFFFFFFFFFFFFFFFFFFFFFFFFFFFFFFFFFFFFFFFFFFFFFFFFFFFFFFFFFF6F
:20D1E000FFFFFFFFFFFFFFFFFFFFFFFFFFFFFFFFFFFFFFFFFFFFFFFFFFFFFFFFFFFFFFFF4F
:20D20000FFFFFFFFFFFFFFFFFFFFFFFFFFFFFFFFFFFFFFFFFFFFFFFFFFFFFFFFFFFFFFFF2E
:20D22000FFFFFFFFFFFFFFFFFFFFFFFFFFFFFFFFFFFFFFFFFFFFFFFFFFFFFFFFFFFFFFFF0E
:20D24000FFFFFFFFFFFFFFFFFFFFFFFFFFFFFFFFFFFFFFFFFFFFFFFFFFFFFFFFFFFFFFFFEE
:20D26000FFFFFFFFFFFFFFFFFFFFFFFFFFFFFFFFFFFFFFFFFFFFFFFFFFFFFFFFFFFFFFFFCE
:20D28000FFFFFFFFFFFFFFFFFFFFFFFFFFFFFFFFFFFFFFFFFFFFFFFFFFFFFFFFFFFFFFFFAE
:20D2A000FFFFFFFFFFFFFFFFFFFFFFFFFFFFFFFFFFFFFFFFFFFFFFFFFFFFFFFFFFFFFFFF8E
:20D2C000FFFFFFFFFFFFFFFFFFFFFFFFFFFFFFFFFFFFFFFFFFFFFFFFFFFFFFFFFFFFFFFF6E
:20D2E000FFFFFFFFFFFFFFFFFFFFFFFFFFFFFFFFFFFFFFFFFFFFFFFFFFFFFFFFFFFFFFFF4E
:20D30000FFFFFFFFFFFFFFFFFFFFFFFFFFFFFFFFFFFFFFFFFFFFFFFFFFFFFFFFFFFFFFFF2D
:20D32000FFFFFFFFFFFFFFFFFFFFFFFFFFFFFFFFFFFFFFFFFFFFFFFFFFFFFFFFFFFFFFFF0D
:20D34000FFFFFFFFFFFFFFFFFFFFFFFFFFFFFFFFFFFFFFFFFFFFFFFFFFFFFFFFFFFFFFFFED
:20D36000FFFFFFFFFFFFFFFFFFFFFFFFFFFFFFFFFFFFFFFFFFFFFFFFFFFFFFFFFFFFFFFFCD
:20D38000FFFFFFFFFFFFFFFFFFFFFFFFFFFFFFFFFFFFFFFFFFFFFFFFFFFFFFFFFFFFFFFFAD
:20D3A000FFFFFFFFFFFFFFFFFFFFFFFFFFFFFFFFFFFFFFFFFFFFFFFFFFFFFFFFFFFFFFFF8D
:20D3C000FFFFFFFFFFFFFFFFFFFFFFFFFFFFFFFFFFFFFFFFFFFFFFFFFFFFFFFFFFFFFFFF6D
:20D3E000FFFFFFFFFFFFFFFFFFFFFFFFFFFFFFFFFFFFFFFFFFFFFFFFFFFFFFFFFFFFFFFF4D
:20D40000FFFFFFFFFFFFFFFFFFFFFFFFFFFFFFFFFFFFFFFFFFFFFFFFFFFFFFFFFFFFFFFF2C
:20D42000FFFFFFFFFFFFFFFFFFFFFFFFFFFFFFFFFFFFFFFFFFFFFFFFFFFFFFFFFFFFFFFF0C
:20D44000FFFFFFFFFFFFFFFFFFFFFFFFFFFFFFFFFFFFFFFFFFFFFFFFFFFFFFFFFFFFFFFFEC
:20D46000FFFFFFFFFFFFFFFFFFFFFFFFFFFFFFFFFFFFFFFFFFFFFFFFFFFFFFFFFFFFFFFFCC
:20D48000FFFFFFFFFFFFFFFFFFFFFFFFFFFFFFFFFFFFFFFFFFFFFFFFFFFFFFFFFFFFFFFFAC
:20D4A000FFFFFFFFFFFFFFFFFFFFFFFFFFFFFFFFFFFFFFFFFFFFFFFFFFFFFFFFFFFFFFFF8C
:20D4C000FFFFFFFFFFFFFFFFFFFFFFFFFFFFFFFFFFFFFFFFFFFFFFFFFFFFFFFFFFFFFFFF6C
:20D4E000FFFFFFFFFFFFFFFFFFFFFFFFFFFFFFFFFFFFFFFFFFFFFFFFFFFFFFFFFFFFFFFF4C
:20D50000FFFFFFFFFFFFFFFFFFFFFFFFFFFFFFFFFFFFFFFFFFFFFFFFFFFFFFFFFFFFFFFF2B
:20D52000FFFFFFFFFFFFFFFFFFFFFFFFFFFFFFFFFFFFFFFFFFFFFFFFFFFFFFFFFFFFFFFF0B
:20D54000FFFFFFFFFFFFFFFFFFFFFFFFFFFFFFFFFFFFFFFFFFFFFFFFFFFFFFFFFFFFFFFFEB
:20D56000FFFFFFFFFFFFFFFFFFFFFFFFFFFFFFFFFFFFFFFFFFFFFFFFFFFFFFFFFFFFFFFFCB
:20D58000FFFFFFFFFFFFFFFFFFFFFFFFFFFFFFFFFFFFFFFFFFFFFFFFFFFFFFFFFFFFFFFFAB
:20D5A000FFFFFFFFFFFFFFFFFFFFFFFFFFFFFFFFFFFFFFFFFFFFFFFFFFFFFFFFFFFFFFFF8B
:20D5C000FFFFFFFFFFFFFFFFFFFFFFFFFFFFFFFFFFFFFFFFFFFFFFFFFFFFFFFFFFFFFFFF6B
:20D5E000FFFFFFFFFFFFFFFFFFFFFFFFFFFFFFFFFFFFFFFFFFFFFFFFFFFFFFFFFFFFFFFF4B
:20D60000FFFFFFFFFFFFFFFFFFFFFFFFFFFFFFFFFFFFFFFFFFFFFFFFFFFFFFFFFFFFFFFF2A
:20D62000FFFFFFFFFFFFFFFFFFFFFFFFFFFFFFFFFFFFFFFFFFFFFFFFFFFFFFFFFFFFFFFF0A
:20D64000FFFFFFFFFFFFFFFFFFFFFFFFFFFFFFFFFFFFFFFFFFFFFFFFFFFFFFFFFFFFFFFFEA
:20D66000FFFFFFFFFFFFFFFFFFFFFFFFFFFFFFFFFFFFFFFFFFFFFFFFFFFFFFFFFFFFFFFFCA
:20D68000FFFFFFFFFFFFFFFFFFFFFFFFFFFFFFFFFFFFFFFFFFFFFFFFFFFFFFFFFFFFFFFFAA
:20D6A000FFFFFFFFFFFFFFFFFFFFFFFFFFFFFFFFFFFFFFFFFFFFFFFFFFFFFFFFFFFFFFFF8A
:20D6C000FFFFFFFFFFFFFFFFFFFFFFFFFFFFFFFFFFFFFFFFFFFFFFFFFFFFFFFFFFFFFFFF6A
:20D6E000FFFFFFFFFFFFFFFFFFFFFFFFFFFFFFFFFFFFFFFFFFFFFFFFFFFFFFFFFFFFFFFF4A
:20D70000FFFFFFFFFFFFFFFFFFFFFFFFFFFFFFFFFFFFFFFFFFFFFFFFFFFFFFFFFFFFFFFF29
:20D72000FFFFFFFFFFFFFFFFFFFFFFFFFFFFFFFFFFFFFFFFFFFFFFFFFFFFFFFFFFFFFFFF09
:20D74000FFFFFFFFFFFFFFFFFFFFFFFFFFFFFFFFFFFFFFFFFFFFFFFFFFFFFFFFFFFFFFFFE9
:20D76000FFFFFFFFFFFFFFFFFFFFFFFFFFFFFFFFFFFFFFFFFFFFFFFFFFFFFFFFFFFFFFFFC9
:20D78000FFFFFFFFFFFFFFFFFFFFFFFFFFFFFFFFFFFFFFFFFFFFFFFFFFFFFFFFFFFFFFFFA9
:20D7A000FFFFFFFFFFFFFFFFFFFFFFFFFFFFFFFFFFFFFFFFFFFFFFFFFFFFFFFFFFFFFFFF89
:20D7C000FFFFFFFFFFFFFFFFFFFFFFFFFFFFFFFFFFFFFFFFFFFFFFFFFFFFFFFFFFFFFFFF69
:20D7E000FFFFFFFFFFFFFFFFFFFFFFFFFFFFFFFFFFFFFFFFFFFFFFFFFFFFFFFFFFFFFFFF49
:20D80000FFFFFFFFFFFFFFFFFFFFFFFFFFFFFFFFFFFFFFFFFFFFFFFFFFFFFFFFFFFFFFFF28
:20D82000FFFFFFFFFFFFFFFFFFFFFFFFFFFFFFFFFFFFFFFFFFFFFFFFFFFFFFFFFFFFFFFF08
:20D84000FFFFFFFFFFFFFFFFFFFFFFFFFFFFFFFFFFFFFFFFFFFFFFFFFFFFFFFFFFFFFFFFE8
:20D86000FFFFFFFFFFFFFFFFFFFFFFFFFFFFFFFFFFFFFFFFFFFFFFFFFFFFFFFFFFFFFFFFC8
:20D88000FFFFFFFFFFFFFFFFFFFFFFFFFFFFFFFFFFFFFFFFFFFFFFFFFFFFFFFFFFFFFFFFA8
:20D8A000FFFFFFFFFFFFFFFFFFFFFFFFFFFFFFFFFFFFFFFFFFFFFFFFFFFFFFFFFFFFFFFF88
:20D8C000FFFFFFFFFFFFFFFFFFFFFFFFFFFFFFFFFFFFFFFFFFFFFFFFFFFFFFFFFFFFFFFF68
:20D8E000FFFFFFFFFFFFFFFFFFFFFFFFFFFFFFFFFFFFFFFFFFFFFFFFFFFFFFFFFFFFFFFF48
:20D90000FFFFFFFFFFFFFFFFFFFFFFFFFFFFFFFFFFFFFFFFFFFFFFFFFFFFFFFFFFFFFFFF27
:20D92000FFFFFFFFFFFFFFFFFFFFFFFFFFFFFFFFFFFFFFFFFFFFFFFFFFFFFFFFFFFFFFFF07
:20D94000FFFFFFFFFFFFFFFFFFFFFFFFFFFFFFFFFFFFFFFFFFFFFFFFFFFFFFFFFFFFFFFFE7
:20D96000FFFFFFFFFFFFFFFFFFFFFFFFFFFFFFFFFFFFFFFFFFFFFFFFFFFFFFFFFFFFFFFFC7
:20D98000FFFFFFFFFFFFFFFFFFFFFFFFFFFFFFFFFFFFFFFFFFFFFFFFFFFFFFFFFFFFFFFFA7
:20D9A000FFFFFFFFFFFFFFFFFFFFFFFFFFFFFFFFFFFFFFFFFFFFFFFFFFFFFFFFFFFFFFFF87
:20D9C000FFFFFFFFFFFFFFFFFFFFFFFFFFFFFFFFFFFFFFFFFFFFFFFFFFFFFFFFFFFFFFFF67
:20D9E000FFFFFFFFFFFFFFFFFFFFFFFFFFFFFFFFFFFFFFFFFFFFFFFFFFFFFFFFFFFFFFFF47
:20DA0000FFFFFFFFFFFFFFFFFFFFFFFFFFFFFFFFFFFFFFFFFFFFFFFFFFFFFFFFFFFFFFFF26
:20DA2000FFFFFFFFFFFFFFFFFFFFFFFFFFFFFFFFFFFFFFFFFFFFFFFFFFFFFFFFFFFFFFFF06
:20DA4000FFFFFFFFFFFFFFFFFFFFFFFFFFFFFFFFFFFFFFFFFFFFFFFFFFFFFFFFFFFFFFFFE6
:20DA6000FFFFFFFFFFFFFFFFFFFFFFFFFFFFFFFFFFFFFFFFFFFFFFFFFFFFFFFFFFFFFFFFC6
:20DA8000FFFFFFFFFFFFFFFFFFFFFFFFFFFFFFFFFFFFFFFFFFFFFFFFFFFFFFFFFFFFFFFFA6
:20DAA000FFFFFFFFFFFFFFFFFFFFFFFFFFFFFFFFFFFFFFFFFFFFFFFFFFFFFFFFFFFFFFFF86
:20DAC000FFFFFFFFFFFFFFFFFFFFFFFFFFFFFFFFFFFFFFFFFFFFFFFFFFFFFFFFFFFFFFFF66
:20DAE000FFFFFFFFFFFFFFFFFFFFFFFFFFFFFFFFFFFFFFFFFFFFFFFFFFFFFFFFFFFFFFFF46
:20DB0000FFFFFFFFFFFFFFFFFFFFFFFFFFFFFFFFFFFFFFFFFFFFFFFFFFFFFFFFFFFFFFFF25
:20DB2000FFFFFFFFFFFFFFFFFFFFFFFFFFFFFFFFFFFFFFFFFFFFFFFFFFFFFFFFFFFFFFFF05
:20DB4000FFFFFFFFFFFFFFFFFFFFFFFFFFFFFFFFFFFFFFFFFFFFFFFFFFFFFFFFFFFFFFFFE5
:20DB6000FFFFFFFFFFFFFFFFFFFFFFFFFFFFFFFFFFFFFFFFFFFFFFFFFFFFFFFFFFFFFFFFC5
:20DB8000FFFFFFFFFFFFFFFFFFFFFFFFFFFFFFFFFFFFFFFFFFFFFFFFFFFFFFFFFFFFFFFFA5
:20DBA000FFFFFFFFFFFFFFFFFFFFFFFFFFFFFFFFFFFFFFFFFFFFFFFFFFFFFFFFFFFFFFFF85
:20DBC000FFFFFFFFFFFFFFFFFFFFFFFFFFFFFFFFFFFFFFFFFFFFFFFFFFFFFFFFFFFFFFFF65
:20DBE000FFFFFFFFFFFFFFFFFFFFFFFFFFFFFFFFFFFFFFFFFFFFFFFFFFFFFFFFFFFFFFFF45
:20DC0000FFFFFFFFFFFFFFFFFFFFFFFFFFFFFFFFFFFFFFFFFFFFFFFFFFFFFFFFFFFFFFFF24
:20DC2000FFFFFFFFFFFFFFFFFFFFFFFFFFFFFFFFFFFFFFFFFFFFFFFFFFFFFFFFFFFFFFFF04
:20DC4000FFFFFFFFFFFFFFFFFFFFFFFFFFFFFFFFFFFFFFFFFFFFFFFFFFFFFFFFFFFFFFFFE4
:20DC6000FFFFFFFFFFFFFFFFFFFFFFFFFFFFFFFFFFFFFFFFFFFFFFFFFFFFFFFFFFFFFFFFC4
:20DC8000FFFFFFFFFFFFFFFFFFFFFFFFFFFFFFFFFFFFFFFFFFFFFFFFFFFFFFFFFFFFFFFFA4
:20DCA000FFFFFFFFFFFFFFFFFFFFFFFFFFFFFFFFFFFFFFFFFFFFFFFFFFFFFFFFFFFFFFFF84
:20DCC000FFFFFFFFFFFFFFFFFFFFFFFFFFFFFFFFFFFFFFFFFFFFFFFFFFFFFFFFFFFFFFFF64
:20DCE000FFFFFFFFFFFFFFFFFFFFFFFFFFFFFFFFFFFFFFFFFFFFFFFFFFFFFFFFFFFFFFFF44
:20DD0000FFFFFFFFFFFFFFFFFFFFFFFFFFFFFFFFFFFFFFFFFFFFFFFFFFFFFFFFFFFFFFFF23
:20DD2000FFFFFFFFFFFFFFFFFFFFFFFFFFFFFFFFFFFFFFFFFFFFFFFFFFFFFFFFFFFFFFFF03
:20DD4000FFFFFFFFFFFFFFFFFFFFFFFFFFFFFFFFFFFFFFFFFFFFFFFFFFFFFFFFFFFFFFFFE3
:20DD6000FFFFFFFFFFFFFFFFFFFFFFFFFFFFFFFFFFFFFFFFFFFFFFFFFFFFFFFFFFFFFFFFC3
:20DD8000FFFFFFFFFFFFFFFFFFFFFFFFFFFFFFFFFFFFFFFFFFFFFFFFFFFFFFFFFFFFFFFFA3
:20DDA000FFFFFFFFFFFFFFFFFFFFFFFFFFFFFFFFFFFFFFFFFFFFFFFFFFFFFFFFFFFFFFFF83
:20DDC000FFFFFFFFFFFFFFFFFFFFFFFFFFFFFFFFFFFFFFFFFFFFFFFFFFFFFFFFFFFFFFFF63
:20DDE000FFFFFFFFFFFFFFFFFFFFFFFFFFFFFFFFFFFFFFFFFFFFFFFFFFFFFFFFFFFFFFFF43
:20DE0000FFFFFFFFFFFFFFFFFFFFFFFFFFFFFFFFFFFFFFFFFFFFFFFFFFFFFFFFFFFFFFFF22
:20DE2000FFFFFFFFFFFFFFFFFFFFFFFFFFFFFFFFFFFFFFFFFFFFFFFFFFFFFFFFFFFFFFFF02
:20DE4000FFFFFFFFFFFFFFFFFFFFFFFFFFFFFFFFFFFFFFFFFFFFFFFFFFFFFFFFFFFFFFFFE2
:20DE6000FFFFFFFFFFFFFFFFFFFFFFFFFFFFFFFFFFFFFFFFFFFFFFFFFFFFFFFFFFFFFFFFC2
:20DE8000FFFFFFFFFFFFFFFFFFFFFFFFFFFFFFFFFFFFFFFFFFFFFFFFFFFFFFFFFFFFFFFFA2
:20DEA000FFFFFFFFFFFFFFFFFFFFFFFFFFFFFFFFFFFFFFFFFFFFFFFFFFFFFFFFFFFFFFFF82
:20DEC000FFFFFFFFFFFFFFFFFFFFFFFFFFFFFFFFFFFFFFFFFFFFFFFFFFFFFFFFFFFFFFFF62
:20DEE000FFFFFFFFFFFFFFFFFFFFFFFFFFFFFFFFFFFFFFFFFFFFFFFFFFFFFFFFFFFFFFFF42
:20DF0000FFFFFFFFFFFFFFFFFFFFFFFFFFFFFFFFFFFFFFFFFFFFFFFFFFFFFFFFFFFFFFFF21
:20DF2000FFFFFFFFFFFFFFFFFFFFFFFFFFFFFFFFFFFFFFFFFFFFFFFFFFFFFFFFFFFFFFFF01
:20DF4000FFFFFFFFFFFFFFFFFFFFFFFFFFFFFFFFFFFFFFFFFFFFFFFFFFFFFFFFFFFFFFFFE1
:20DF6000FFFFFFFFFFFFFFFFFFFFFFFFFFFFFFFFFFFFFFFFFFFFFFFFFFFFFFFFFFFFFFFFC1
:20DF8000FFFFFFFFFFFFFFFFFFFFFFFFFFFFFFFFFFFFFFFFFFFFFFFFFFFFFFFFFFFFFFFFA1
:20DFA000FFFFFFFFFFFFFFFFFFFFFFFFFFFFFFFFFFFFFFFFFFFFFFFFFFFFFFFFFFFFFFFF81
:20DFC000FFFFFFFFFFFFFFFFFFFFFFFFFFFFFFFFFFFFFFFFFFFFFFFFFFFFFFFFFFFFFFFF61
:20DFE000FFFFFFFFFFFFFFFFFFFFFFFFFFFFFFFFFFFFFFFFFFFFFFFFFFFFFFFFFFFFFFFF41
:20E00000FFFFFFFFFFFFFFFFFFFFFFFFFFFFFFFFFFFFFFFFFFFFFFFFFFFFFFFFFFFFFFFF20
:20E02000FFFFFFFFFFFFFFFFFFFFFFFFFFFFFFFFFFFFFFFFFFFFFFFFFFFFFFFFFFFFFFFF00
:20E04000FFFFFFFFFFFFFFFFFFFFFFFFFFFFFFFFFFFFFFFFFFFFFFFFFFFFFFFFFFFFFFFFE0
:20E06000FFFFFFFFFFFFFFFFFFFFFFFFFFFFFFFFFFFFFFFFFFFFFFFFFFFFFFFFFFFFFFFFC0
:20E08000FFFFFFFFFFFFFFFFFFFFFFFFFFFFFFFFFFFFFFFFFFFFFFFFFFFFFFFFFFFFFFFFA0
:20E0A000FFFFFFFFFFFFFFFFFFFFFFFFFFFFFFFFFFFFFFFFFFFFFFFFFFFFFFFFFFFFFFFF80
:20E0C000FFFFFFFFFFFFFFFFFFFFFFFFFFFFFFFFFFFFFFFFFFFFFFFFFFFFFFFFFFFFFFFF60
:20E0E000FFFFFFFFFFFFFFFFFFFFFFFFFFFFFFFFFFFFFFFFFFFFFFFFFFFFFFFFFFFFFFFF40
:20E10000FFFFFFFFFFFFFFFFFFFFFFFFFFFFFFFFFFFFFFFFFFFFFFFFFFFFFFFFFFFFFFFF1F
:20E12000FFFFFFFFFFFFFFFFFFFFFFFFFFFFFFFFFFFFFFFFFFFFFFFFFFFFFFFFFFFFFFFFFF
:20E14000FFFFFFFFFFFFFFFFFFFFFFFFFFFFFFFFFFFFFFFFFFFFFFFFFFFFFFFFFFFFFFFFDF
:20E16000FFFFFFFFFFFFFFFFFFFFFFFFFFFFFFFFFFFFFFFFFFFFFFFFFFFFFFFFFFFFFFFFBF
:20E18000FFFFFFFFFFFFFFFFFFFFFFFFFFFFFFFFFFFFFFFFFFFFFFFFFFFFFFFFFFFFFFFF9F
:20E1A000FFFFFFFFFFFFFFFFFFFFFFFFFFFFFFFFFFFFFFFFFFFFFFFFFFFFFFFFFFFFFFFF7F
:20E1C000FFFFFFFFFFFFFFFFFFFFFFFFFFFFFFFFFFFFFFFFFFFFFFFFFFFFFFFFFFFFFFFF5F
:20E1E000FFFFFFFFFFFFFFFFFFFFFFFFFFFFFFFFFFFFFFFFFFFFFFFFFFFFFFFFFFFFFFFF3F
:20E20000FFFFFFFFFFFFFFFFFFFFFFFFFFFFFFFFFFFFFFFFFFFFFFFFFFFFFFFFFFFFFFFF1E
:20E22000FFFFFFFFFFFFFFFFFFFFFFFFFFFFFFFFFFFFFFFFFFFFFFFFFFFFFFFFFFFFFFFFFE
:20E24000FFFFFFFFFFFFFFFFFFFFFFFFFFFFFFFFFFFFFFFFFFFFFFFFFFFFFFFFFFFFFFFFDE
:20E26000FFFFFFFFFFFFFFFFFFFFFFFFFFFFFFFFFFFFFFFFFFFFFFFFFFFFFFFFFFFFFFFFBE
:20E28000FFFFFFFFFFFFFFFFFFFFFFFFFFFFFFFFFFFFFFFFFFFFFFFFFFFFFFFFFFFFFFFF9E
:20E2A000FFFFFFFFFFFFFFFFFFFFFFFFFFFFFFFFFFFFFFFFFFFFFFFFFFFFFFFFFFFFFFFF7E
:20E2C000FFFFFFFFFFFFFFFFFFFFFFFFFFFFFFFFFFFFFFFFFFFFFFFFFFFFFFFFFFFFFFFF5E
:20E2E000FFFFFFFFFFFFFFFFFFFFFFFFFFFFFFFFFFFFFFFFFFFFFFFFFFFFFFFFFFFFFFFF3E
:20E30000FFFFFFFFFFFFFFFFFFFFFFFFFFFFFFFFFFFFFFFFFFFFFFFFFFFFFFFFFFFFFFFF1D
:20E32000FFFFFFFFFFFFFFFFFFFFFFFFFFFFFFFFFFFFFFFFFFFFFFFFFFFFFFFFFFFFFFFFFD
:20E34000FFFFFFFFFFFFFFFFFFFFFFFFFFFFFFFFFFFFFFFFFFFFFFFFFFFFFFFFFFFFFFFFDD
:20E36000FFFFFFFFFFFFFFFFFFFFFFFFFFFFFFFFFFFFFFFFFFFFFFFFFFFFFFFFFFFFFFFFBD
:20E38000FFFFFFFFFFFFFFFFFFFFFFFFFFFFFFFFFFFFFFFFFFFFFFFFFFFFFFFFFFFFFFFF9D
:20E3A000FFFFFFFFFFFFFFFFFFFFFFFFFFFFFFFFFFFFFFFFFFFFFFFFFFFFFFFFFFFFFFFF7D
:20E3C000FFFFFFFFFFFFFFFFFFFFFFFFFFFFFFFFFFFFFFFFFFFFFFFFFFFFFFFFFFFFFFFF5D
:20E3E000FFFFFFFFFFFFFFFFFFFFFFFFFFFFFFFFFFFFFFFFFFFFFFFFFFFFFFFFFFFFFFFF3D
:20E40000FFFFFFFFFFFFFFFFFFFFFFFFFFFFFFFFFFFFFFFFFFFFFFFFFFFFFFFFFFFFFFFF1C
:20E42000FFFFFFFFFFFFFFFFFFFFFFFFFFFFFFFFFFFFFFFFFFFFFFFFFFFFFFFFFFFFFFFFFC
:20E44000FFFFFFFFFFFFFFFFFFFFFFFFFFFFFFFFFFFFFFFFFFFFFFFFFFFFFFFFFFFFFFFFDC
:20E46000FFFFFFFFFFFFFFFFFFFFFFFFFFFFFFFFFFFFFFFFFFFFFFFFFFFFFFFFFFFFFFFFBC
:20E48000FFFFFFFFFFFFFFFFFFFFFFFFFFFFFFFFFFFFFFFFFFFFFFFFFFFFFFFFFFFFFFFF9C
:20E4A000FFFFFFFFFFFFFFFFFFFFFFFFFFFFFFFFFFFFFFFFFFFFFFFFFFFFFFFFFFFFFFFF7C
:20E4C000FFFFFFFFFFFFFFFFFFFFFFFFFFFFFFFFFFFFFFFFFFFFFFFFFFFFFFFFFFFFFFFF5C
:20E4E000FFFFFFFFFFFFFFFFFFFFFFFFFFFFFFFFFFFFFFFFFFFFFFFFFFFFFFFFFFFFFFFF3C
:20E50000FFFFFFFFFFFFFFFFFFFFFFFFFFFFFFFFFFFFFFFFFFFFFFFFFFFFFFFFFFFFFFFF1B
:20E52000FFFFFFFFFFFFFFFFFFFFFFFFFFFFFFFFFFFFFFFFFFFFFFFFFFFFFFFFFFFFFFFFFB
:20E54000FFFFFFFFFFFFFFFFFFFFFFFFFFFFFFFFFFFFFFFFFFFFFFFFFFFFFFFFFFFFFFFFDB
:20E56000FFFFFFFFFFFFFFFFFFFFFFFFFFFFFFFFFFFFFFFFFFFFFFFFFFFFFFFFFFFFFFFFBB
:20E58000FFFFFFFFFFFFFFFFFFFFFFFFFFFFFFFFFFFFFFFFFFFFFFFFFFFFFFFFFFFFFFFF9B
:20E5A000FFFFFFFFFFFFFFFFFFFFFFFFFFFFFFFFFFFFFFFFFFFFFFFFFFFFFFFFFFFFFFFF7B
:20E5C000FFFFFFFFFFFFFFFFFFFFFFFFFFFFFFFFFFFFFFFFFFFFFFFFFFFFFFFFFFFFFFFF5B
:20E5E000FFFFFFFFFFFFFFFFFFFFFFFFFFFFFFFFFFFFFFFFFFFFFFFFFFFFFFFFFFFFFFFF3B
:20E60000FFFFFFFFFFFFFFFFFFFFFFFFFFFFFFFFFFFFFFFFFFFFFFFFFFFFFFFFFFFFFFFF1A
:20E62000FFFFFFFFFFFFFFFFFFFFFFFFFFFFFFFFFFFFFFFFFFFFFFFFFFFFFFFFFFFFFFFFFA
:20E64000FFFFFFFFFFFFFFFFFFFFFFFFFFFFFFFFFFFFFFFFFFFFFFFFFFFFFFFFFFFFFFFFDA
:20E66000FFFFFFFFFFFFFFFFFFFFFFFFFFFFFFFFFFFFFFFFFFFFFFFFFFFFFFFFFFFFFFFFBA
:20E68000FFFFFFFFFFFFFFFFFFFFFFFFFFFFFFFFFFFFFFFFFFFFFFFFFFFFFFFFFFFFFFFF9A
:20E6A000FFFFFFFFFFFFFFFFFFFFFFFFFFFFFFFFFFFFFFFFFFFFFFFFFFFFFFFFFFFFFFFF7A
:20E6C000FFFFFFFFFFFFFFFFFFFFFFFFFFFFFFFFFFFFFFFFFFFFFFFFFFFFFFFFFFFFFFFF5A
:20E6E000FFFFFFFFFFFFFFFFFFFFFFFFFFFFFFFFFFFFFFFFFFFFFFFFFFFFFFFFFFFFFFFF3A
:20E70000FFFFFFFFFFFFFFFFFFFFFFFFFFFFFFFFFFFFFFFFFFFFFFFFFFFFFFFFFFFFFFFF19
:20E72000FFFFFFFFFFFFFFFFFFFFFFFFFFFFFFFFFFFFFFFFFFFFFFFFFFFFFFFFFFFFFFFFF9
:20E74000FFFFFFFFFFFFFFFFFFFFFFFFFFFFFFFFFFFFFFFFFFFFFFFFFFFFFFFFFFFFFFFFD9
:20E76000FFFFFFFFFFFFFFFFFFFFFFFFFFFFFFFFFFFFFFFFFFFFFFFFFFFFFFFFFFFFFFFFB9
:20E78000FFFFFFFFFFFFFFFFFFFFFFFFFFFFFFFFFFFFFFFFFFFFFFFFFFFFFFFFFFFFFFFF99
:20E7A000FFFFFFFFFFFFFFFFFFFFFFFFFFFFFFFFFFFFFFFFFFFFFFFFFFFFFFFFFFFFFFFF79
:20E7C000FFFFFFFFFFFFFFFFFFFFFFFFFFFFFFFFFFFFFFFFFFFFFFFFFFFFFFFFFFFFFFFF59
:20E7E000FFFFFFFFFFFFFFFFFFFFFFFFFFFFFFFFFFFFFFFFFFFFFFFFFFFFFFFFFFFFFFFF39
:20E80000FFFFFFFFFFFFFFFFFFFFFFFFFFFFFFFFFFFFFFFFFFFFFFFFFFFFFFFFFFFFFFFF18
:20E82000FFFFFFFFFFFFFFFFFFFFFFFFFFFFFFFFFFFFFFFFFFFFFFFFFFFFFFFFFFFFFFFFF8
:20E84000FFFFFFFFFFFFFFFFFFFFFFFFFFFFFFFFFFFFFFFFFFFFFFFFFFFFFFFFFFFFFFFFD8
:20E86000FFFFFFFFFFFFFFFFFFFFFFFFFFFFFFFFFFFFFFFFFFFFFFFFFFFFFFFFFFFFFFFFB8
:20E88000FFFFFFFFFFFFFFFFFFFFFFFFFFFFFFFFFFFFFFFFFFFFFFFFFFFFFFFFFFFFFFFF98
:20E8A000FFFFFFFFFFFFFFFFFFFFFFFFFFFFFFFFFFFFFFFFFFFFFFFFFFFFFFFFFFFFFFFF78
:20E8C000FFFFFFFFFFFFFFFFFFFFFFFFFFFFFFFFFFFFFFFFFFFFFFFFFFFFFFFFFFFFFFFF58
:20E8E000FFFFFFFFFFFFFFFFFFFFFFFFFFFFFFFFFFFFFFFFFFFFFFFFFFFFFFFFFFFFFFFF38
:20E90000FFFFFFFFFFFFFFFFFFFFFFFFFFFFFFFFFFFFFFFFFFFFFFFFFFFFFFFFFFFFFFFF17
:20E92000FFFFFFFFFFFFFFFFFFFFFFFFFFFFFFFFFFFFFFFFFFFFFFFFFFFFFFFFFFFFFFFFF7
:20E94000FFFFFFFFFFFFFFFFFFFFFFFFFFFFFFFFFFFFFFFFFFFFFFFFFFFFFFFFFFFFFFFFD7
:20E96000FFFFFFFFFFFFFFFFFFFFFFFFFFFFFFFFFFFFFFFFFFFFFFFFFFFFFFFFFFFFFFFFB7
:20E98000FFFFFFFFFFFFFFFFFFFFFFFFFFFFFFFFFFFFFFFFFFFFFFFFFFFFFFFFFFFFFFFF97
:20E9A000FFFFFFFFFFFFFFFFFFFFFFFFFFFFFFFFFFFFFFFFFFFFFFFFFFFFFFFFFFFFFFFF77
:20E9C000FFFFFFFFFFFFFFFFFFFFFFFFFFFFFFFFFFFFFFFFFFFFFFFFFFFFFFFFFFFFFFFF57
:20E9E000FFFFFFFFFFFFFFFFFFFFFFFFFFFFFFFFFFFFFFFFFFFFFFFFFFFFFFFFFFFFFFFF37
:20EA0000FFFFFFFFFFFFFFFFFFFFFFFFFFFFFFFFFFFFFFFFFFFFFFFFFFFFFFFFFFFFFFFF16
:20EA2000FFFFFFFFFFFFFFFFFFFFFFFFFFFFFFFFFFFFFFFFFFFFFFFFFFFFFFFFFFFFFFFFF6
:20EA4000FFFFFFFFFFFFFFFFFFFFFFFFFFFFFFFFFFFFFFFFFFFFFFFFFFFFFFFFFFFFFFFFD6
:20EA6000FFFFFFFFFFFFFFFFFFFFFFFFFFFFFFFFFFFFFFFFFFFFFFFFFFFFFFFFFFFFFFFFB6
:20EA8000FFFFFFFFFFFFFFFFFFFFFFFFFFFFFFFFFFFFFFFFFFFFFFFFFFFFFFFFFFFFFFFF96
:20EAA000FFFFFFFFFFFFFFFFFFFFFFFFFFFFFFFFFFFFFFFFFFFFFFFFFFFFFFFFFFFFFFFF76
:20EAC000FFFFFFFFFFFFFFFFFFFFFFFFFFFFFFFFFFFFFFFFFFFFFFFFFFFFFFFFFFFFFFFF56
:20EAE000FFFFFFFFFFFFFFFFFFFFFFFFFFFFFFFFFFFFFFFFFFFFFFFFFFFFFFFFFFFFFFFF36
:20EB0000FFFFFFFFFFFFFFFFFFFFFFFFFFFFFFFFFFFFFFFFFFFFFFFFFFFFFFFFFFFFFFFF15
:20EB2000FFFFFFFFFFFFFFFFFFFFFFFFFFFFFFFFFFFFFFFFFFFFFFFFFFFFFFFFFFFFFFFFF5
:20EB4000FFFFFFFFFFFFFFFFFFFFFFFFFFFFFFFFFFFFFFFFFFFFFFFFFFFFFFFFFFFFFFFFD5
:20EB6000FFFFFFFFFFFFFFFFFFFFFFFFFFFFFFFFFFFFFFFFFFFFFFFFFFFFFFFFFFFFFFFFB5
:20EB8000FFFFFFFFFFFFFFFFFFFFFFFFFFFFFFFFFFFFFFFFFFFFFFFFFFFFFFFFFFFFFFFF95
:20EBA000FFFFFFFFFFFFFFFFFFFFFFFFFFFFFFFFFFFFFFFFFFFFFFFFFFFFFFFFFFFFFFFF75
:20EBC000FFFFFFFFFFFFFFFFFFFFFFFFFFFFFFFFFFFFFFFFFFFFFFFFFFFFFFFFFFFFFFFF55
:20EBE000FFFFFFFFFFFFFFFFFFFFFFFFFFFFFFFFFFFFFFFFFFFFFFFFFFFFFFFFFFFFFFFF35
:20EC0000FFFFFFFFFFFFFFFFFFFFFFFFFFFFFFFFFFFFFFFFFFFFFFFFFFFFFFFFFFFFFFFF14
:20EC2000FFFFFFFFFFFFFFFFFFFFFFFFFFFFFFFFFFFFFFFFFFFFFFFFFFFFFFFFFFFFFFFFF4
:20EC4000FFFFFFFFFFFFFFFFFFFFFFFFFFFFFFFFFFFFFFFFFFFFFFFFFFFFFFFFFFFFFFFFD4
:20EC6000FFFFFFFFFFFFFFFFFFFFFFFFFFFFFFFFFFFFFFFFFFFFFFFFFFFFFFFFFFFFFFFFB4
:20EC8000FFFFFFFFFFFFFFFFFFFFFFFFFFFFFFFFFFFFFFFFFFFFFFFFFFFFFFFFFFFFFFFF94
:20ECA000FFFFFFFFFFFFFFFFFFFFFFFFFFFFFFFFFFFFFFFFFFFFFFFFFFFFFFFFFFFFFFFF74
:20ECC000FFFFFFFFFFFFFFFFFFFFFFFFFFFFFFFFFFFFFFFFFFFFFFFFFFFFFFFFFFFFFFFF54
:20ECE000FFFFFFFFFFFFFFFFFFFFFFFFFFFFFFFFFFFFFFFFFFFFFFFFFFFFFFFFFFFFFFFF34
:20ED0000FFFFFFFFFFFFFFFFFFFFFFFFFFFFFFFFFFFFFFFFFFFFFFFFFFFFFFFFFFFFFFFF13
:20ED2000FFFFFFFFFFFFFFFFFFFFFFFFFFFFFFFFFFFFFFFFFFFFFFFFFFFFFFFFFFFFFFFFF3
:20ED4000FFFFFFFFFFFFFFFFFFFFFFFFFFFFFFFFFFFFFFFFFFFFFFFFFFFFFFFFFFFFFFFFD3
:20ED6000FFFFFFFFFFFFFFFFFFFFFFFFFFFFFFFFFFFFFFFFFFFFFFFFFFFFFFFFFFFFFFFFB3
:20ED8000FFFFFFFFFFFFFFFFFFFFFFFFFFFFFFFFFFFFFFFFFFFFFFFFFFFFFFFFFFFFFFFF93
:20EDA000FFFFFFFFFFFFFFFFFFFFFFFFFFFFFFFFFFFFFFFFFFFFFFFFFFFFFFFFFFFFFFFF73
:20EDC000FFFFFFFFFFFFFFFFFFFFFFFFFFFFFFFFFFFFFFFFFFFFFFFFFFFFFFFFFFFFFFFF53
:20EDE000FFFFFFFFFFFFFFFFFFFFFFFFFFFFFFFFFFFFFFFFFFFFFFFFFFFFFFFFFFFFFFFF33
:20EE0000FFFFFFFFFFFFFFFFFFFFFFFFFFFFFFFFFFFFFFFFFFFFFFFFFFFFFFFFFFFFFFFF12
:20EE2000FFFFFFFFFFFFFFFFFFFFFFFFFFFFFFFFFFFFFFFFFFFFFFFFFFFFFFFFFFFFFFFFF2
:20EE4000FFFFFFFFFFFFFFFFFFFFFFFFFFFFFFFFFFFFFFFFFFFFFFFFFFFFFFFFFFFFFFFFD2
:20EE6000FFFFFFFFFFFFFFFFFFFFFFFFFFFFFFFFFFFFFFFFFFFFFFFFFFFFFFFFFFFFFFFFB2
:20EE8000FFFFFFFFFFFFFFFFFFFFFFFFFFFFFFFFFFFFFFFFFFFFFFFFFFFFFFFFFFFFFFFF92
:20EEA000FFFFFFFFFFFFFFFFFFFFFFFFFFFFFFFFFFFFFFFFFFFFFFFFFFFFFFFFFFFFFFFF72
:20EEC000FFFFFFFFFFFFFFFFFFFFFFFFFFFFFFFFFFFFFFFFFFFFFFFFFFFFFFFFFFFFFFFF52
:20EEE000FFFFFFFFFFFFFFFFFFFFFFFFFFFFFFFFFFFFFFFFFFFFFFFFFFFFFFFFFFFFFFFF32
:20EF0000FFFFFFFFFFFFFFFFFFFFFFFFFFFFFFFFFFFFFFFFFFFFFFFFFFFFFFFFFFFFFFFF11
:20EF2000FFFFFFFFFFFFFFFFFFFFFFFFFFFFFFFFFFFFFFFFFFFFFFFFFFFFFFFFFFFFFFFFF1
:20EF4000FFFFFFFFFFFFFFFFFFFFFFFFFFFFFFFFFFFFFFFFFFFFFFFFFFFFFFFFFFFFFFFFD1
:20EF6000FFFFFFFFFFFFFFFFFFFFFFFFFFFFFFFFFFFFFFFFFFFFFFFFFFFFFFFFFFFFFFFFB1
:20EF8000FFFFFFFFFFFFFFFFFFFFFFFFFFFFFFFFFFFFFFFFFFFFFFFFFFFFFFFFFFFFFFFF91
:20EFA000FFFFFFFFFFFFFFFFFFFFFFFFFFFFFFFFFFFFFFFFFFFFFFFFFFFFFFFFFFFFFFFF71
:20EFC000FFFFFFFFFFFFFFFFFFFFFFFFFFFFFFFFFFFFFFFFFFFFFFFFFFFFFFFFFFFFFFFF51
:20EFE000FFFFFFFFFFFFFFFFFFFFFFFFFFFFFFFFFFFFFFFFFFFFFFFFFFFFFFFFFFFFFFFF31
:20F00000FFFFFFFFFFFFFFFFFFFFFFFFFFFFFFFFFFFFFFFFFFFFFFFFFFFFFFFFFFFFFFFF10
:20F02000FFFFFFFFFFFFFFFFFFFFFFFFFFFFFFFFFFFFFFFFFFFFFFFFFFFFFFFFFFFFFFFFF0
:20F04000FFFFFFFFFFFFFFFFFFFFFFFFFFFFFFFFFFFFFFFFFFFFFFFFFFFFFFFFFFFFFFFFD0
:20F06000FFFFFFFFFFFFFFFFFFFFFFFFFFFFFFFFFFFFFFFFFFFFFFFFFFFFFFFFFFFFFFFFB0
:20F08000FFFFFFFFFFFFFFFFFFFFFFFFFFFFFFFFFFFFFFFFFFFFFFFFFFFFFFFFFFFFFFFF90
:20F0A000FFFFFFFFFFFFFFFFFFFFFFFFFFFFFFFFFFFFFFFFFFFFFFFFFFFFFFFFFFFFFFFF70
:20F0C000FFFFFFFFFFFFFFFFFFFFFFFFFFFFFFFFFFFFFFFFFFFFFFFFFFFFFFFFFFFFFFFF50
:20F0E000FFFFFFFFFFFFFFFFFFFFFFFFFFFFFFFFFFFFFFFFFFFFFFFFFFFFFFFFFFFFFFFF30
:20F10000FFFFFFFFFFFFFFFFFFFFFFFFFFFFFFFFFFFFFFFFFFFFFFFFFFFFFFFFFFFFFFFF0F
:20F12000FFFFFFFFFFFFFFFFFFFFFFFFFFFFFFFFFFFFFFFFFFFFFFFFFFFFFFFFFFFFFFFFEF
:20F14000FFFFFFFFFFFFFFFFFFFFFFFFFFFFFFFFFFFFFFFFFFFFFFFFFFFFFFFFFFFFFFFFCF
:20F16000FFFFFFFFFFFFFFFFFFFFFFFFFFFFFFFFFFFFFFFFFFFFFFFFFFFFFFFFFFFFFFFFAF
:20F18000FFFFFFFFFFFFFFFFFFFFFFFFFFFFFFFFFFFFFFFFFFFFFFFFFFFFFFFFFFFFFFFF8F
:20F1A000FFFFFFFFFFFFFFFFFFFFFFFFFFFFFFFFFFFFFFFFFFFFFFFFFFFFFFFFFFFFFFFF6F
:20F1C000FFFFFFFFFFFFFFFFFFFFFFFFFFFFFFFFFFFFFFFFFFFFFFFFFFFFFFFFFFFFFFFF4F
:20F1E000FFFFFFFFFFFFFFFFFFFFFFFFFFFFFFFFFFFFFFFFFFFFFFFFFFFFFFFFFFFFFFFF2F
:20F20000FFFFFFFFFFFFFFFFFFFFFFFFFFFFFFFFFFFFFFFFFFFFFFFFFFFFFFFFFFFFFFFF0E
:20F22000FFFFFFFFFFFFFFFFFFFFFFFFFFFFFFFFFFFFFFFFFFFFFFFFFFFFFFFFFFFFFFFFEE
:20F24000FFFFFFFFFFFFFFFFFFFFFFFFFFFFFFFFFFFFFFFFFFFFFFFFFFFFFFFFFFFFFFFFCE
:20F26000FFFFFFFFFFFFFFFFFFFFFFFFFFFFFFFFFFFFFFFFFFFFFFFFFFFFFFFFFFFFFFFFAE
:20F28000FFFFFFFFFFFFFFFFFFFFFFFFFFFFFFFFFFFFFFFFFFFFFFFFFFFFFFFFFFFFFFFF8E
:20F2A000FFFFFFFFFFFFFFFFFFFFFFFFFFFFFFFFFFFFFFFFFFFFFFFFFFFFFFFFFFFFFFFF6E
:20F2C000FFFFFFFFFFFFFFFFFFFFFFFFFFFFFFFFFFFFFFFFFFFFFFFFFFFFFFFFFFFFFFFF4E
:20F2E000FFFFFFFFFFFFFFFFFFFFFFFFFFFFFFFFFFFFFFFFFFFFFFFFFFFFFFFFFFFFFFFF2E
:20F30000FFFFFFFFFFFFFFFFFFFFFFFFFFFFFFFFFFFFFFFFFFFFFFFFFFFFFFFFFFFFFFFF0D
:20F32000FFFFFFFFFFFFFFFFFFFFFFFFFFFFFFFFFFFFFFFFFFFFFFFFFFFFFFFFFFFFFFFFED
:20F34000FFFFFFFFFFFFFFFFFFFFFFFFFFFFFFFFFFFFFFFFFFFFFFFFFFFFFFFFFFFFFFFFCD
:20F36000FFFFFFFFFFFFFFFFFFFFFFFFFFFFFFFFFFFFFFFFFFFFFFFFFFFFFFFFFFFFFFFFAD
:20F38000FFFFFFFFFFFFFFFFFFFFFFFFFFFFFFFFFFFFFFFFFFFFFFFFFFFFFFFFFFFFFFFF8D
:20F3A000FFFFFFFFFFFFFFFFFFFFFFFFFFFFFFFFFFFFFFFFFFFFFFFFFFFFFFFFFFFFFFFF6D
:20F3C000FFFFFFFFFFFFFFFFFFFFFFFFFFFFFFFFFFFFFFFFFFFFFFFFFFFFFFFFFFFFFFFF4D
:20F3E000FFFFFFFFFFFFFFFFFFFFFFFFFFFFFFFFFFFFFFFFFFFFFFFFFFFFFFFFFFFFFFFF2D
:20F40000FFFFFFFFFFFFFFFFFFFFFFFFFFFFFFFFFFFFFFFFFFFFFFFFFFFFFFFFFFFFFFFF0C
:20F42000FFFFFFFFFFFFFFFFFFFFFFFFFFFFFFFFFFFFFFFFFFFFFFFFFFFFFFFFFFFFFFFFEC
:20F44000FFFFFFFFFFFFFFFFFFFFFFFFFFFFFFFFFFFFFFFFFFFFFFFFFFFFFFFFFFFFFFFFCC
:20F46000FFFFFFFFFFFFFFFFFFFFFFFFFFFFFFFFFFFFFFFFFFFFFFFFFFFFFFFFFFFFFFFFAC
:20F48000FFFFFFFFFFFFFFFFFFFFFFFFFFFFFFFFFFFFFFFFFFFFFFFFFFFFFFFFFFFFFFFF8C
:20F4A000FFFFFFFFFFFFFFFFFFFFFFFFFFFFFFFFFFFFFFFFFFFFFFFFFFFFFFFFFFFFFFFF6C
:20F4C000FFFFFFFFFFFFFFFFFFFFFFFFFFFFFFFFFFFFFFFFFFFFFFFFFFFFFFFFFFFFFFFF4C
:20F4E000FFFFFFFFFFFFFFFFFFFFFFFFFFFFFFFFFFFFFFFFFFFFFFFFFFFFFFFFFFFFFFFF2C
:20F50000FFFFFFFFFFFFFFFFFFFFFFFFFFFFFFFFFFFFFFFFFFFFFFFFFFFFFFFFFFFFFFFF0B
:20F52000FFFFFFFFFFFFFFFFFFFFFFFFFFFFFFFFFFFFFFFFFFFFFFFFFFFFFFFFFFFFFFFFEB
:20F54000FFFFFFFFFFFFFFFFFFFFFFFFFFFFFFFFFFFFFFFFFFFFFFFFFFFFFFFFFFFFFFFFCB
:20F56000FFFFFFFFFFFFFFFFFFFFFFFFFFFFFFFFFFFFFFFFFFFFFFFFFFFFFFFFFFFFFFFFAB
:20F58000FFFFFFFFFFFFFFFFFFFFFFFFFFFFFFFFFFFFFFFFFFFFFFFFFFFFFFFFFFFFFFFF8B
:20F5A000FFFFFFFFFFFFFFFFFFFFFFFFFFFFFFFFFFFFFFFFFFFFFFFFFFFFFFFFFFFFFFFF6B
:20F5C000FFFFFFFFFFFFFFFFFFFFFFFFFFFFFFFFFFFFFFFFFFFFFFFFFFFFFFFFFFFFFFFF4B
:20F5E000FFFFFFFFFFFFFFFFFFFFFFFFFFFFFFFFFFFFFFFFFFFFFFFFFFFFFFFFFFFFFFFF2B
:20F60000FFFFFFFFFFFFFFFFFFFFFFFFFFFFFFFFFFFFFFFFFFFFFFFFFFFFFFFFFFFFFFFF0A
:20F62000FFFFFFFFFFFFFFFFFFFFFFFFFFFFFFFFFFFFFFFFFFFFFFFFFFFFFFFFFFFFFFFFEA
:20F64000FFFFFFFFFFFFFFFFFFFFFFFFFFFFFFFFFFFFFFFFFFFFFFFFFFFFFFFFFFFFFFFFCA
:20F66000FFFFFFFFFFFFFFFFFFFFFFFFFFFFFFFFFFFFFFFFFFFFFFFFFFFFFFFFFFFFFFFFAA
:20F68000FFFFFFFFFFFFFFFFFFFFFFFFFFFFFFFFFFFFFFFFFFFFFFFFFFFFFFFFFFFFFFFF8A
:20F6A000FFFFFFFFFFFFFFFFFFFFFFFFFFFFFFFFFFFFFFFFFFFFFFFFFFFFFFFFFFFFFFFF6A
:20F6C000FFFFFFFFFFFFFFFFFFFFFFFFFFFFFFFFFFFFFFFFFFFFFFFFFFFFFFFFFFFFFFFF4A
:20F6E000FFFFFFFFFFFFFFFFFFFFFFFFFFFFFFFFFFFFFFFFFFFFFFFFFFFFFFFFFFFFFFFF2A
:20F70000FFFFFFFFFFFFFFFFFFFFFFFFFFFFFFFFFFFFFFFFFFFFFFFFFFFFFFFFFFFFFFFF09
:20F72000FFFFFFFFFFFFFFFFFFFFFFFFFFFFFFFFFFFFFFFFFFFFFFFFFFFFFFFFFFFFFFFFE9
:20F74000FFFFFFFFFFFFFFFFFFFFFFFFFFFFFFFFFFFFFFFFFFFFFFFFFFFFFFFFFFFFFFFFC9
:20F76000FFFFFFFFFFFFFFFFFFFFFFFFFFFFFFFFFFFFFFFFFFFFFFFFFFFFFFFFFFFFFFFFA9
:20F78000FFFFFFFFFFFFFFFFFFFFFFFFFFFFFFFFFFFFFFFFFFFFFFFFFFFFFFFFFFFFFFFF89
:20F7A000FFFFFFFFFFFFFFFFFFFFFFFFFFFFFFFFFFFFFFFFFFFFFFFFFFFFFFFFFFFFFFFF69
:20F7C000FFFFFFFFFFFFFFFFFFFFFFFFFFFFFFFFFFFFFFFFFFFFFFFFFFFFFFFFFFFFFFFF49
:20F7E000FFFFFFFFFFFFFFFFFFFFFFFFFFFFFFFFFFFFFFFFFFFFFFFFFFFFFFFFFFFFFFFF29
:20F80000FFFFFFFFFFFFFFFFFFFFFFFFFFFFFFFFFFFFFFFFFFFFFFFFFFFFFFFFFFFFFFFF08
:20F82000FFFFFFFFFFFFFFFFFFFFFFFFFFFFFFFFFFFFFFFFFFFFFFFFFFFFFFFFFFFFFFFFE8
:20F84000FFFFFFFFFFFFFFFFFFFFFFFFFFFFFFFFFFFFFFFFFFFFFFFFFFFFFFFFFFFFFFFFC8
:20F86000FFFFFFFFFFFFFFFFFFFFFFFFFFFFFFFFFFFFFFFFFFFFFFFFFFFFFFFFFFFFFFFFA8
:20F88000FFFFFFFFFFFFFFFFFFFFFFFFFFFFFFFFFFFFFFFFFFFFFFFFFFFFFFFFFFFFFFFF88
:20F8A000FFFFFFFFFFFFFFFFFFFFFFFFFFFFFFFFFFFFFFFFFFFFFFFFFFFFFFFFFFFFFFFF68
:20F8C000FFFFFFFFFFFFFFFFFFFFFFFFFFFFFFFFFFFFFFFFFFFFFFFFFFFFFFFFFFFFFFFF48
:20F8E000FFFFFFFFFFFFFFFFFFFFFFFFFFFFFFFFFFFFFFFFFFFFFFFFFFFFFFFFFFFFFFFF28
:20F90000FFFFFFFFFFFFFFFFFFFFFFFFFFFFFFFFFFFFFFFFFFFFFFFFFFFFFFFFFFFFFFFF07
:20F92000FFFFFFFFFFFFFFFFFFFFFFFFFFFFFFFFFFFFFFFFFFFFFFFFFFFFFFFFFFFFFFFFE7
:20F94000FFFFFFFFFFFFFFFFFFFFFFFFFFFFFFFFFFFFFFFFFFFFFFFFFFFFFFFFFFFFFFFFC7
:20F96000FFFFFFFFFFFFFFFFFFFFFFFFFFFFFFFFFFFFFFFFFFFFFFFFFFFFFFFFFFFFFFFFA7
:20F98000FFFFFFFFFFFFFFFFFFFFFFFFFFFFFFFFFFFFFFFFFFFFFFFFFFFFFFFFFFFFFFFF87
:20F9A000FFFFFFFFFFFFFFFFFFFFFFFFFFFFFFFFFFFFFFFFFFFFFFFFFFFFFFFFFFFFFFFF67
:20F9C000FFFFFFFFFFFFFFFFFFFFFFFFFFFFFFFFFFFFFFFFFFFFFFFFFFFFFFFFFFFFFFFF47
:20F9E000FFFFFFFFFFFFFFFFFFFFFFFFFFFFFFFFFFFFFFFFFFFFFFFFFFFFFFFFFFFFFFFF27
:20FA0000FFFFFFFFFFFFFFFFFFFFFFFFFFFFFFFFFFFFFFFFFFFFFFFFFFFFFFFFFFFFFFFF06
:20FA2000FFFFFFFFFFFFFFFFFFFFFFFFFFFFFFFFFFFFFFFFFFFFFFFFFFFFFFFFFFFFFFFFE6
:20FA4000FFFFFFFFFFFFFFFFFFFFFFFFFFFFFFFFFFFFFFFFFFFFFFFFFFFFFFFFFFFFFFFFC6
:20FA6000FFFFFFFFFFFFFFFFFFFFFFFFFFFFFFFFFFFFFFFFFFFFFFFFFFFFFFFFFFFFFFFFA6
:20FA8000FFFFFFFFFFFFFFFFFFFFFFFFFFFFFFFFFFFFFFFFFFFFFFFFFFFFFFFFFFFFFFFF86
:20FAA000FFFFFFFFFFFFFFFFFFFFFFFFFFFFFFFFFFFFFFFFFFFFFFFFFFFFFFFFFFFFFFFF66
:20FAC000FFFFFFFFFFFFFFFFFFFFFFFFFFFFFFFFFFFFFFFFFFFFFFFFFFFFFFFFFFFFFFFF46
:20FAE000FFFFFFFFFFFFFFFFFFFFFFFFFFFFFFFFFFFFFFFFFFFFFFFFFFFFFFFFFFFFFFFF26
:20FB0000FFFFFFFFFFFFFFFFFFFFFFFFFFFFFFFFFFFFFFFFFFFFFFFFFFFFFFFFFFFFFFFF05
:20FB2000FFFFFFFFFFFFFFFFFFFFFFFFFFFFFFFFFFFFFFFFFFFFFFFFFFFFFFFFFFFFFFFFE5
:20FB4000FFFFFFFFFFFFFFFFFFFFFFFFFFFFFFFFFFFFFFFFFFFFFFFFFFFFFFFFFFFFFFFFC5
:20FB6000FFFFFFFFFFFFFFFFFFFFFFFFFFFFFFFFFFFFFFFFFFFFFFFFFFFFFFFFFFFFFFFFA5
:20FB8000FFFFFFFFFFFFFFFFFFFFFFFFFFFFFFFFFFFFFFFFFFFFFFFFFFFFFFFFFFFFFFFF85
:20FBA000FFFFFFFFFFFFFFFFFFFFFFFFFFFFFFFFFFFFFFFFFFFFFFFFFFFFFFFFFFFFFFFF65
:20FBC000FFFFFFFFFFFFFFFFFFFFFFFFFFFFFFFFFFFFFFFFFFFFFFFFFFFFFFFFFFFFFFFF45
:20FBE000FFFFFFFFFFFFFFFFFFFFFFFFFFFFFFFFFFFFFFFFFFFFFFFFFFFFFFFFFFFFFFFF25
:20FC0000FFFFFFFFFFFFFFFFFFFFFFFFFFFFFFFFFFFFFFFFFFFFFFFFFFFFFFFFFFFFFFFF04
:20FC2000FFFFFFFFFFFFFFFFFFFFFFFFFFFFFFFFFFFFFFFFFFFFFFFFFFFFFFFFFFFFFFFFE4
:20FC4000FFFFFFFFFFFFFFFFFFFFFFFFFFFFFFFFFFFFFFFFFFFFFFFFFFFFFFFFFFFFFFFFC4
:20FC6000FFFFFFFFFFFFFFFFFFFFFFFFFFFFFFFFFFFFFFFFFFFFFFFFFFFFFFFFFFFFFFFFA4
:20FC8000FFFFFFFFFFFFFFFFFFFFFFFFFFFFFFFFFFFFFFFFFFFFFFFFFFFFFFFFFFFFFFFF84
:20FCA000FFFFFFFFFFFFFFFFFFFFFFFFFFFFFFFFFFFFFFFFFFFFFFFFFFFFFFFFFFFFFFFF64
:20FCC000FFFFFFFFFFFFFFFFFFFFFFFFFFFFFFFFFFFFFFFFFFFFFFFFFFFFFFFFFFFFFFFF44
:20FCE000FFFFFFFFFFFFFFFFFFFFFFFFFFFFFFFFFFFFFFFFFFFFFFFFFFFFFFFFFFFFFFFF24
:20FD0000FFFFFFFFFFFFFFFFFFFFFFFFFFFFFFFFFFFFFFFFFFFFFFFFFFFFFFFFFFFFFFFF03
:20FD2000FFFFFFFFFFFFFFFFFFFFFFFFFFFFFFFFFFFFFFFFFFFFFFFFFFFFFFFFFFFFFFFFE3
:20FD4000FFFFFFFFFFFFFFFFFFFFFFFFFFFFFFFFFFFFFFFFFFFFFFFFFFFFFFFFFFFFFFFFC3
:20FD6000FFFFFFFFFFFFFFFFFFFFFFFFFFFFFFFFFFFFFFFFFFFFFFFFFFFFFFFFFFFFFFFFA3
:20FD8000FFFFFFFFFFFFFFFFFFFFFFFFFFFFFFFFFFFFFFFFFFFFFFFFFFFFFFFFFFFFFFFF83
:20FDA000FFFFFFFFFFFFFFFFFFFFFFFFFFFFFFFFFFFFFFFFFFFFFFFFFFFFFFFFFFFFFFFF63
:20FDC000FFFFFFFFFFFFFFFFFFFFFFFFFFFFFFFFFFFFFFFFFFFFFFFFFFFFFFFFFFFFFFFF43
:20FDE000FFFFFFFFFFFFFFFFFFFFFFFFFFFFFFFFFFFFFFFFFFFFFFFFFFFFFFFFFFFFFFFF23
:20FE0000FFFFFFFFFFFFFFFFFFFFFFFFFFFFFFFFFFFFFFFFFFFFFFFFFFFFFFFFFFFFFFFF02
:20FE2000FFFFFFFFFFFFFFFFFFFFFFFFFFFFFFFFFFFFFFFFFFFFFFFFFFFFFFFFFFFFFFFFE2
:20FE4000FFFFFFFFFFFFFFFFFFFFFFFFFFFFFFFFFFFFFFFFFFFFFFFFFFFFFFFFFFFFFFFFC2
:20FE6000FFFFFFFFFFFFFFFFFFFFFFFFFFFFFFFFFFFFFFFFFFFFFFFFFFFFFFFFFFFFFFFFA2
:20FE8000FFFFFFFFFFFFFFFFFFFFFFFFFFFFFFFFFFFFFFFFFFFFFFFFFFFFFFFFFFFFFFFF82
:20FEA000FFFFFFFFFFFFFFFFFFFFFFFFFFFFFFFFFFFFFFFFFFFFFFFFFFFFFFFFFFFFFFFF62
:20FEC000FFFFFFFFFFFFFFFFFFFFFFFFFFFFFFFFFFFFFFFFFFFFFFFFFFFFFFFFFFFFFFFF42
:20FEE000FFFFFFFFFFFFFFFFFFFFFFFFFFFFFFFFFFFFFFFFFFFFFFFFFFFFFFFFFFFFFFFF22
:20FF0000FFFFFFFFFFFFFFFFFFFFFFFFFFFFFFFFFFFFFFFFFFFFFFFFFFFFFFFFFFFFFFFF01
:20FF2000FFFFFFFFFFFFFFFFFFFFFFFFFFFFFFFFFFFFFFFFFFFFFFFFFFFFFFFFFFFFFFFFE1
:20FF4000FFFFFFFFFFFFFFFFFFFFFFFFFFFFFFFFFFFFFFFFFFFFFFFFFFFFFFFFFFFFFFFFC1
:20FF6000FFFFFFFFFFFFFFFFFFFFFFFFFFFFFFFFFFFFFFFFFFFFFFFFFFFFFFFFFFFFFFFFA1
:20FF8000FFFFFFFFFFFFFFFFFFFFFFFFFFFFFFFFFFFFFFFFFFFFFFFFFFFFFFFFFFFFFFFF81
:20FFA000FFFFFFFFFFFFFFFFFFFFFFFFFFFFFFFFFFFFFFFFFFFFFFFFFFFFFFFFFFFFFFFF61
:20FFC000FFFFFFFFFFFFFFFFFFFFFFFFFFFFFFFFFFFFFFFFFFFFFFFFFFFFFFFFFFFFFFFF41
:20FFE000FFFFFFFFFFFFFFFFFFFFFFFFFFFFFFFFFFFFFFFFFFFFFFFFFFFFFFFFFFFFFFFF21
:020000040003F7
:20000000FFFFFFFFFFFFFFFFFFFFFFFFFFFFFFFFFFFFFFFFFFFFFFFFFFFFFFFFFFFFFFFF00
:20002000FFFFFFFFFFFFFFFFFFFFFFFFFFFFFFFFFFFFFFFFFFFFFFFFFFFFFFFFFFFFFFFFE0
:20004000FFFFFFFFFFFFFFFFFFFFFFFFFFFFFFFFFFFFFFFFFFFFFFFFFFFFFFFFFFFFFFFFC0
:20006000FFFFFFFFFFFFFFFFFFFFFFFFFFFFFFFFFFFFFFFFFFFFFFFFFFFFFFFFFFFFFFFFA0
:20008000FFFFFFFFFFFFFFFFFFFFFFFFFFFFFFFFFFFFFFFFFFFFFFFFFFFFFFFFFFFFFFFF80
:2000A000FFFFFFFFFFFFFFFFFFFFFFFFFFFFFFFFFFFFFFFFFFFFFFFFFFFFFFFFFFFFFFFF60
:2000C000FFFFFFFFFFFFFFFFFFFFFFFFFFFFFFFFFFFFFFFFFFFFFFFFFFFFFFFFFFFFFFFF40
:2000E000FFFFFFFFFFFFFFFFFFFFFFFFFFFFFFFFFFFFFFFFFFFFFFFFFFFFFFFFFFFFFFFF20
:20010000FFFFFFFFFFFFFFFFFFFFFFFFFFFFFFFFFFFFFFFFFFFFFFFFFFFFFFFFFFFFFFFFFF
:20012000FFFFFFFFFFFFFFFFFFFFFFFFFFFFFFFFFFFFFFFFFFFFFFFFFFFFFFFFFFFFFFFFDF
:20014000FFFFFFFFFFFFFFFFFFFFFFFFFFFFFFFFFFFFFFFFFFFFFFFFFFFFFFFFFFFFFFFFBF
:20016000FFFFFFFFFFFFFFFFFFFFFFFFFFFFFFFFFFFFFFFFFFFFFFFFFFFFFFFFFFFFFFFF9F
:20018000FFFFFFFFFFFFFFFFFFFFFFFFFFFFFFFFFFFFFFFFFFFFFFFFFFFFFFFFFFFFFFFF7F
:2001A000FFFFFFFFFFFFFFFFFFFFFFFFFFFFFFFFFFFFFFFFFFFFFFFFFFFFFFFFFFFFFFFF5F
:2001C000FFFFFFFFFFFFFFFFFFFFFFFFFFFFFFFFFFFFFFFFFFFFFFFFFFFFFFFFFFFFFFFF3F
:2001E000FFFFFFFFFFFFFFFFFFFFFFFFFFFFFFFFFFFFFFFFFFFFFFFFFFFFFFFFFFFFFFFF1F
:20020000FFFFFFFFFFFFFFFFFFFFFFFFFFFFFFFFFFFFFFFFFFFFFFFFFFFFFFFFFFFFFFFFFE
:20022000FFFFFFFFFFFFFFFFFFFFFFFFFFFFFFFFFFFFFFFFFFFFFFFFFFFFFFFFFFFFFFFFDE
:20024000FFFFFFFFFFFFFFFFFFFFFFFFFFFFFFFFFFFFFFFFFFFFFFFFFFFFFFFFFFFFFFFFBE
:20026000FFFFFFFFFFFFFFFFFFFFFFFFFFFFFFFFFFFFFFFFFFFFFFFFFFFFFFFFFFFFFFFF9E
:20028000FFFFFFFFFFFFFFFFFFFFFFFFFFFFFFFFFFFFFFFFFFFFFFFFFFFFFFFFFFFFFFFF7E
:2002A000FFFFFFFFFFFFFFFFFFFFFFFFFFFFFFFFFFFFFFFFFFFFFFFFFFFFFFFFFFFFFFFF5E
:2002C000FFFFFFFFFFFFFFFFFFFFFFFFFFFFFFFFFFFFFFFFFFFFFFFFFFFFFFFFFFFFFFFF3E
:2002E000FFFFFFFFFFFFFFFFFFFFFFFFFFFFFFFFFFFFFFFFFFFFFFFFFFFFFFFFFFFFFFFF1E
:20030000FFFFFFFFFFFFFFFFFFFFFFFFFFFFFFFFFFFFFFFFFFFFFFFFFFFFFFFFFFFFFFFFFD
:20032000FFFFFFFFFFFFFFFFFFFFFFFFFFFFFFFFFFFFFFFFFFFFFFFFFFFFFFFFFFFFFFFFDD
:20034000FFFFFFFFFFFFFFFFFFFFFFFFFFFFFFFFFFFFFFFFFFFFFFFFFFFFFFFFFFFFFFFFBD
:20036000FFFFFFFFFFFFFFFFFFFFFFFFFFFFFFFFFFFFFFFFFFFFFFFFFFFFFFFFFFFFFFFF9D
:20038000FFFFFFFFFFFFFFFFFFFFFFFFFFFFFFFFFFFFFFFFFFFFFFFFFFFFFFFFFFFFFFFF7D
:2003A000FFFFFFFFFFFFFFFFFFFFFFFFFFFFFFFFFFFFFFFFFFFFFFFFFFFFFFFFFFFFFFFF5D
:2003C000FFFFFFFFFFFFFFFFFFFFFFFFFFFFFFFFFFFFFFFFFFFFFFFFFFFFFFFFFFFFFFFF3D
:2003E000FFFFFFFFFFFFFFFFFFFFFFFFFFFFFFFFFFFFFFFFFFFFFFFFFFFFFFFFFFFFFFFF1D
:20040000FFFFFFFFFFFFFFFFFFFFFFFFFFFFFFFFFFFFFFFFFFFFFFFFFFFFFFFFFFFFFFFFFC
:20042000FFFFFFFFFFFFFFFFFFFFFFFFFFFFFFFFFFFFFFFFFFFFFFFFFFFFFFFFFFFFFFFFDC
:20044000FFFFFFFFFFFFFFFFFFFFFFFFFFFFFFFFFFFFFFFFFFFFFFFFFFFFFFFFFFFFFFFFBC
:20046000FFFFFFFFFFFFFFFFFFFFFFFFFFFFFFFFFFFFFFFFFFFFFFFFFFFFFFFFFFFFFFFF9C
:20048000FFFFFFFFFFFFFFFFFFFFFFFFFFFFFFFFFFFFFFFFFFFFFFFFFFFFFFFFFFFFFFFF7C
:2004A000FFFFFFFFFFFFFFFFFFFFFFFFFFFFFFFFFFFFFFFFFFFFFFFFFFFFFFFFFFFFFFFF5C
:2004C000FFFFFFFFFFFFFFFFFFFFFFFFFFFFFFFFFFFFFFFFFFFFFFFFFFFFFFFFFFFFFFFF3C
:2004E000FFFFFFFFFFFFFFFFFFFFFFFFFFFFFFFFFFFFFFFFFFFFFFFFFFFFFFFFFFFFFFFF1C
:20050000FFFFFFFFFFFFFFFFFFFFFFFFFFFFFFFFFFFFFFFFFFFFFFFFFFFFFFFFFFFFFFFFFB
:20052000FFFFFFFFFFFFFFFFFFFFFFFFFFFFFFFFFFFFFFFFFFFFFFFFFFFFFFFFFFFFFFFFDB
:20054000FFFFFFFFFFFFFFFFFFFFFFFFFFFFFFFFFFFFFFFFFFFFFFFFFFFFFFFFFFFFFFFFBB
:20056000FFFFFFFFFFFFFFFFFFFFFFFFFFFFFFFFFFFFFFFFFFFFFFFFFFFFFFFFFFFFFFFF9B
:20058000FFFFFFFFFFFFFFFFFFFFFFFFFFFFFFFFFFFFFFFFFFFFFFFFFFFFFFFFFFFFFFFF7B
:2005A000FFFFFFFFFFFFFFFFFFFFFFFFFFFFFFFFFFFFFFFFFFFFFFFFFFFFFFFFFFFFFFFF5B
:2005C000FFFFFFFFFFFFFFFFFFFFFFFFFFFFFFFFFFFFFFFFFFFFFFFFFFFFFFFFFFFFFFFF3B
:2005E000FFFFFFFFFFFFFFFFFFFFFFFFFFFFFFFFFFFFFFFFFFFFFFFFFFFFFFFFFFFFFFFF1B
:20060000FFFFFFFFFFFFFFFFFFFFFFFFFFFFFFFFFFFFFFFFFFFFFFFFFFFFFFFFFFFFFFFFFA
:20062000FFFFFFFFFFFFFFFFFFFFFFFFFFFFFFFFFFFFFFFFFFFFFFFFFFFFFFFFFFFFFFFFDA
:20064000FFFFFFFFFFFFFFFFFFFFFFFFFFFFFFFFFFFFFFFFFFFFFFFFFFFFFFFFFFFFFFFFBA
:20066000FFFFFFFFFFFFFFFFFFFFFFFFFFFFFFFFFFFFFFFFFFFFFFFFFFFFFFFFFFFFFFFF9A
:20068000FFFFFFFFFFFFFFFFFFFFFFFFFFFFFFFFFFFFFFFFFFFFFFFFFFFFFFFFFFFFFFFF7A
:2006A000FFFFFFFFFFFFFFFFFFFFFFFFFFFFFFFFFFFFFFFFFFFFFFFFFFFFFFFFFFFFFFFF5A
:2006C000FFFFFFFFFFFFFFFFFFFFFFFFFFFFFFFFFFFFFFFFFFFFFFFFFFFFFFFFFFFFFFFF3A
:2006E000FFFFFFFFFFFFFFFFFFFFFFFFFFFFFFFFFFFFFFFFFFFFFFFFFFFFFFFFFFFFFFFF1A
:20070000FFFFFFFFFFFFFFFFFFFFFFFFFFFFFFFFFFFFFFFFFFFFFFFFFFFFFFFFFFFFFFFFF9
:20072000FFFFFFFFFFFFFFFFFFFFFFFFFFFFFFFFFFFFFFFFFFFFFFFFFFFFFFFFFFFFFFFFD9
:20074000FFFFFFFFFFFFFFFFFFFFFFFFFFFFFFFFFFFFFFFFFFFFFFFFFFFFFFFFFFFFFFFFB9
:20076000FFFFFFFFFFFFFFFFFFFFFFFFFFFFFFFFFFFFFFFFFFFFFFFFFFFFFFFFFFFFFFFF99
:20078000FFFFFFFFFFFFFFFFFFFFFFFFFFFFFFFFFFFFFFFFFFFFFFFFFFFFFFFFFFFFFFFF79
:2007A000FFFFFFFFFFFFFFFFFFFFFFFFFFFFFFFFFFFFFFFFFFFFFFFFFFFFFFFFFFFFFFFF59
:2007C000FFFFFFFFFFFFFFFFFFFFFFFFFFFFFFFFFFFFFFFFFFFFFFFFFFFFFFFFFFFFFFFF39
:2007E000FFFFFFFFFFFFFFFFFFFFFFFFFFFFFFFFFFFFFFFFFFFFFFFFFFFFFFFFFFFFFFFF19
:20080000FFFFFFFFFFFFFFFFFFFFFFFFFFFFFFFFFFFFFFFFFFFFFFFFFFFFFFFFFFFFFFFFF8
:20082000FFFFFFFFFFFFFFFFFFFFFFFFFFFFFFFFFFFFFFFFFFFFFFFFFFFFFFFFFFFFFFFFD8
:20084000FFFFFFFFFFFFFFFFFFFFFFFFFFFFFFFFFFFFFFFFFFFFFFFFFFFFFFFFFFFFFFFFB8
:20086000FFFFFFFFFFFFFFFFFFFFFFFFFFFFFFFFFFFFFFFFFFFFFFFFFFFFFFFFFFFFFFFF98
:20088000FFFFFFFFFFFFFFFFFFFFFFFFFFFFFFFFFFFFFFFFFFFFFFFFFFFFFFFFFFFFFFFF78
:2008A000FFFFFFFFFFFFFFFFFFFFFFFFFFFFFFFFFFFFFFFFFFFFFFFFFFFFFFFFFFFFFFFF58
:2008C000FFFFFFFFFFFFFFFFFFFFFFFFFFFFFFFFFFFFFFFFFFFFFFFFFFFFFFFFFFFFFFFF38
:2008E000FFFFFFFFFFFFFFFFFFFFFFFFFFFFFFFFFFFFFFFFFFFFFFFFFFFFFFFFFFFFFFFF18
:20090000FFFFFFFFFFFFFFFFFFFFFFFFFFFFFFFFFFFFFFFFFFFFFFFFFFFFFFFFFFFFFFFFF7
:20092000FFFFFFFFFFFFFFFFFFFFFFFFFFFFFFFFFFFFFFFFFFFFFFFFFFFFFFFFFFFFFFFFD7
:20094000FFFFFFFFFFFFFFFFFFFFFFFFFFFFFFFFFFFFFFFFFFFFFFFFFFFFFFFFFFFFFFFFB7
:20096000FFFFFFFFFFFFFFFFFFFFFFFFFFFFFFFFFFFFFFFFFFFFFFFFFFFFFFFFFFFFFFFF97
:20098000FFFFFFFFFFFFFFFFFFFFFFFFFFFFFFFFFFFFFFFFFFFFFFFFFFFFFFFFFFFFFFFF77
:2009A000FFFFFFFFFFFFFFFFFFFFFFFFFFFFFFFFFFFFFFFFFFFFFFFFFFFFFFFFFFFFFFFF57
:2009C000FFFFFFFFFFFFFFFFFFFFFFFFFFFFFFFFFFFFFFFFFFFFFFFFFFFFFFFFFFFFFFFF37
:2009E000FFFFFFFFFFFFFFFFFFFFFFFFFFFFFFFFFFFFFFFFFFFFFFFFFFFFFFFFFFFFFFFF17
:200A0000FFFFFFFFFFFFFFFFFFFFFFFFFFFFFFFFFFFFFFFFFFFFFFFFFFFFFFFFFFFFFFFFF6
:200A2000FFFFFFFFFFFFFFFFFFFFFFFFFFFFFFFFFFFFFFFFFFFFFFFFFFFFFFFFFFFFFFFFD6
:200A4000FFFFFFFFFFFFFFFFFFFFFFFFFFFFFFFFFFFFFFFFFFFFFFFFFFFFFFFFFFFFFFFFB6
:200A6000FFFFFFFFFFFFFFFFFFFFFFFFFFFFFFFFFFFFFFFFFFFFFFFFFFFFFFFFFFFFFFFF96
:200A8000FFFFFFFFFFFFFFFFFFFFFFFFFFFFFFFFFFFFFFFFFFFFFFFFFFFFFFFFFFFFFFFF76
:200AA000FFFFFFFFFFFFFFFFFFFFFFFFFFFFFFFFFFFFFFFFFFFFFFFFFFFFFFFFFFFFFFFF56
:200AC000FFFFFFFFFFFFFFFFFFFFFFFFFFFFFFFFFFFFFFFFFFFFFFFFFFFFFFFFFFFFFFFF36
:200AE000FFFFFFFFFFFFFFFFFFFFFFFFFFFFFFFFFFFFFFFFFFFFFFFFFFFFFFFFFFFFFFFF16
:200B0000FFFFFFFFFFFFFFFFFFFFFFFFFFFFFFFFFFFFFFFFFFFFFFFFFFFFFFFFFFFFFFFFF5
:200B2000FFFFFFFFFFFFFFFFFFFFFFFFFFFFFFFFFFFFFFFFFFFFFFFFFFFFFFFFFFFFFFFFD5
:200B4000FFFFFFFFFFFFFFFFFFFFFFFFFFFFFFFFFFFFFFFFFFFFFFFFFFFFFFFFFFFFFFFFB5
:200B6000FFFFFFFFFFFFFFFFFFFFFFFFFFFFFFFFFFFFFFFFFFFFFFFFFFFFFFFFFFFFFFFF95
:200B8000FFFFFFFFFFFFFFFFFFFFFFFFFFFFFFFFFFFFFFFFFFFFFFFFFFFFFFFFFFFFFFFF75
:200BA000FFFFFFFFFFFFFFFFFFFFFFFFFFFFFFFFFFFFFFFFFFFFFFFFFFFFFFFFFFFFFFFF55
:200BC000FFFFFFFFFFFFFFFFFFFFFFFFFFFFFFFFFFFFFFFFFFFFFFFFFFFFFFFFFFFFFFFF35
:200BE000FFFFFFFFFFFFFFFFFFFFFFFFFFFFFFFFFFFFFFFFFFFFFFFFFFFFFFFFFFFFFFFF15
:200C0000FFFFFFFFFFFFFFFFFFFFFFFFFFFFFFFFFFFFFFFFFFFFFFFFFFFFFFFFFFFFFFFFF4
:200C2000FFFFFFFFFFFFFFFFFFFFFFFFFFFFFFFFFFFFFFFFFFFFFFFFFFFFFFFFFFFFFFFFD4
:200C4000FFFFFFFFFFFFFFFFFFFFFFFFFFFFFFFFFFFFFFFFFFFFFFFFFFFFFFFFFFFFFFFFB4
:200C6000FFFFFFFFFFFFFFFFFFFFFFFFFFFFFFFFFFFFFFFFFFFFFFFFFFFFFFFFFFFFFFFF94
:200C8000FFFFFFFFFFFFFFFFFFFFFFFFFFFFFFFFFFFFFFFFFFFFFFFFFFFFFFFFFFFFFFFF74
:200CA000FFFFFFFFFFFFFFFFFFFFFFFFFFFFFFFFFFFFFFFFFFFFFFFFFFFFFFFFFFFFFFFF54
:200CC000FFFFFFFFFFFFFFFFFFFFFFFFFFFFFFFFFFFFFFFFFFFFFFFFFFFFFFFFFFFFFFFF34
:200CE000FFFFFFFFFFFFFFFFFFFFFFFFFFFFFFFFFFFFFFFFFFFFFFFFFFFFFFFFFFFFFFFF14
:200D0000FFFFFFFFFFFFFFFFFFFFFFFFFFFFFFFFFFFFFFFFFFFFFFFFFFFFFFFFFFFFFFFFF3
:200D2000FFFFFFFFFFFFFFFFFFFFFFFFFFFFFFFFFFFFFFFFFFFFFFFFFFFFFFFFFFFFFFFFD3
:200D4000FFFFFFFFFFFFFFFFFFFFFFFFFFFFFFFFFFFFFFFFFFFFFFFFFFFFFFFFFFFFFFFFB3
:200D6000FFFFFFFFFFFFFFFFFFFFFFFFFFFFFFFFFFFFFFFFFFFFFFFFFFFFFFFFFFFFFFFF93
:200D8000FFFFFFFFFFFFFFFFFFFFFFFFFFFFFFFFFFFFFFFFFFFFFFFFFFFFFFFFFFFFFFFF73
:200DA000FFFFFFFFFFFFFFFFFFFFFFFFFFFFFFFFFFFFFFFFFFFFFFFFFFFFFFFFFFFFFFFF53
:200DC000FFFFFFFFFFFFFFFFFFFFFFFFFFFFFFFFFFFFFFFFFFFFFFFFFFFFFFFFFFFFFFFF33
:200DE000FFFFFFFFFFFFFFFFFFFFFFFFFFFFFFFFFFFFFFFFFFFFFFFFFFFFFFFFFFFFFFFF13
:200E0000FFFFFFFFFFFFFFFFFFFFFFFFFFFFFFFFFFFFFFFFFFFFFFFFFFFFFFFFFFFFFFFFF2
:200E2000FFFFFFFFFFFFFFFFFFFFFFFFFFFFFFFFFFFFFFFFFFFFFFFFFFFFFFFFFFFFFFFFD2
:200E4000FFFFFFFFFFFFFFFFFFFFFFFFFFFFFFFFFFFFFFFFFFFFFFFFFFFFFFFFFFFFFFFFB2
:200E6000FFFFFFFFFFFFFFFFFFFFFFFFFFFFFFFFFFFFFFFFFFFFFFFFFFFFFFFFFFFFFFFF92
:200E8000FFFFFFFFFFFFFFFFFFFFFFFFFFFFFFFFFFFFFFFFFFFFFFFFFFFFFFFFFFFFFFFF72
:200EA000FFFFFFFFFFFFFFFFFFFFFFFFFFFFFFFFFFFFFFFFFFFFFFFFFFFFFFFFFFFFFFFF52
:200EC000FFFFFFFFFFFFFFFFFFFFFFFFFFFFFFFFFFFFFFFFFFFFFFFFFFFFFFFFFFFFFFFF32
:200EE000FFFFFFFFFFFFFFFFFFFFFFFFFFFFFFFFFFFFFFFFFFFFFFFFFFFFFFFFFFFFFFFF12
:200F0000FFFFFFFFFFFFFFFFFFFFFFFFFFFFFFFFFFFFFFFFFFFFFFFFFFFFFFFFFFFFFFFFF1
:200F2000FFFFFFFFFFFFFFFFFFFFFFFFFFFFFFFFFFFFFFFFFFFFFFFFFFFFFFFFFFFFFFFFD1
:200F4000FFFFFFFFFFFFFFFFFFFFFFFFFFFFFFFFFFFFFFFFFFFFFFFFFFFFFFFFFFFFFFFFB1
:200F6000FFFFFFFFFFFFFFFFFFFFFFFFFFFFFFFFFFFFFFFFFFFFFFFFFFFFFFFFFFFFFFFF91
:200F8000FFFFFFFFFFFFFFFFFFFFFFFFFFFFFFFFFFFFFFFFFFFFFFFFFFFFFFFFFFFFFFFF71
:200FA000FFFFFFFFFFFFFFFFFFFFFFFFFFFFFFFFFFFFFFFFFFFFFFFFFFFFFFFFFFFFFFFF51
:200FC000FFFFFFFFFFFFFFFFFFFFFFFFFFFFFFFFFFFFFFFFFFFFFFFFFFFFFFFFFFFFFFFF31
:200FE000FFFFFFFFFFFFFFFFFFFFFFFFFFFFFFFFFFFFFFFFFFFFFFFFFFFFFFFFFFFFFFFF11
:20100000FFFFFFFFFFFFFFFFFFFFFFFFFFFFFFFFFFFFFFFFFFFFFFFFFFFFFFFFFFFFFFFFF0
:20102000FFFFFFFFFFFFFFFFFFFFFFFFFFFFFFFFFFFFFFFFFFFFFFFFFFFFFFFFFFFFFFFFD0
:20104000FFFFFFFFFFFFFFFFFFFFFFFFFFFFFFFFFFFFFFFFFFFFFFFFFFFFFFFFFFFFFFFFB0
:20106000FFFFFFFFFFFFFFFFFFFFFFFFFFFFFFFFFFFFFFFFFFFFFFFFFFFFFFFFFFFFFFFF90
:20108000FFFFFFFFFFFFFFFFFFFFFFFFFFFFFFFFFFFFFFFFFFFFFFFFFFFFFFFFFFFFFFFF70
:2010A000FFFFFFFFFFFFFFFFFFFFFFFFFFFFFFFFFFFFFFFFFFFFFFFFFFFFFFFFFFFFFFFF50
:2010C000FFFFFFFFFFFFFFFFFFFFFFFFFFFFFFFFFFFFFFFFFFFFFFFFFFFFFFFFFFFFFFFF30
:2010E000FFFFFFFFFFFFFFFFFFFFFFFFFFFFFFFFFFFFFFFFFFFFFFFFFFFFFFFFFFFFFFFF10
:20110000FFFFFFFFFFFFFFFFFFFFFFFFFFFFFFFFFFFFFFFFFFFFFFFFFFFFFFFFFFFFFFFFEF
:20112000FFFFFFFFFFFFFFFFFFFFFFFFFFFFFFFFFFFFFFFFFFFFFFFFFFFFFFFFFFFFFFFFCF
:20114000FFFFFFFFFFFFFFFFFFFFFFFFFFFFFFFFFFFFFFFFFFFFFFFFFFFFFFFFFFFFFFFFAF
:20116000FFFFFFFFFFFFFFFFFFFFFFFFFFFFFFFFFFFFFFFFFFFFFFFFFFFFFFFFFFFFFFFF8F
:20118000FFFFFFFFFFFFFFFFFFFFFFFFFFFFFFFFFFFFFFFFFFFFFFFFFFFFFFFFFFFFFFFF6F
:2011A000FFFFFFFFFFFFFFFFFFFFFFFFFFFFFFFFFFFFFFFFFFFFFFFFFFFFFFFFFFFFFFFF4F
:2011C000FFFFFFFFFFFFFFFFFFFFFFFFFFFFFFFFFFFFFFFFFFFFFFFFFFFFFFFFFFFFFFFF2F
:2011E000FFFFFFFFFFFFFFFFFFFFFFFFFFFFFFFFFFFFFFFFFFFFFFFFFFFFFFFFFFFFFFFF0F
:20120000FFFFFFFFFFFFFFFFFFFFFFFFFFFFFFFFFFFFFFFFFFFFFFFFFFFFFFFFFFFFFFFFEE
:20122000FFFFFFFFFFFFFFFFFFFFFFFFFFFFFFFFFFFFFFFFFFFFFFFFFFFFFFFFFFFFFFFFCE
:20124000FFFFFFFFFFFFFFFFFFFFFFFFFFFFFFFFFFFFFFFFFFFFFFFFFFFFFFFFFFFFFFFFAE
:20126000FFFFFFFFFFFFFFFFFFFFFFFFFFFFFFFFFFFFFFFFFFFFFFFFFFFFFFFFFFFFFFFF8E
:20128000FFFFFFFFFFFFFFFFFFFFFFFFFFFFFFFFFFFFFFFFFFFFFFFFFFFFFFFFFFFFFFFF6E
:2012A000FFFFFFFFFFFFFFFFFFFFFFFFFFFFFFFFFFFFFFFFFFFFFFFFFFFFFFFFFFFFFFFF4E
:2012C000FFFFFFFFFFFFFFFFFFFFFFFFFFFFFFFFFFFFFFFFFFFFFFFFFFFFFFFFFFFFFFFF2E
:2012E000FFFFFFFFFFFFFFFFFFFFFFFFFFFFFFFFFFFFFFFFFFFFFFFFFFFFFFFFFFFFFFFF0E
:20130000FFFFFFFFFFFFFFFFFFFFFFFFFFFFFFFFFFFFFFFFFFFFFFFFFFFFFFFFFFFFFFFFED
:20132000FFFFFFFFFFFFFFFFFFFFFFFFFFFFFFFFFFFFFFFFFFFFFFFFFFFFFFFFFFFFFFFFCD
:20134000FFFFFFFFFFFFFFFFFFFFFFFFFFFFFFFFFFFFFFFFFFFFFFFFFFFFFFFFFFFFFFFFAD
:20136000FFFFFFFFFFFFFFFFFFFFFFFFFFFFFFFFFFFFFFFFFFFFFFFFFFFFFFFFFFFFFFFF8D
:20138000FFFFFFFFFFFFFFFFFFFFFFFFFFFFFFFFFFFFFFFFFFFFFFFFFFFFFFFFFFFFFFFF6D
:2013A000FFFFFFFFFFFFFFFFFFFFFFFFFFFFFFFFFFFFFFFFFFFFFFFFFFFFFFFFFFFFFFFF4D
:2013C000FFFFFFFFFFFFFFFFFFFFFFFFFFFFFFFFFFFFFFFFFFFFFFFFFFFFFFFFFFFFFFFF2D
:2013E000FFFFFFFFFFFFFFFFFFFFFFFFFFFFFFFFFFFFFFFFFFFFFFFFFFFFFFFFFFFFFFFF0D
:20140000FFFFFFFFFFFFFFFFFFFFFFFFFFFFFFFFFFFFFFFFFFFFFFFFFFFFFFFFFFFFFFFFEC
:20142000FFFFFFFFFFFFFFFFFFFFFFFFFFFFFFFFFFFFFFFFFFFFFFFFFFFFFFFFFFFFFFFFCC
:20144000FFFFFFFFFFFFFFFFFFFFFFFFFFFFFFFFFFFFFFFFFFFFFFFFFFFFFFFFFFFFFFFFAC
:20146000FFFFFFFFFFFFFFFFFFFFFFFFFFFFFFFFFFFFFFFFFFFFFFFFFFFFFFFFFFFFFFFF8C
:20148000FFFFFFFFFFFFFFFFFFFFFFFFFFFFFFFFFFFFFFFFFFFFFFFFFFFFFFFFFFFFFFFF6C
:2014A000FFFFFFFFFFFFFFFFFFFFFFFFFFFFFFFFFFFFFFFFFFFFFFFFFFFFFFFFFFFFFFFF4C
:2014C000FFFFFFFFFFFFFFFFFFFFFFFFFFFFFFFFFFFFFFFFFFFFFFFFFFFFFFFFFFFFFFFF2C
:2014E000FFFFFFFFFFFFFFFFFFFFFFFFFFFFFFFFFFFFFFFFFFFFFFFFFFFFFFFFFFFFFFFF0C
:20150000FFFFFFFFFFFFFFFFFFFFFFFFFFFFFFFFFFFFFFFFFFFFFFFFFFFFFFFFFFFFFFFFEB
:20152000FFFFFFFFFFFFFFFFFFFFFFFFFFFFFFFFFFFFFFFFFFFFFFFFFFFFFFFFFFFFFFFFCB
:20154000FFFFFFFFFFFFFFFFFFFFFFFFFFFFFFFFFFFFFFFFFFFFFFFFFFFFFFFFFFFFFFFFAB
:20156000FFFFFFFFFFFFFFFFFFFFFFFFFFFFFFFFFFFFFFFFFFFFFFFFFFFFFFFFFFFFFFFF8B
:20158000FFFFFFFFFFFFFFFFFFFFFFFFFFFFFFFFFFFFFFFFFFFFFFFFFFFFFFFFFFFFFFFF6B
:2015A000FFFFFFFFFFFFFFFFFFFFFFFFFFFFFFFFFFFFFFFFFFFFFFFFFFFFFFFFFFFFFFFF4B
:2015C000FFFFFFFFFFFFFFFFFFFFFFFFFFFFFFFFFFFFFFFFFFFFFFFFFFFFFFFFFFFFFFFF2B
:2015E000FFFFFFFFFFFFFFFFFFFFFFFFFFFFFFFFFFFFFFFFFFFFFFFFFFFFFFFFFFFFFFFF0B
:20160000FFFFFFFFFFFFFFFFFFFFFFFFFFFFFFFFFFFFFFFFFFFFFFFFFFFFFFFFFFFFFFFFEA
:20162000FFFFFFFFFFFFFFFFFFFFFFFFFFFFFFFFFFFFFFFFFFFFFFFFFFFFFFFFFFFFFFFFCA
:20164000FFFFFFFFFFFFFFFFFFFFFFFFFFFFFFFFFFFFFFFFFFFFFFFFFFFFFFFFFFFFFFFFAA
:20166000FFFFFFFFFFFFFFFFFFFFFFFFFFFFFFFFFFFFFFFFFFFFFFFFFFFFFFFFFFFFFFFF8A
:20168000FFFFFFFFFFFFFFFFFFFFFFFFFFFFFFFFFFFFFFFFFFFFFFFFFFFFFFFFFFFFFFFF6A
:2016A000FFFFFFFFFFFFFFFFFFFFFFFFFFFFFFFFFFFFFFFFFFFFFFFFFFFFFFFFFFFFFFFF4A
:2016C000FFFFFFFFFFFFFFFFFFFFFFFFFFFFFFFFFFFFFFFFFFFFFFFFFFFFFFFFFFFFFFFF2A
:2016E000FFFFFFFFFFFFFFFFFFFFFFFFFFFFFFFFFFFFFFFFFFFFFFFFFFFFFFFFFFFFFFFF0A
:20170000FFFFFFFFFFFFFFFFFFFFFFFFFFFFFFFFFFFFFFFFFFFFFFFFFFFFFFFFFFFFFFFFE9
:20172000FFFFFFFFFFFFFFFFFFFFFFFFFFFFFFFFFFFFFFFFFFFFFFFFFFFFFFFFFFFFFFFFC9
:20174000FFFFFFFFFFFFFFFFFFFFFFFFFFFFFFFFFFFFFFFFFFFFFFFFFFFFFFFFFFFFFFFFA9
:20176000FFFFFFFFFFFFFFFFFFFFFFFFFFFFFFFFFFFFFFFFFFFFFFFFFFFFFFFFFFFFFFFF89
:20178000FFFFFFFFFFFFFFFFFFFFFFFFFFFFFFFFFFFFFFFFFFFFFFFFFFFFFFFFFFFFFFFF69
:2017A000FFFFFFFFFFFFFFFFFFFFFFFFFFFFFFFFFFFFFFFFFFFFFFFFFFFFFFFFFFFFFFFF49
:2017C000FFFFFFFFFFFFFFFFFFFFFFFFFFFFFFFFFFFFFFFFFFFFFFFFFFFFFFFFFFFFFFFF29
:2017E000FFFFFFFFFFFFFFFFFFFFFFFFFFFFFFFFFFFFFFFFFFFFFFFFFFFFFFFFFFFFFFFF09
:20180000FFFFFFFFFFFFFFFFFFFFFFFFFFFFFFFFFFFFFFFFFFFFFFFFFFFFFFFFFFFFFFFFE8
:20182000FFFFFFFFFFFFFFFFFFFFFFFFFFFFFFFFFFFFFFFFFFFFFFFFFFFFFFFFFFFFFFFFC8
:20184000FFFFFFFFFFFFFFFFFFFFFFFFFFFFFFFFFFFFFFFFFFFFFFFFFFFFFFFFFFFFFFFFA8
:20186000FFFFFFFFFFFFFFFFFFFFFFFFFFFFFFFFFFFFFFFFFFFFFFFFFFFFFFFFFFFFFFFF88
:20188000FFFFFFFFFFFFFFFFFFFFFFFFFFFFFFFFFFFFFFFFFFFFFFFFFFFFFFFFFFFFFFFF68
:2018A000FFFFFFFFFFFFFFFFFFFFFFFFFFFFFFFFFFFFFFFFFFFFFFFFFFFFFFFFFFFFFFFF48
:2018C000FFFFFFFFFFFFFFFFFFFFFFFFFFFFFFFFFFFFFFFFFFFFFFFFFFFFFFFFFFFFFFFF28
:2018E000FFFFFFFFFFFFFFFFFFFFFFFFFFFFFFFFFFFFFFFFFFFFFFFFFFFFFFFFFFFFFFFF08
:20190000FFFFFFFFFFFFFFFFFFFFFFFFFFFFFFFFFFFFFFFFFFFFFFFFFFFFFFFFFFFFFFFFE7
:20192000FFFFFFFFFFFFFFFFFFFFFFFFFFFFFFFFFFFFFFFFFFFFFFFFFFFFFFFFFFFFFFFFC7
:20194000FFFFFFFFFFFFFFFFFFFFFFFFFFFFFFFFFFFFFFFFFFFFFFFFFFFFFFFFFFFFFFFFA7
:20196000FFFFFFFFFFFFFFFFFFFFFFFFFFFFFFFFFFFFFFFFFFFFFFFFFFFFFFFFFFFFFFFF87
:20198000FFFFFFFFFFFFFFFFFFFFFFFFFFFFFFFFFFFFFFFFFFFFFFFFFFFFFFFFFFFFFFFF67
:2019A000FFFFFFFFFFFFFFFFFFFFFFFFFFFFFFFFFFFFFFFFFFFFFFFFFFFFFFFFFFFFFFFF47
:2019C000FFFFFFFFFFFFFFFFFFFFFFFFFFFFFFFFFFFFFFFFFFFFFFFFFFFFFFFFFFFFFFFF27
:2019E000FFFFFFFFFFFFFFFFFFFFFFFFFFFFFFFFFFFFFFFFFFFFFFFFFFFFFFFFFFFFFFFF07
:201A0000FFFFFFFFFFFFFFFFFFFFFFFFFFFFFFFFFFFFFFFFFFFFFFFFFFFFFFFFFFFFFFFFE6
:201A2000FFFFFFFFFFFFFFFFFFFFFFFFFFFFFFFFFFFFFFFFFFFFFFFFFFFFFFFFFFFFFFFFC6
:201A4000FFFFFFFFFFFFFFFFFFFFFFFFFFFFFFFFFFFFFFFFFFFFFFFFFFFFFFFFFFFFFFFFA6
:201A6000FFFFFFFFFFFFFFFFFFFFFFFFFFFFFFFFFFFFFFFFFFFFFFFFFFFFFFFFFFFFFFFF86
:201A8000FFFFFFFFFFFFFFFFFFFFFFFFFFFFFFFFFFFFFFFFFFFFFFFFFFFFFFFFFFFFFFFF66
:201AA000FFFFFFFFFFFFFFFFFFFFFFFFFFFFFFFFFFFFFFFFFFFFFFFFFFFFFFFFFFFFFFFF46
:201AC000FFFFFFFFFFFFFFFFFFFFFFFFFFFFFFFFFFFFFFFFFFFFFFFFFFFFFFFFFFFFFFFF26
:201AE000FFFFFFFFFFFFFFFFFFFFFFFFFFFFFFFFFFFFFFFFFFFFFFFFFFFFFFFFFFFFFFFF06
:201B0000FFFFFFFFFFFFFFFFFFFFFFFFFFFFFFFFFFFFFFFFFFFFFFFFFFFFFFFFFFFFFFFFE5
:201B2000FFFFFFFFFFFFFFFFFFFFFFFFFFFFFFFFFFFFFFFFFFFFFFFFFFFFFFFFFFFFFFFFC5
:201B4000FFFFFFFFFFFFFFFFFFFFFFFFFFFFFFFFFFFFFFFFFFFFFFFFFFFFFFFFFFFFFFFFA5
:201B6000FFFFFFFFFFFFFFFFFFFFFFFFFFFFFFFFFFFFFFFFFFFFFFFFFFFFFFFFFFFFFFFF85
:201B8000FFFFFFFFFFFFFFFFFFFFFFFFFFFFFFFFFFFFFFFFFFFFFFFFFFFFFFFFFFFFFFFF65
:201BA000FFFFFFFFFFFFFFFFFFFFFFFFFFFFFFFFFFFFFFFFFFFFFFFFFFFFFFFFFFFFFFFF45
:201BC000FFFFFFFFFFFFFFFFFFFFFFFFFFFFFFFFFFFFFFFFFFFFFFFFFFFFFFFFFFFFFFFF25
:201BE000FFFFFFFFFFFFFFFFFFFFFFFFFFFFFFFFFFFFFFFFFFFFFFFFFFFFFFFFFFFFFFFF05
:201C0000FFFFFFFFFFFFFFFFFFFFFFFFFFFFFFFFFFFFFFFFFFFFFFFFFFFFFFFFFFFFFFFFE4
:201C2000FFFFFFFFFFFFFFFFFFFFFFFFFFFFFFFFFFFFFFFFFFFFFFFFFFFFFFFFFFFFFFFFC4
:201C4000FFFFFFFFFFFFFFFFFFFFFFFFFFFFFFFFFFFFFFFFFFFFFFFFFFFFFFFFFFFFFFFFA4
:201C6000FFFFFFFFFFFFFFFFFFFFFFFFFFFFFFFFFFFFFFFFFFFFFFFFFFFFFFFFFFFFFFFF84
:201C8000FFFFFFFFFFFFFFFFFFFFFFFFFFFFFFFFFFFFFFFFFFFFFFFFFFFFFFFFFFFFFFFF64
:201CA000FFFFFFFFFFFFFFFFFFFFFFFFFFFFFFFFFFFFFFFFFFFFFFFFFFFFFFFFFFFFFFFF44
:201CC000FFFFFFFFFFFFFFFFFFFFFFFFFFFFFFFFFFFFFFFFFFFFFFFFFFFFFFFFFFFFFFFF24
:201CE000FFFFFFFFFFFFFFFFFFFFFFFFFFFFFFFFFFFFFFFFFFFFFFFFFFFFFFFFFFFFFFFF04
:201D0000FFFFFFFFFFFFFFFFFFFFFFFFFFFFFFFFFFFFFFFFFFFFFFFFFFFFFFFFFFFFFFFFE3
:201D2000FFFFFFFFFFFFFFFFFFFFFFFFFFFFFFFFFFFFFFFFFFFFFFFFFFFFFFFFFFFFFFFFC3
:201D4000FFFFFFFFFFFFFFFFFFFFFFFFFFFFFFFFFFFFFFFFFFFFFFFFFFFFFFFFFFFFFFFFA3
:201D6000FFFFFFFFFFFFFFFFFFFFFFFFFFFFFFFFFFFFFFFFFFFFFFFFFFFFFFFFFFFFFFFF83
:201D8000FFFFFFFFFFFFFFFFFFFFFFFFFFFFFFFFFFFFFFFFFFFFFFFFFFFFFFFFFFFFFFFF63
:201DA000FFFFFFFFFFFFFFFFFFFFFFFFFFFFFFFFFFFFFFFFFFFFFFFFFFFFFFFFFFFFFFFF43
:201DC000FFFFFFFFFFFFFFFFFFFFFFFFFFFFFFFFFFFFFFFFFFFFFFFFFFFFFFFFFFFFFFFF23
:201DE000FFFFFFFFFFFFFFFFFFFFFFFFFFFFFFFFFFFFFFFFFFFFFFFFFFFFFFFFFFFFFFFF03
:201E0000FFFFFFFFFFFFFFFFFFFFFFFFFFFFFFFFFFFFFFFFFFFFFFFFFFFFFFFFFFFFFFFFE2
:201E2000FFFFFFFFFFFFFFFFFFFFFFFFFFFFFFFFFFFFFFFFFFFFFFFFFFFFFFFFFFFFFFFFC2
:201E4000FFFFFFFFFFFFFFFFFFFFFFFFFFFFFFFFFFFFFFFFFFFFFFFFFFFFFFFFFFFFFFFFA2
:201E6000FFFFFFFFFFFFFFFFFFFFFFFFFFFFFFFFFFFFFFFFFFFFFFFFFFFFFFFFFFFFFFFF82
:201E8000FFFFFFFFFFFFFFFFFFFFFFFFFFFFFFFFFFFFFFFFFFFFFFFFFFFFFFFFFFFFFFFF62
:201EA000FFFFFFFFFFFFFFFFFFFFFFFFFFFFFFFFFFFFFFFFFFFFFFFFFFFFFFFFFFFFFFFF42
:201EC000FFFFFFFFFFFFFFFFFFFFFFFFFFFFFFFFFFFFFFFFFFFFFFFFFFFFFFFFFFFFFFFF22
:201EE000FFFFFFFFFFFFFFFFFFFFFFFFFFFFFFFFFFFFFFFFFFFFFFFFFFFFFFFFFFFFFFFF02
:201F0000FFFFFFFFFFFFFFFFFFFFFFFFFFFFFFFFFFFFFFFFFFFFFFFFFFFFFFFFFFFFFFFFE1
:201F2000FFFFFFFFFFFFFFFFFFFFFFFFFFFFFFFFFFFFFFFFFFFFFFFFFFFFFFFFFFFFFFFFC1
:201F4000FFFFFFFFFFFFFFFFFFFFFFFFFFFFFFFFFFFFFFFFFFFFFFFFFFFFFFFFFFFFFFFFA1
:201F6000FFFFFFFFFFFFFFFFFFFFFFFFFFFFFFFFFFFFFFFFFFFFFFFFFFFFFFFFFFFFFFFF81
:201F8000FFFFFFFFFFFFFFFFFFFFFFFFFFFFFFFFFFFFFFFFFFFFFFFFFFFFFFFFFFFFFFFF61
:201FA000FFFFFFFFFFFFFFFFFFFFFFFFFFFFFFFFFFFFFFFFFFFFFFFFFFFFFFFFFFFFFFFF41
:201FC000FFFFFFFFFFFFFFFFFFFFFFFFFFFFFFFFFFFFFFFFFFFFFFFFFFFFFFFFFFFFFFFF21
:201FE000FFFFFFFFFFFFFFFFFFFFFFFFFFFFFFFFFFFFFFFFFFFFFFFFFFFFFFFFFFFFFFFF01
:20200000FFFFFFFFFFFFFFFFFFFFFFFFFFFFFFFFFFFFFFFFFFFFFFFFFFFFFFFFFFFFFFFFE0
:20202000FFFFFFFFFFFFFFFFFFFFFFFFFFFFFFFFFFFFFFFFFFFFFFFFFFFFFFFFFFFFFFFFC0
:20204000FFFFFFFFFFFFFFFFFFFFFFFFFFFFFFFFFFFFFFFFFFFFFFFFFFFFFFFFFFFFFFFFA0
:20206000FFFFFFFFFFFFFFFFFFFFFFFFFFFFFFFFFFFFFFFFFFFFFFFFFFFFFFFFFFFFFFFF80
:20208000FFFFFFFFFFFFFFFFFFFFFFFFFFFFFFFFFFFFFFFFFFFFFFFFFFFFFFFFFFFFFFFF60
:2020A000FFFFFFFFFFFFFFFFFFFFFFFFFFFFFFFFFFFFFFFFFFFFFFFFFFFFFFFFFFFFFFFF40
:2020C000FFFFFFFFFFFFFFFFFFFFFFFFFFFFFFFFFFFFFFFFFFFFFFFFFFFFFFFFFFFFFFFF20
:2020E000FFFFFFFFFFFFFFFFFFFFFFFFFFFFFFFFFFFFFFFFFFFFFFFFFFFFFFFFFFFFFFFF00
:20210000FFFFFFFFFFFFFFFFFFFFFFFFFFFFFFFFFFFFFFFFFFFFFFFFFFFFFFFFFFFFFFFFDF
:20212000FFFFFFFFFFFFFFFFFFFFFFFFFFFFFFFFFFFFFFFFFFFFFFFFFFFFFFFFFFFFFFFFBF
:20214000FFFFFFFFFFFFFFFFFFFFFFFFFFFFFFFFFFFFFFFFFFFFFFFFFFFFFFFFFFFFFFFF9F
:20216000FFFFFFFFFFFFFFFFFFFFFFFFFFFFFFFFFFFFFFFFFFFFFFFFFFFFFFFFFFFFFFFF7F
:20218000FFFFFFFFFFFFFFFFFFFFFFFFFFFFFFFFFFFFFFFFFFFFFFFFFFFFFFFFFFFFFFFF5F
:2021A000FFFFFFFFFFFFFFFFFFFFFFFFFFFFFFFFFFFFFFFFFFFFFFFFFFFFFFFFFFFFFFFF3F
:2021C000FFFFFFFFFFFFFFFFFFFFFFFFFFFFFFFFFFFFFFFFFFFFFFFFFFFFFFFFFFFFFFFF1F
:2021E000FFFFFFFFFFFFFFFFFFFFFFFFFFFFFFFFFFFFFFFFFFFFFFFFFFFFFFFFFFFFFFFFFF
:20220000FFFFFFFFFFFFFFFFFFFFFFFFFFFFFFFFFFFFFFFFFFFFFFFFFFFFFFFFFFFFFFFFDE
:20222000FFFFFFFFFFFFFFFFFFFFFFFFFFFFFFFFFFFFFFFFFFFFFFFFFFFFFFFFFFFFFFFFBE
:20224000FFFFFFFFFFFFFFFFFFFFFFFFFFFFFFFFFFFFFFFFFFFFFFFFFFFFFFFFFFFFFFFF9E
:20226000FFFFFFFFFFFFFFFFFFFFFFFFFFFFFFFFFFFFFFFFFFFFFFFFFFFFFFFFFFFFFFFF7E
:20228000FFFFFFFFFFFFFFFFFFFFFFFFFFFFFFFFFFFFFFFFFFFFFFFFFFFFFFFFFFFFFFFF5E
:2022A000FFFFFFFFFFFFFFFFFFFFFFFFFFFFFFFFFFFFFFFFFFFFFFFFFFFFFFFFFFFFFFFF3E
:2022C000FFFFFFFFFFFFFFFFFFFFFFFFFFFFFFFFFFFFFFFFFFFFFFFFFFFFFFFFFFFFFFFF1E
:2022E000FFFFFFFFFFFFFFFFFFFFFFFFFFFFFFFFFFFFFFFFFFFFFFFFFFFFFFFFFFFFFFFFFE
:20230000FFFFFFFFFFFFFFFFFFFFFFFFFFFFFFFFFFFFFFFFFFFFFFFFFFFFFFFFFFFFFFFFDD
:20232000FFFFFFFFFFFFFFFFFFFFFFFFFFFFFFFFFFFFFFFFFFFFFFFFFFFFFFFFFFFFFFFFBD
:20234000FFFFFFFFFFFFFFFFFFFFFFFFFFFFFFFFFFFFFFFFFFFFFFFFFFFFFFFFFFFFFFFF9D
:20236000FFFFFFFFFFFFFFFFFFFFFFFFFFFFFFFFFFFFFFFFFFFFFFFFFFFFFFFFFFFFFFFF7D
:20238000FFFFFFFFFFFFFFFFFFFFFFFFFFFFFFFFFFFFFFFFFFFFFFFFFFFFFFFFFFFFFFFF5D
:2023A000FFFFFFFFFFFFFFFFFFFFFFFFFFFFFFFFFFFFFFFFFFFFFFFFFFFFFFFFFFFFFFFF3D
:2023C000FFFFFFFFFFFFFFFFFFFFFFFFFFFFFFFFFFFFFFFFFFFFFFFFFFFFFFFFFFFFFFFF1D
:2023E000FFFFFFFFFFFFFFFFFFFFFFFFFFFFFFFFFFFFFFFFFFFFFFFFFFFFFFFFFFFFFFFFFD
:20240000FFFFFFFFFFFFFFFFFFFFFFFFFFFFFFFFFFFFFFFFFFFFFFFFFFFFFFFFFFFFFFFFDC
:20242000FFFFFFFFFFFFFFFFFFFFFFFFFFFFFFFFFFFFFFFFFFFFFFFFFFFFFFFFFFFFFFFFBC
:20244000FFFFFFFFFFFFFFFFFFFFFFFFFFFFFFFFFFFFFFFFFFFFFFFFFFFFFFFFFFFFFFFF9C
:20246000FFFFFFFFFFFFFFFFFFFFFFFFFFFFFFFFFFFFFFFFFFFFFFFFFFFFFFFFFFFFFFFF7C
:20248000FFFFFFFFFFFFFFFFFFFFFFFFFFFFFFFFFFFFFFFFFFFFFFFFFFFFFFFFFFFFFFFF5C
:2024A000FFFFFFFFFFFFFFFFFFFFFFFFFFFFFFFFFFFFFFFFFFFFFFFFFFFFFFFFFFFFFFFF3C
:2024C000FFFFFFFFFFFFFFFFFFFFFFFFFFFFFFFFFFFFFFFFFFFFFFFFFFFFFFFFFFFFFFFF1C
:2024E000FFFFFFFFFFFFFFFFFFFFFFFFFFFFFFFFFFFFFFFFFFFFFFFFFFFFFFFFFFFFFFFFFC
:20250000FFFFFFFFFFFFFFFFFFFFFFFFFFFFFFFFFFFFFFFFFFFFFFFFFFFFFFFFFFFFFFFFDB
:20252000FFFFFFFFFFFFFFFFFFFFFFFFFFFFFFFFFFFFFFFFFFFFFFFFFFFFFFFFFFFFFFFFBB
:20254000FFFFFFFFFFFFFFFFFFFFFFFFFFFFFFFFFFFFFFFFFFFFFFFFFFFFFFFFFFFFFFFF9B
:20256000FFFFFFFFFFFFFFFFFFFFFFFFFFFFFFFFFFFFFFFFFFFFFFFFFFFFFFFFFFFFFFFF7B
:20258000FFFFFFFFFFFFFFFFFFFFFFFFFFFFFFFFFFFFFFFFFFFFFFFFFFFFFFFFFFFFFFFF5B
:2025A000FFFFFFFFFFFFFFFFFFFFFFFFFFFFFFFFFFFFFFFFFFFFFFFFFFFFFFFFFFFFFFFF3B
:2025C000FFFFFFFFFFFFFFFFFFFFFFFFFFFFFFFFFFFFFFFFFFFFFFFFFFFFFFFFFFFFFFFF1B
:2025E000FFFFFFFFFFFFFFFFFFFFFFFFFFFFFFFFFFFFFFFFFFFFFFFFFFFFFFFFFFFFFFFFFB
:20260000FFFFFFFFFFFFFFFFFFFFFFFFFFFFFFFFFFFFFFFFFFFFFFFFFFFFFFFFFFFFFFFFDA
:20262000FFFFFFFFFFFFFFFFFFFFFFFFFFFFFFFFFFFFFFFFFFFFFFFFFFFFFFFFFFFFFFFFBA
:20264000FFFFFFFFFFFFFFFFFFFFFFFFFFFFFFFFFFFFFFFFFFFFFFFFFFFFFFFFFFFFFFFF9A
:20266000FFFFFFFFFFFFFFFFFFFFFFFFFFFFFFFFFFFFFFFFFFFFFFFFFFFFFFFFFFFFFFFF7A
:20268000FFFFFFFFFFFFFFFFFFFFFFFFFFFFFFFFFFFFFFFFFFFFFFFFFFFFFFFFFFFFFFFF5A
:2026A000FFFFFFFFFFFFFFFFFFFFFFFFFFFFFFFFFFFFFFFFFFFFFFFFFFFFFFFFFFFFFFFF3A
:2026C000FFFFFFFFFFFFFFFFFFFFFFFFFFFFFFFFFFFFFFFFFFFFFFFFFFFFFFFFFFFFFFFF1A
:2026E000FFFFFFFFFFFFFFFFFFFFFFFFFFFFFFFFFFFFFFFFFFFFFFFFFFFFFFFFFFFFFFFFFA
:20270000FFFFFFFFFFFFFFFFFFFFFFFFFFFFFFFFFFFFFFFFFFFFFFFFFFFFFFFFFFFFFFFFD9
:20272000FFFFFFFFFFFFFFFFFFFFFFFFFFFFFFFFFFFFFFFFFFFFFFFFFFFFFFFFFFFFFFFFB9
:20274000FFFFFFFFFFFFFFFFFFFFFFFFFFFFFFFFFFFFFFFFFFFFFFFFFFFFFFFFFFFFFFFF99
:20276000FFFFFFFFFFFFFFFFFFFFFFFFFFFFFFFFFFFFFFFFFFFFFFFFFFFFFFFFFFFFFFFF79
:20278000FFFFFFFFFFFFFFFFFFFFFFFFFFFFFFFFFFFFFFFFFFFFFFFFFFFFFFFFFFFFFFFF59
:2027A000FFFFFFFFFFFFFFFFFFFFFFFFFFFFFFFFFFFFFFFFFFFFFFFFFFFFFFFFFFFFFFFF39
:2027C000FFFFFFFFFFFFFFFFFFFFFFFFFFFFFFFFFFFFFFFFFFFFFFFFFFFFFFFFFFFFFFFF19
:2027E000FFFFFFFFFFFFFFFFFFFFFFFFFFFFFFFFFFFFFFFFFFFFFFFFFFFFFFFFFFFFFFFFF9
:20280000FFFFFFFFFFFFFFFFFFFFFFFFFFFFFFFFFFFFFFFFFFFFFFFFFFFFFFFFFFFFFFFFD8
:20282000FFFFFFFFFFFFFFFFFFFFFFFFFFFFFFFFFFFFFFFFFFFFFFFFFFFFFFFFFFFFFFFFB8
:20284000FFFFFFFFFFFFFFFFFFFFFFFFFFFFFFFFFFFFFFFFFFFFFFFFFFFFFFFFFFFFFFFF98
:20286000FFFFFFFFFFFFFFFFFFFFFFFFFFFFFFFFFFFFFFFFFFFFFFFFFFFFFFFFFFFFFFFF78
:20288000FFFFFFFFFFFFFFFFFFFFFFFFFFFFFFFFFFFFFFFFFFFFFFFFFFFFFFFFFFFFFFFF58
:2028A000FFFFFFFFFFFFFFFFFFFFFFFFFFFFFFFFFFFFFFFFFFFFFFFFFFFFFFFFFFFFFFFF38
:2028C000FFFFFFFFFFFFFFFFFFFFFFFFFFFFFFFFFFFFFFFFFFFFFFFFFFFFFFFFFFFFFFFF18
:2028E000FFFFFFFFFFFFFFFFFFFFFFFFFFFFFFFFFFFFFFFFFFFFFFFFFFFFFFFFFFFFFFFFF8
:20290000FFFFFFFFFFFFFFFFFFFFFFFFFFFFFFFFFFFFFFFFFFFFFFFFFFFFFFFFFFFFFFFFD7
:20292000FFFFFFFFFFFFFFFFFFFFFFFFFFFFFFFFFFFFFFFFFFFFFFFFFFFFFFFFFFFFFFFFB7
:20294000FFFFFFFFFFFFFFFFFFFFFFFFFFFFFFFFFFFFFFFFFFFFFFFFFFFFFFFFFFFFFFFF97
:20296000FFFFFFFFFFFFFFFFFFFFFFFFFFFFFFFFFFFFFFFFFFFFFFFFFFFFFFFFFFFFFFFF77
:20298000FFFFFFFFFFFFFFFFFFFFFFFFFFFFFFFFFFFFFFFFFFFFFFFFFFFFFFFFFFFFFFFF57
:2029A000FFFFFFFFFFFFFFFFFFFFFFFFFFFFFFFFFFFFFFFFFFFFFFFFFFFFFFFFFFFFFFFF37
:2029C000FFFFFFFFFFFFFFFFFFFFFFFFFFFFFFFFFFFFFFFFFFFFFFFFFFFFFFFFFFFFFFFF17
:2029E000FFFFFFFFFFFFFFFFFFFFFFFFFFFFFFFFFFFFFFFFFFFFFFFFFFFFFFFFFFFFFFFFF7
:202A0000FFFFFFFFFFFFFFFFFFFFFFFFFFFFFFFFFFFFFFFFFFFFFFFFFFFFFFFFFFFFFFFFD6
:202A2000FFFFFFFFFFFFFFFFFFFFFFFFFFFFFFFFFFFFFFFFFFFFFFFFFFFFFFFFFFFFFFFFB6
:202A4000FFFFFFFFFFFFFFFFFFFFFFFFFFFFFFFFFFFFFFFFFFFFFFFFFFFFFFFFFFFFFFFF96
:202A6000FFFFFFFFFFFFFFFFFFFFFFFFFFFFFFFFFFFFFFFFFFFFFFFFFFFFFFFFFFFFFFFF76
:202A8000FFFFFFFFFFFFFFFFFFFFFFFFFFFFFFFFFFFFFFFFFFFFFFFFFFFFFFFFFFFFFFFF56
:202AA000FFFFFFFFFFFFFFFFFFFFFFFFFFFFFFFFFFFFFFFFFFFFFFFFFFFFFFFFFFFFFFFF36
:202AC000FFFFFFFFFFFFFFFFFFFFFFFFFFFFFFFFFFFFFFFFFFFFFFFFFFFFFFFFFFFFFFFF16
:202AE000FFFFFFFFFFFFFFFFFFFFFFFFFFFFFFFFFFFFFFFFFFFFFFFFFFFFFFFFFFFFFFFFF6
:202B0000FFFFFFFFFFFFFFFFFFFFFFFFFFFFFFFFFFFFFFFFFFFFFFFFFFFFFFFFFFFFFFFFD5
:202B2000FFFFFFFFFFFFFFFFFFFFFFFFFFFFFFFFFFFFFFFFFFFFFFFFFFFFFFFFFFFFFFFFB5
:202B4000FFFFFFFFFFFFFFFFFFFFFFFFFFFFFFFFFFFFFFFFFFFFFFFFFFFFFFFFFFFFFFFF95
:202B6000FFFFFFFFFFFFFFFFFFFFFFFFFFFFFFFFFFFFFFFFFFFFFFFFFFFFFFFFFFFFFFFF75
:202B8000FFFFFFFFFFFFFFFFFFFFFFFFFFFFFFFFFFFFFFFFFFFFFFFFFFFFFFFFFFFFFFFF55
:202BA000FFFFFFFFFFFFFFFFFFFFFFFFFFFFFFFFFFFFFFFFFFFFFFFFFFFFFFFFFFFFFFFF35
:202BC000FFFFFFFFFFFFFFFFFFFFFFFFFFFFFFFFFFFFFFFFFFFFFFFFFFFFFFFFFFFFFFFF15
:202BE000FFFFFFFFFFFFFFFFFFFFFFFFFFFFFFFFFFFFFFFFFFFFFFFFFFFFFFFFFFFFFFFFF5
:202C0000FFFFFFFFFFFFFFFFFFFFFFFFFFFFFFFFFFFFFFFFFFFFFFFFFFFFFFFFFFFFFFFFD4
:202C2000FFFFFFFFFFFFFFFFFFFFFFFFFFFFFFFFFFFFFFFFFFFFFFFFFFFFFFFFFFFFFFFFB4
:202C4000FFFFFFFFFFFFFFFFFFFFFFFFFFFFFFFFFFFFFFFFFFFFFFFFFFFFFFFFFFFFFFFF94
:202C6000FFFFFFFFFFFFFFFFFFFFFFFFFFFFFFFFFFFFFFFFFFFFFFFFFFFFFFFFFFFFFFFF74
:202C8000FFFFFFFFFFFFFFFFFFFFFFFFFFFFFFFFFFFFFFFFFFFFFFFFFFFFFFFFFFFFFFFF54
:202CA000FFFFFFFFFFFFFFFFFFFFFFFFFFFFFFFFFFFFFFFFFFFFFFFFFFFFFFFFFFFFFFFF34
:202CC000FFFFFFFFFFFFFFFFFFFFFFFFFFFFFFFFFFFFFFFFFFFFFFFFFFFFFFFFFFFFFFFF14
:202CE000FFFFFFFFFFFFFFFFFFFFFFFFFFFFFFFFFFFFFFFFFFFFFFFFFFFFFFFFFFFFFFFFF4
:202D0000FFFFFFFFFFFFFFFFFFFFFFFFFFFFFFFFFFFFFFFFFFFFFFFFFFFFFFFFFFFFFFFFD3
:202D2000FFFFFFFFFFFFFFFFFFFFFFFFFFFFFFFFFFFFFFFFFFFFFFFFFFFFFFFFFFFFFFFFB3
:202D4000FFFFFFFFFFFFFFFFFFFFFFFFFFFFFFFFFFFFFFFFFFFFFFFFFFFFFFFFFFFFFFFF93
:202D6000FFFFFFFFFFFFFFFFFFFFFFFFFFFFFFFFFFFFFFFFFFFFFFFFFFFFFFFFFFFFFFFF73
:202D8000FFFFFFFFFFFFFFFFFFFFFFFFFFFFFFFFFFFFFFFFFFFFFFFFFFFFFFFFFFFFFFFF53
:202DA000FFFFFFFFFFFFFFFFFFFFFFFFFFFFFFFFFFFFFFFFFFFFFFFFFFFFFFFFFFFFFFFF33
:202DC000FFFFFFFFFFFFFFFFFFFFFFFFFFFFFFFFFFFFFFFFFFFFFFFFFFFFFFFFFFFFFFFF13
:202DE000FFFFFFFFFFFFFFFFFFFFFFFFFFFFFFFFFFFFFFFFFFFFFFFFFFFFFFFFFFFFFFFFF3
:202E0000FFFFFFFFFFFFFFFFFFFFFFFFFFFFFFFFFFFFFFFFFFFFFFFFFFFFFFFFFFFFFFFFD2
:202E2000FFFFFFFFFFFFFFFFFFFFFFFFFFFFFFFFFFFFFFFFFFFFFFFFFFFFFFFFFFFFFFFFB2
:202E4000FFFFFFFFFFFFFFFFFFFFFFFFFFFFFFFFFFFFFFFFFFFFFFFFFFFFFFFFFFFFFFFF92
:202E6000FFFFFFFFFFFFFFFFFFFFFFFFFFFFFFFFFFFFFFFFFFFFFFFFFFFFFFFFFFFFFFFF72
:202E8000FFFFFFFFFFFFFFFFFFFFFFFFFFFFFFFFFFFFFFFFFFFFFFFFFFFFFFFFFFFFFFFF52
:202EA000FFFFFFFFFFFFFFFFFFFFFFFFFFFFFFFFFFFFFFFFFFFFFFFFFFFFFFFFFFFFFFFF32
:202EC000FFFFFFFFFFFFFFFFFFFFFFFFFFFFFFFFFFFFFFFFFFFFFFFFFFFFFFFFFFFFFFFF12
:202EE000FFFFFFFFFFFFFFFFFFFFFFFFFFFFFFFFFFFFFFFFFFFFFFFFFFFFFFFFFFFFFFFFF2
:202F0000FFFFFFFFFFFFFFFFFFFFFFFFFFFFFFFFFFFFFFFFFFFFFFFFFFFFFFFFFFFFFFFFD1
:202F2000FFFFFFFFFFFFFFFFFFFFFFFFFFFFFFFFFFFFFFFFFFFFFFFFFFFFFFFFFFFFFFFFB1
:202F4000FFFFFFFFFFFFFFFFFFFFFFFFFFFFFFFFFFFFFFFFFFFFFFFFFFFFFFFFFFFFFFFF91
:202F6000FFFFFFFFFFFFFFFFFFFFFFFFFFFFFFFFFFFFFFFFFFFFFFFFFFFFFFFFFFFFFFFF71
:202F8000FFFFFFFFFFFFFFFFFFFFFFFFFFFFFFFFFFFFFFFFFFFFFFFFFFFFFFFFFFFFFFFF51
:202FA000FFFFFFFFFFFFFFFFFFFFFFFFFFFFFFFFFFFFFFFFFFFFFFFFFFFFFFFFFFFFFFFF31
:202FC000FFFFFFFFFFFFFFFFFFFFFFFFFFFFFFFFFFFFFFFFFFFFFFFFFFFFFFFFFFFFFFFF11
:202FE000FFFFFFFFFFFFFFFFFFFFFFFFFFFFFFFFFFFFFFFFFFFFFFFFFFFFFFFFFFFFFFFFF1
:20300000FFFFFFFFFFFFFFFFFFFFFFFFFFFFFFFFFFFFFFFFFFFFFFFFFFFFFFFFFFFFFFFFD0
:20302000FFFFFFFFFFFFFFFFFFFFFFFFFFFFFFFFFFFFFFFFFFFFFFFFFFFFFFFFFFFFFFFFB0
:20304000FFFFFFFFFFFFFFFFFFFFFFFFFFFFFFFFFFFFFFFFFFFFFFFFFFFFFFFFFFFFFFFF90
:20306000FFFFFFFFFFFFFFFFFFFFFFFFFFFFFFFFFFFFFFFFFFFFFFFFFFFFFFFFFFFFFFFF70
:20308000FFFFFFFFFFFFFFFFFFFFFFFFFFFFFFFFFFFFFFFFFFFFFFFFFFFFFFFFFFFFFFFF50
:2030A000FFFFFFFFFFFFFFFFFFFFFFFFFFFFFFFFFFFFFFFFFFFFFFFFFFFFFFFFFFFFFFFF30
:2030C000FFFFFFFFFFFFFFFFFFFFFFFFFFFFFFFFFFFFFFFFFFFFFFFFFFFFFFFFFFFFFFFF10
:2030E000FFFFFFFFFFFFFFFFFFFFFFFFFFFFFFFFFFFFFFFFFFFFFFFFFFFFFFFFFFFFFFFFF0
:20310000FFFFFFFFFFFFFFFFFFFFFFFFFFFFFFFFFFFFFFFFFFFFFFFFFFFFFFFFFFFFFFFFCF
:20312000FFFFFFFFFFFFFFFFFFFFFFFFFFFFFFFFFFFFFFFFFFFFFFFFFFFFFFFFFFFFFFFFAF
:20314000FFFFFFFFFFFFFFFFFFFFFFFFFFFFFFFFFFFFFFFFFFFFFFFFFFFFFFFFFFFFFFFF8F
:20316000FFFFFFFFFFFFFFFFFFFFFFFFFFFFFFFFFFFFFFFFFFFFFFFFFFFFFFFFFFFFFFFF6F
:20318000FFFFFFFFFFFFFFFFFFFFFFFFFFFFFFFFFFFFFFFFFFFFFFFFFFFFFFFFFFFFFFFF4F
:2031A000FFFFFFFFFFFFFFFFFFFFFFFFFFFFFFFFFFFFFFFFFFFFFFFFFFFFFFFFFFFFFFFF2F
:2031C000FFFFFFFFFFFFFFFFFFFFFFFFFFFFFFFFFFFFFFFFFFFFFFFFFFFFFFFFFFFFFFFF0F
:2031E000FFFFFFFFFFFFFFFFFFFFFFFFFFFFFFFFFFFFFFFFFFFFFFFFFFFFFFFFFFFFFFFFEF
:20320000FFFFFFFFFFFFFFFFFFFFFFFFFFFFFFFFFFFFFFFFFFFFFFFFFFFFFFFFFFFFFFFFCE
:20322000FFFFFFFFFFFFFFFFFFFFFFFFFFFFFFFFFFFFFFFFFFFFFFFFFFFFFFFFFFFFFFFFAE
:20324000FFFFFFFFFFFFFFFFFFFFFFFFFFFFFFFFFFFFFFFFFFFFFFFFFFFFFFFFFFFFFFFF8E
:20326000FFFFFFFFFFFFFFFFFFFFFFFFFFFFFFFFFFFFFFFFFFFFFFFFFFFFFFFFFFFFFFFF6E
:20328000FFFFFFFFFFFFFFFFFFFFFFFFFFFFFFFFFFFFFFFFFFFFFFFFFFFFFFFFFFFFFFFF4E
:2032A000FFFFFFFFFFFFFFFFFFFFFFFFFFFFFFFFFFFFFFFFFFFFFFFFFFFFFFFFFFFFFFFF2E
:2032C000FFFFFFFFFFFFFFFFFFFFFFFFFFFFFFFFFFFFFFFFFFFFFFFFFFFFFFFFFFFFFFFF0E
:2032E000FFFFFFFFFFFFFFFFFFFFFFFFFFFFFFFFFFFFFFFFFFFFFFFFFFFFFFFFFFFFFFFFEE
:20330000FFFFFFFFFFFFFFFFFFFFFFFFFFFFFFFFFFFFFFFFFFFFFFFFFFFFFFFFFFFFFFFFCD
:20332000FFFFFFFFFFFFFFFFFFFFFFFFFFFFFFFFFFFFFFFFFFFFFFFFFFFFFFFFFFFFFFFFAD
:20334000FFFFFFFFFFFFFFFFFFFFFFFFFFFFFFFFFFFFFFFFFFFFFFFFFFFFFFFFFFFFFFFF8D
:20336000FFFFFFFFFFFFFFFFFFFFFFFFFFFFFFFFFFFFFFFFFFFFFFFFFFFFFFFFFFFFFFFF6D
:20338000FFFFFFFFFFFFFFFFFFFFFFFFFFFFFFFFFFFFFFFFFFFFFFFFFFFFFFFFFFFFFFFF4D
:2033A000FFFFFFFFFFFFFFFFFFFFFFFFFFFFFFFFFFFFFFFFFFFFFFFFFFFFFFFFFFFFFFFF2D
:2033C000FFFFFFFFFFFFFFFFFFFFFFFFFFFFFFFFFFFFFFFFFFFFFFFFFFFFFFFFFFFFFFFF0D
:2033E000FFFFFFFFFFFFFFFFFFFFFFFFFFFFFFFFFFFFFFFFFFFFFFFFFFFFFFFFFFFFFFFFED
:20340000FFFFFFFFFFFFFFFFFFFFFFFFFFFFFFFFFFFFFFFFFFFFFFFFFFFFFFFFFFFFFFFFCC
:20342000FFFFFFFFFFFFFFFFFFFFFFFFFFFFFFFFFFFFFFFFFFFFFFFFFFFFFFFFFFFFFFFFAC
:20344000FFFFFFFFFFFFFFFFFFFFFFFFFFFFFFFFFFFFFFFFFFFFFFFFFFFFFFFFFFFFFFFF8C
:20346000FFFFFFFFFFFFFFFFFFFFFFFFFFFFFFFFFFFFFFFFFFFFFFFFFFFFFFFFFFFFFFFF6C
:20348000FFFFFFFFFFFFFFFFFFFFFFFFFFFFFFFFFFFFFFFFFFFFFFFFFFFFFFFFFFFFFFFF4C
:2034A000FFFFFFFFFFFFFFFFFFFFFFFFFFFFFFFFFFFFFFFFFFFFFFFFFFFFFFFFFFFFFFFF2C
:2034C000FFFFFFFFFFFFFFFFFFFFFFFFFFFFFFFFFFFFFFFFFFFFFFFFFFFFFFFFFFFFFFFF0C
:2034E000FFFFFFFFFFFFFFFFFFFFFFFFFFFFFFFFFFFFFFFFFFFFFFFFFFFFFFFFFFFFFFFFEC
:20350000FFFFFFFFFFFFFFFFFFFFFFFFFFFFFFFFFFFFFFFFFFFFFFFFFFFFFFFFFFFFFFFFCB
:20352000FFFFFFFFFFFFFFFFFFFFFFFFFFFFFFFFFFFFFFFFFFFFFFFFFFFFFFFFFFFFFFFFAB
:20354000FFFFFFFFFFFFFFFFFFFFFFFFFFFFFFFFFFFFFFFFFFFFFFFFFFFFFFFFFFFFFFFF8B
:20356000FFFFFFFFFFFFFFFFFFFFFFFFFFFFFFFFFFFFFFFFFFFFFFFFFFFFFFFFFFFFFFFF6B
:20358000FFFFFFFFFFFFFFFFFFFFFFFFFFFFFFFFFFFFFFFFFFFFFFFFFFFFFFFFFFFFFFFF4B
:2035A000FFFFFFFFFFFFFFFFFFFFFFFFFFFFFFFFFFFFFFFFFFFFFFFFFFFFFFFFFFFFFFFF2B
:2035C000FFFFFFFFFFFFFFFFFFFFFFFFFFFFFFFFFFFFFFFFFFFFFFFFFFFFFFFFFFFFFFFF0B
:2035E000FFFFFFFFFFFFFFFFFFFFFFFFFFFFFFFFFFFFFFFFFFFFFFFFFFFFFFFFFFFFFFFFEB
:20360000FFFFFFFFFFFFFFFFFFFFFFFFFFFFFFFFFFFFFFFFFFFFFFFFFFFFFFFFFFFFFFFFCA
:20362000FFFFFFFFFFFFFFFFFFFFFFFFFFFFFFFFFFFFFFFFFFFFFFFFFFFFFFFFFFFFFFFFAA
:20364000FFFFFFFFFFFFFFFFFFFFFFFFFFFFFFFFFFFFFFFFFFFFFFFFFFFFFFFFFFFFFFFF8A
:20366000FFFFFFFFFFFFFFFFFFFFFFFFFFFFFFFFFFFFFFFFFFFFFFFFFFFFFFFFFFFFFFFF6A
:20368000FFFFFFFFFFFFFFFFFFFFFFFFFFFFFFFFFFFFFFFFFFFFFFFFFFFFFFFFFFFFFFFF4A
:2036A000FFFFFFFFFFFFFFFFFFFFFFFFFFFFFFFFFFFFFFFFFFFFFFFFFFFFFFFFFFFFFFFF2A
:2036C000FFFFFFFFFFFFFFFFFFFFFFFFFFFFFFFFFFFFFFFFFFFFFFFFFFFFFFFFFFFFFFFF0A
:2036E000FFFFFFFFFFFFFFFFFFFFFFFFFFFFFFFFFFFFFFFFFFFFFFFFFFFFFFFFFFFFFFFFEA
:20370000FFFFFFFFFFFFFFFFFFFFFFFFFFFFFFFFFFFFFFFFFFFFFFFFFFFFFFFFFFFFFFFFC9
:20372000FFFFFFFFFFFFFFFFFFFFFFFFFFFFFFFFFFFFFFFFFFFFFFFFFFFFFFFFFFFFFFFFA9
:20374000FFFFFFFFFFFFFFFFFFFFFFFFFFFFFFFFFFFFFFFFFFFFFFFFFFFFFFFFFFFFFFFF89
:20376000FFFFFFFFFFFFFFFFFFFFFFFFFFFFFFFFFFFFFFFFFFFFFFFFFFFFFFFFFFFFFFFF69
:20378000FFFFFFFFFFFFFFFFFFFFFFFFFFFFFFFFFFFFFFFFFFFFFFFFFFFFFFFFFFFFFFFF49
:2037A000FFFFFFFFFFFFFFFFFFFFFFFFFFFFFFFFFFFFFFFFFFFFFFFFFFFFFFFFFFFFFFFF29
:2037C000FFFFFFFFFFFFFFFFFFFFFFFFFFFFFFFFFFFFFFFFFFFFFFFFFFFFFFFFFFFFFFFF09
:2037E000FFFFFFFFFFFFFFFFFFFFFFFFFFFFFFFFFFFFFFFFFFFFFFFFFFFFFFFFFFFFFFFFE9
:20380000FFFFFFFFFFFFFFFFFFFFFFFFFFFFFFFFFFFFFFFFFFFFFFFFFFFFFFFFFFFFFFFFC8
:20382000FFFFFFFFFFFFFFFFFFFFFFFFFFFFFFFFFFFFFFFFFFFFFFFFFFFFFFFFFFFFFFFFA8
:20384000FFFFFFFFFFFFFFFFFFFFFFFFFFFFFFFFFFFFFFFFFFFFFFFFFFFFFFFFFFFFFFFF88
:20386000FFFFFFFFFFFFFFFFFFFFFFFFFFFFFFFFFFFFFFFFFFFFFFFFFFFFFFFFFFFFFFFF68
:20388000FFFFFFFFFFFFFFFFFFFFFFFFFFFFFFFFFFFFFFFFFFFFFFFFFFFFFFFFFFFFFFFF48
:2038A000FFFFFFFFFFFFFFFFFFFFFFFFFFFFFFFFFFFFFFFFFFFFFFFFFFFFFFFFFFFFFFFF28
:2038C000FFFFFFFFFFFFFFFFFFFFFFFFFFFFFFFFFFFFFFFFFFFFFFFFFFFFFFFFFFFFFFFF08
:2038E000FFFFFFFFFFFFFFFFFFFFFFFFFFFFFFFFFFFFFFFFFFFFFFFFFFFFFFFFFFFFFFFFE8
:20390000FFFFFFFFFFFFFFFFFFFFFFFFFFFFFFFFFFFFFFFFFFFFFFFFFFFFFFFFFFFFFFFFC7
:20392000FFFFFFFFFFFFFFFFFFFFFFFFFFFFFFFFFFFFFFFFFFFFFFFFFFFFFFFFFFFFFFFFA7
:20394000FFFFFFFFFFFFFFFFFFFFFFFFFFFFFFFFFFFFFFFFFFFFFFFFFFFFFFFFFFFFFFFF87
:20396000FFFFFFFFFFFFFFFFFFFFFFFFFFFFFFFFFFFFFFFFFFFFFFFFFFFFFFFFFFFFFFFF67
:20398000FFFFFFFFFFFFFFFFFFFFFFFFFFFFFFFFFFFFFFFFFFFFFFFFFFFFFFFFFFFFFFFF47
:2039A000FFFFFFFFFFFFFFFFFFFFFFFFFFFFFFFFFFFFFFFFFFFFFFFFFFFFFFFFFFFFFFFF27
:2039C000FFFFFFFFFFFFFFFFFFFFFFFFFFFFFFFFFFFFFFFFFFFFFFFFFFFFFFFFFFFFFFFF07
:2039E000FFFFFFFFFFFFFFFFFFFFFFFFFFFFFFFFFFFFFFFFFFFFFFFFFFFFFFFFFFFFFFFFE7
:203A0000FFFFFFFFFFFFFFFFFFFFFFFFFFFFFFFFFFFFFFFFFFFFFFFFFFFFFFFFFFFFFFFFC6
:203A2000FFFFFFFFFFFFFFFFFFFFFFFFFFFFFFFFFFFFFFFFFFFFFFFFFFFFFFFFFFFFFFFFA6
:203A4000FFFFFFFFFFFFFFFFFFFFFFFFFFFFFFFFFFFFFFFFFFFFFFFFFFFFFFFFFFFFFFFF86
:203A6000FFFFFFFFFFFFFFFFFFFFFFFFFFFFFFFFFFFFFFFFFFFFFFFFFFFFFFFFFFFFFFFF66
:203A8000FFFFFFFFFFFFFFFFFFFFFFFFFFFFFFFFFFFFFFFFFFFFFFFFFFFFFFFFFFFFFFFF46
:203AA000FFFFFFFFFFFFFFFFFFFFFFFFFFFFFFFFFFFFFFFFFFFFFFFFFFFFFFFFFFFFFFFF26
:203AC000FFFFFFFFFFFFFFFFFFFFFFFFFFFFFFFFFFFFFFFFFFFFFFFFFFFFFFFFFFFFFFFF06
:203AE000FFFFFFFFFFFFFFFFFFFFFFFFFFFFFFFFFFFFFFFFFFFFFFFFFFFFFFFFFFFFFFFFE6
:203B0000FFFFFFFFFFFFFFFFFFFFFFFFFFFFFFFFFFFFFFFFFFFFFFFFFFFFFFFFFFFFFFFFC5
:203B2000FFFFFFFFFFFFFFFFFFFFFFFFFFFFFFFFFFFFFFFFFFFFFFFFFFFFFFFFFFFFFFFFA5
:203B4000FFFFFFFFFFFFFFFFFFFFFFFFFFFFFFFFFFFFFFFFFFFFFFFFFFFFFFFFFFFFFFFF85
:203B6000FFFFFFFFFFFFFFFFFFFFFFFFFFFFFFFFFFFFFFFFFFFFFFFFFFFFFFFFFFFFFFFF65
:203B8000FFFFFFFFFFFFFFFFFFFFFFFFFFFFFFFFFFFFFFFFFFFFFFFFFFFFFFFFFFFFFFFF45
:203BA000FFFFFFFFFFFFFFFFFFFFFFFFFFFFFFFFFFFFFFFFFFFFFFFFFFFFFFFFFFFFFFFF25
:203BC000FFFFFFFFFFFFFFFFFFFFFFFFFFFFFFFFFFFFFFFFFFFFFFFFFFFFFFFFFFFFFFFF05
:203BE000FFFFFFFFFFFFFFFFFFFFFFFFFFFFFFFFFFFFFFFFFFFFFFFFFFFFFFFFFFFFFFFFE5
:203C0000FFFFFFFFFFFFFFFFFFFFFFFFFFFFFFFFFFFFFFFFFFFFFFFFFFFFFFFFFFFFFFFFC4
:203C2000FFFFFFFFFFFFFFFFFFFFFFFFFFFFFFFFFFFFFFFFFFFFFFFFFFFFFFFFFFFFFFFFA4
:203C4000FFFFFFFFFFFFFFFFFFFFFFFFFFFFFFFFFFFFFFFFFFFFFFFFFFFFFFFFFFFFFFFF84
:203C6000FFFFFFFFFFFFFFFFFFFFFFFFFFFFFFFFFFFFFFFFFFFFFFFFFFFFFFFFFFFFFFFF64
:203C8000FFFFFFFFFFFFFFFFFFFFFFFFFFFFFFFFFFFFFFFFFFFFFFFFFFFFFFFFFFFFFFFF44
:203CA000FFFFFFFFFFFFFFFFFFFFFFFFFFFFFFFFFFFFFFFFFFFFFFFFFFFFFFFFFFFFFFFF24
:203CC000FFFFFFFFFFFFFFFFFFFFFFFFFFFFFFFFFFFFFFFFFFFFFFFFFFFFFFFFFFFFFFFF04
:203CE000FFFFFFFFFFFFFFFFFFFFFFFFFFFFFFFFFFFFFFFFFFFFFFFFFFFFFFFFFFFFFFFFE4
:203D0000FFFFFFFFFFFFFFFFFFFFFFFFFFFFFFFFFFFFFFFFFFFFFFFFFFFFFFFFFFFFFFFFC3
:203D2000FFFFFFFFFFFFFFFFFFFFFFFFFFFFFFFFFFFFFFFFFFFFFFFFFFFFFFFFFFFFFFFFA3
:203D4000FFFFFFFFFFFFFFFFFFFFFFFFFFFFFFFFFFFFFFFFFFFFFFFFFFFFFFFFFFFFFFFF83
:203D6000FFFFFFFFFFFFFFFFFFFFFFFFFFFFFFFFFFFFFFFFFFFFFFFFFFFFFFFFFFFFFFFF63
:203D8000FFFFFFFFFFFFFFFFFFFFFFFFFFFFFFFFFFFFFFFFFFFFFFFFFFFFFFFFFFFFFFFF43
:203DA000FFFFFFFFFFFFFFFFFFFFFFFFFFFFFFFFFFFFFFFFFFFFFFFFFFFFFFFFFFFFFFFF23
:203DC000FFFFFFFFFFFFFFFFFFFFFFFFFFFFFFFFFFFFFFFFFFFFFFFFFFFFFFFFFFFFFFFF03
:203DE000FFFFFFFFFFFFFFFFFFFFFFFFFFFFFFFFFFFFFFFFFFFFFFFFFFFFFFFFFFFFFFFFE3
:203E0000FFFFFFFFFFFFFFFFFFFFFFFFFFFFFFFFFFFFFFFFFFFFFFFFFFFFFFFFFFFFFFFFC2
:203E2000FFFFFFFFFFFFFFFFFFFFFFFFFFFFFFFFFFFFFFFFFFFFFFFFFFFFFFFFFFFFFFFFA2
:203E4000FFFFFFFFFFFFFFFFFFFFFFFFFFFFFFFFFFFFFFFFFFFFFFFFFFFFFFFFFFFFFFFF82
:203E6000FFFFFFFFFFFFFFFFFFFFFFFFFFFFFFFFFFFFFFFFFFFFFFFFFFFFFFFFFFFFFFFF62
:203E8000FFFFFFFFFFFFFFFFFFFFFFFFFFFFFFFFFFFFFFFFFFFFFFFFFFFFFFFFFFFFFFFF42
:203EA000FFFFFFFFFFFFFFFFFFFFFFFFFFFFFFFFFFFFFFFFFFFFFFFFFFFFFFFFFFFFFFFF22
:203EC000FFFFFFFFFFFFFFFFFFFFFFFFFFFFFFFFFFFFFFFFFFFFFFFFFFFFFFFFFFFFFFFF02
:203EE000FFFFFFFFFFFFFFFFFFFFFFFFFFFFFFFFFFFFFFFFFFFFFFFFFFFFFFFFFFFFFFFFE2
:203F0000FFFFFFFFFFFFFFFFFFFFFFFFFFFFFFFFFFFFFFFFFFFFFFFFFFFFFFFFFFFFFFFFC1
:203F2000FFFFFFFFFFFFFFFFFFFFFFFFFFFFFFFFFFFFFFFFFFFFFFFFFFFFFFFFFFFFFFFFA1
:203F4000FFFFFFFFFFFFFFFFFFFFFFFFFFFFFFFFFFFFFFFFFFFFFFFFFFFFFFFFFFFFFFFF81
:203F6000FFFFFFFFFFFFFFFFFFFFFFFFFFFFFFFFFFFFFFFFFFFFFFFFFFFFFFFFFFFFFFFF61
:203F8000FFFFFFFFFFFFFFFFFFFFFFFFFFFFFFFFFFFFFFFFFFFFFFFFFFFFFFFFFFFFFFFF41
:203FA000FFFFFFFFFFFFFFFFFFFFFFFFFFFFFFFFFFFFFFFFFFFFFFFFFFFFFFFFFFFFFFFF21
:203FC000FFFFFFFFFFFFFFFFFFFFFFFFFFFFFFFFFFFFFFFFFFFFFFFFFFFFFFFFFFFFFFFF01
:203FE000FFFFFFFFFFFFFFFFFFFFFFFFFFFFFFFFFFFFFFFFFFFFFFFFFFFFFFFFFFFFFFFFE1
:20400000FFFFFFFFFFFFFFFFFFFFFFFFFFFFFFFFFFFFFFFFFFFFFFFFFFFFFFFFFFFFFFFFC0
:20402000FFFFFFFFFFFFFFFFFFFFFFFFFFFFFFFFFFFFFFFFFFFFFFFFFFFFFFFFFFFFFFFFA0
:20404000FFFFFFFFFFFFFFFFFFFFFFFFFFFFFFFFFFFFFFFFFFFFFFFFFFFFFFFFFFFFFFFF80
:20406000FFFFFFFFFFFFFFFFFFFFFFFFFFFFFFFFFFFFFFFFFFFFFFFFFFFFFFFFFFFFFFFF60
:20408000FFFFFFFFFFFFFFFFFFFFFFFFFFFFFFFFFFFFFFFFFFFFFFFFFFFFFFFFFFFFFFFF40
:2040A000FFFFFFFFFFFFFFFFFFFFFFFFFFFFFFFFFFFFFFFFFFFFFFFFFFFFFFFFFFFFFFFF20
:2040C000FFFFFFFFFFFFFFFFFFFFFFFFFFFFFFFFFFFFFFFFFFFFFFFFFFFFFFFFFFFFFFFF00
:2040E000FFFFFFFFFFFFFFFFFFFFFFFFFFFFFFFFFFFFFFFFFFFFFFFFFFFFFFFFFFFFFFFFE0
:20410000FFFFFFFFFFFFFFFFFFFFFFFFFFFFFFFFFFFFFFFFFFFFFFFFFFFFFFFFFFFFFFFFBF
:20412000FFFFFFFFFFFFFFFFFFFFFFFFFFFFFFFFFFFFFFFFFFFFFFFFFFFFFFFFFFFFFFFF9F
:20414000FFFFFFFFFFFFFFFFFFFFFFFFFFFFFFFFFFFFFFFFFFFFFFFFFFFFFFFFFFFFFFFF7F
:20416000FFFFFFFFFFFFFFFFFFFFFFFFFFFFFFFFFFFFFFFFFFFFFFFFFFFFFFFFFFFFFFFF5F
:20418000FFFFFFFFFFFFFFFFFFFFFFFFFFFFFFFFFFFFFFFFFFFFFFFFFFFFFFFFFFFFFFFF3F
:2041A000FFFFFFFFFFFFFFFFFFFFFFFFFFFFFFFFFFFFFFFFFFFFFFFFFFFFFFFFFFFFFFFF1F
:2041C000FFFFFFFFFFFFFFFFFFFFFFFFFFFFFFFFFFFFFFFFFFFFFFFFFFFFFFFFFFFFFFFFFF
:2041E000FFFFFFFFFFFFFFFFFFFFFFFFFFFFFFFFFFFFFFFFFFFFFFFFFFFFFFFFFFFFFFFFDF
:20420000FFFFFFFFFFFFFFFFFFFFFFFFFFFFFFFFFFFFFFFFFFFFFFFFFFFFFFFFFFFFFFFFBE
:20422000FFFFFFFFFFFFFFFFFFFFFFFFFFFFFFFFFFFFFFFFFFFFFFFFFFFFFFFFFFFFFFFF9E
:20424000FFFFFFFFFFFFFFFFFFFFFFFFFFFFFFFFFFFFFFFFFFFFFFFFFFFFFFFFFFFFFFFF7E
:20426000FFFFFFFFFFFFFFFFFFFFFFFFFFFFFFFFFFFFFFFFFFFFFFFFFFFFFFFFFFFFFFFF5E
:20428000FFFFFFFFFFFFFFFFFFFFFFFFFFFFFFFFFFFFFFFFFFFFFFFFFFFFFFFFFFFFFFFF3E
:2042A000FFFFFFFFFFFFFFFFFFFFFFFFFFFFFFFFFFFFFFFFFFFFFFFFFFFFFFFFFFFFFFFF1E
:2042C000FFFFFFFFFFFFFFFFFFFFFFFFFFFFFFFFFFFFFFFFFFFFFFFFFFFFFFFFFFFFFFFFFE
:2042E000FFFFFFFFFFFFFFFFFFFFFFFFFFFFFFFFFFFFFFFFFFFFFFFFFFFFFFFFFFFFFFFFDE
:20430000FFFFFFFFFFFFFFFFFFFFFFFFFFFFFFFFFFFFFFFFFFFFFFFFFFFFFFFFFFFFFFFFBD
:20432000FFFFFFFFFFFFFFFFFFFFFFFFFFFFFFFFFFFFFFFFFFFFFFFFFFFFFFFFFFFFFFFF9D
:20434000FFFFFFFFFFFFFFFFFFFFFFFFFFFFFFFFFFFFFFFFFFFFFFFFFFFFFFFFFFFFFFFF7D
:20436000FFFFFFFFFFFFFFFFFFFFFFFFFFFFFFFFFFFFFFFFFFFFFFFFFFFFFFFFFFFFFFFF5D
:20438000FFFFFFFFFFFFFFFFFFFFFFFFFFFFFFFFFFFFFFFFFFFFFFFFFFFFFFFFFFFFFFFF3D
:2043A000FFFFFFFFFFFFFFFFFFFFFFFFFFFFFFFFFFFFFFFFFFFFFFFFFFFFFFFFFFFFFFFF1D
:2043C000FFFFFFFFFFFFFFFFFFFFFFFFFFFFFFFFFFFFFFFFFFFFFFFFFFFFFFFFFFFFFFFFFD
:2043E000FFFFFFFFFFFFFFFFFFFFFFFFFFFFFFFFFFFFFFFFFFFFFFFFFFFFFFFFFFFFFFFFDD
:20440000FFFFFFFFFFFFFFFFFFFFFFFFFFFFFFFFFFFFFFFFFFFFFFFFFFFFFFFFFFFFFFFFBC
:20442000FFFFFFFFFFFFFFFFFFFFFFFFFFFFFFFFFFFFFFFFFFFFFFFFFFFFFFFFFFFFFFFF9C
:20444000FFFFFFFFFFFFFFFFFFFFFFFFFFFFFFFFFFFFFFFFFFFFFFFFFFFFFFFFFFFFFFFF7C
:20446000FFFFFFFFFFFFFFFFFFFFFFFFFFFFFFFFFFFFFFFFFFFFFFFFFFFFFFFFFFFFFFFF5C
:20448000FFFFFFFFFFFFFFFFFFFFFFFFFFFFFFFFFFFFFFFFFFFFFFFFFFFFFFFFFFFFFFFF3C
:2044A000FFFFFFFFFFFFFFFFFFFFFFFFFFFFFFFFFFFFFFFFFFFFFFFFFFFFFFFFFFFFFFFF1C
:2044C000FFFFFFFFFFFFFFFFFFFFFFFFFFFFFFFFFFFFFFFFFFFFFFFFFFFFFFFFFFFFFFFFFC
:2044E000FFFFFFFFFFFFFFFFFFFFFFFFFFFFFFFFFFFFFFFFFFFFFFFFFFFFFFFFFFFFFFFFDC
:20450000FFFFFFFFFFFFFFFFFFFFFFFFFFFFFFFFFFFFFFFFFFFFFFFFFFFFFFFFFFFFFFFFBB
:20452000FFFFFFFFFFFFFFFFFFFFFFFFFFFFFFFFFFFFFFFFFFFFFFFFFFFFFFFFFFFFFFFF9B
:20454000FFFFFFFFFFFFFFFFFFFFFFFFFFFFFFFFFFFFFFFFFFFFFFFFFFFFFFFFFFFFFFFF7B
:20456000FFFFFFFFFFFFFFFFFFFFFFFFFFFFFFFFFFFFFFFFFFFFFFFFFFFFFFFFFFFFFFFF5B
:20458000FFFFFFFFFFFFFFFFFFFFFFFFFFFFFFFFFFFFFFFFFFFFFFFFFFFFFFFFFFFFFFFF3B
:2045A000FFFFFFFFFFFFFFFFFFFFFFFFFFFFFFFFFFFFFFFFFFFFFFFFFFFFFFFFFFFFFFFF1B
:2045C000FFFFFFFFFFFFFFFFFFFFFFFFFFFFFFFFFFFFFFFFFFFFFFFFFFFFFFFFFFFFFFFFFB
:2045E000FFFFFFFFFFFFFFFFFFFFFFFFFFFFFFFFFFFFFFFFFFFFFFFFFFFFFFFFFFFFFFFFDB
:20460000FFFFFFFFFFFFFFFFFFFFFFFFFFFFFFFFFFFFFFFFFFFFFFFFFFFFFFFFFFFFFFFFBA
:20462000FFFFFFFFFFFFFFFFFFFFFFFFFFFFFFFFFFFFFFFFFFFFFFFFFFFFFFFFFFFFFFFF9A
:20464000FFFFFFFFFFFFFFFFFFFFFFFFFFFFFFFFFFFFFFFFFFFFFFFFFFFFFFFFFFFFFFFF7A
:20466000FFFFFFFFFFFFFFFFFFFFFFFFFFFFFFFFFFFFFFFFFFFFFFFFFFFFFFFFFFFFFFFF5A
:20468000FFFFFFFFFFFFFFFFFFFFFFFFFFFFFFFFFFFFFFFFFFFFFFFFFFFFFFFFFFFFFFFF3A
:2046A000FFFFFFFFFFFFFFFFFFFFFFFFFFFFFFFFFFFFFFFFFFFFFFFFFFFFFFFFFFFFFFFF1A
:2046C000FFFFFFFFFFFFFFFFFFFFFFFFFFFFFFFFFFFFFFFFFFFFFFFFFFFFFFFFFFFFFFFFFA
:2046E000FFFFFFFFFFFFFFFFFFFFFFFFFFFFFFFFFFFFFFFFFFFFFFFFFFFFFFFFFFFFFFFFDA
:20470000FFFFFFFFFFFFFFFFFFFFFFFFFFFFFFFFFFFFFFFFFFFFFFFFFFFFFFFFFFFFFFFFB9
:20472000FFFFFFFFFFFFFFFFFFFFFFFFFFFFFFFFFFFFFFFFFFFFFFFFFFFFFFFFFFFFFFFF99
:20474000FFFFFFFFFFFFFFFFFFFFFFFFFFFFFFFFFFFFFFFFFFFFFFFFFFFFFFFFFFFFFFFF79
:20476000FFFFFFFFFFFFFFFFFFFFFFFFFFFFFFFFFFFFFFFFFFFFFFFFFFFFFFFFFFFFFFFF59
:20478000FFFFFFFFFFFFFFFFFFFFFFFFFFFFFFFFFFFFFFFFFFFFFFFFFFFFFFFFFFFFFFFF39
:2047A000FFFFFFFFFFFFFFFFFFFFFFFFFFFFFFFFFFFFFFFFFFFFFFFFFFFFFFFFFFFFFFFF19
:2047C000FFFFFFFFFFFFFFFFFFFFFFFFFFFFFFFFFFFFFFFFFFFFFFFFFFFFFFFFFFFFFFFFF9
:2047E000FFFFFFFFFFFFFFFFFFFFFFFFFFFFFFFFFFFFFFFFFFFFFFFFFFFFFFFFFFFFFFFFD9
:20480000FFFFFFFFFFFFFFFFFFFFFFFFFFFFFFFFFFFFFFFFFFFFFFFFFFFFFFFFFFFFFFFFB8
:20482000FFFFFFFFFFFFFFFFFFFFFFFFFFFFFFFFFFFFFFFFFFFFFFFFFFFFFFFFFFFFFFFF98
:20484000FFFFFFFFFFFFFFFFFFFFFFFFFFFFFFFFFFFFFFFFFFFFFFFFFFFFFFFFFFFFFFFF78
:20486000FFFFFFFFFFFFFFFFFFFFFFFFFFFFFFFFFFFFFFFFFFFFFFFFFFFFFFFFFFFFFFFF58
:20488000FFFFFFFFFFFFFFFFFFFFFFFFFFFFFFFFFFFFFFFFFFFFFFFFFFFFFFFFFFFFFFFF38
:2048A000FFFFFFFFFFFFFFFFFFFFFFFFFFFFFFFFFFFFFFFFFFFFFFFFFFFFFFFFFFFFFFFF18
:2048C000FFFFFFFFFFFFFFFFFFFFFFFFFFFFFFFFFFFFFFFFFFFFFFFFFFFFFFFFFFFFFFFFF8
:2048E000FFFFFFFFFFFFFFFFFFFFFFFFFFFFFFFFFFFFFFFFFFFFFFFFFFFFFFFFFFFFFFFFD8
:20490000FFFFFFFFFFFFFFFFFFFFFFFFFFFFFFFFFFFFFFFFFFFFFFFFFFFFFFFFFFFFFFFFB7
:20492000FFFFFFFFFFFFFFFFFFFFFFFFFFFFFFFFFFFFFFFFFFFFFFFFFFFFFFFFFFFFFFFF97
:20494000FFFFFFFFFFFFFFFFFFFFFFFFFFFFFFFFFFFFFFFFFFFFFFFFFFFFFFFFFFFFFFFF77
:20496000FFFFFFFFFFFFFFFFFFFFFFFFFFFFFFFFFFFFFFFFFFFFFFFFFFFFFFFFFFFFFFFF57
:20498000FFFFFFFFFFFFFFFFFFFFFFFFFFFFFFFFFFFFFFFFFFFFFFFFFFFFFFFFFFFFFFFF37
:2049A000FFFFFFFFFFFFFFFFFFFFFFFFFFFFFFFFFFFFFFFFFFFFFFFFFFFFFFFFFFFFFFFF17
:2049C000FFFFFFFFFFFFFFFFFFFFFFFFFFFFFFFFFFFFFFFFFFFFFFFFFFFFFFFFFFFFFFFFF7
:2049E000FFFFFFFFFFFFFFFFFFFFFFFFFFFFFFFFFFFFFFFFFFFFFFFFFFFFFFFFFFFFFFFFD7
:204A0000FFFFFFFFFFFFFFFFFFFFFFFFFFFFFFFFFFFFFFFFFFFFFFFFFFFFFFFFFFFFFFFFB6
:204A2000FFFFFFFFFFFFFFFFFFFFFFFFFFFFFFFFFFFFFFFFFFFFFFFFFFFFFFFFFFFFFFFF96
:204A4000FFFFFFFFFFFFFFFFFFFFFFFFFFFFFFFFFFFFFFFFFFFFFFFFFFFFFFFFFFFFFFFF76
:204A6000FFFFFFFFFFFFFFFFFFFFFFFFFFFFFFFFFFFFFFFFFFFFFFFFFFFFFFFFFFFFFFFF56
:204A8000FFFFFFFFFFFFFFFFFFFFFFFFFFFFFFFFFFFFFFFFFFFFFFFFFFFFFFFFFFFFFFFF36
:204AA000FFFFFFFFFFFFFFFFFFFFFFFFFFFFFFFFFFFFFFFFFFFFFFFFFFFFFFFFFFFFFFFF16
:204AC000FFFFFFFFFFFFFFFFFFFFFFFFFFFFFFFFFFFFFFFFFFFFFFFFFFFFFFFFFFFFFFFFF6
:204AE000FFFFFFFFFFFFFFFFFFFFFFFFFFFFFFFFFFFFFFFFFFFFFFFFFFFFFFFFFFFFFFFFD6
:204B0000FFFFFFFFFFFFFFFFFFFFFFFFFFFFFFFFFFFFFFFFFFFFFFFFFFFFFFFFFFFFFFFFB5
:204B2000FFFFFFFFFFFFFFFFFFFFFFFFFFFFFFFFFFFFFFFFFFFFFFFFFFFFFFFFFFFFFFFF95
:204B4000FFFFFFFFFFFFFFFFFFFFFFFFFFFFFFFFFFFFFFFFFFFFFFFFFFFFFFFFFFFFFFFF75
:204B6000FFFFFFFFFFFFFFFFFFFFFFFFFFFFFFFFFFFFFFFFFFFFFFFFFFFFFFFFFFFFFFFF55
:204B8000FFFFFFFFFFFFFFFFFFFFFFFFFFFFFFFFFFFFFFFFFFFFFFFFFFFFFFFFFFFFFFFF35
:204BA000FFFFFFFFFFFFFFFFFFFFFFFFFFFFFFFFFFFFFFFFFFFFFFFFFFFFFFFFFFFFFFFF15
:204BC000FFFFFFFFFFFFFFFFFFFFFFFFFFFFFFFFFFFFFFFFFFFFFFFFFFFFFFFFFFFFFFFFF5
:204BE000FFFFFFFFFFFFFFFFFFFFFFFFFFFFFFFFFFFFFFFFFFFFFFFFFFFFFFFFFFFFFFFFD5
:204C0000FFFFFFFFFFFFFFFFFFFFFFFFFFFFFFFFFFFFFFFFFFFFFFFFFFFFFFFFFFFFFFFFB4
:204C2000FFFFFFFFFFFFFFFFFFFFFFFFFFFFFFFFFFFFFFFFFFFFFFFFFFFFFFFFFFFFFFFF94
:204C4000FFFFFFFFFFFFFFFFFFFFFFFFFFFFFFFFFFFFFFFFFFFFFFFFFFFFFFFFFFFFFFFF74
:204C6000FFFFFFFFFFFFFFFFFFFFFFFFFFFFFFFFFFFFFFFFFFFFFFFFFFFFFFFFFFFFFFFF54
:204C8000FFFFFFFFFFFFFFFFFFFFFFFFFFFFFFFFFFFFFFFFFFFFFFFFFFFFFFFFFFFFFFFF34
:204CA000FFFFFFFFFFFFFFFFFFFFFFFFFFFFFFFFFFFFFFFFFFFFFFFFFFFFFFFFFFFFFFFF14
:204CC000FFFFFFFFFFFFFFFFFFFFFFFFFFFFFFFFFFFFFFFFFFFFFFFFFFFFFFFFFFFFFFFFF4
:204CE000FFFFFFFFFFFFFFFFFFFFFFFFFFFFFFFFFFFFFFFFFFFFFFFFFFFFFFFFFFFFFFFFD4
:204D0000FFFFFFFFFFFFFFFFFFFFFFFFFFFFFFFFFFFFFFFFFFFFFFFFFFFFFFFFFFFFFFFFB3
:204D2000FFFFFFFFFFFFFFFFFFFFFFFFFFFFFFFFFFFFFFFFFFFFFFFFFFFFFFFFFFFFFFFF93
:204D4000FFFFFFFFFFFFFFFFFFFFFFFFFFFFFFFFFFFFFFFFFFFFFFFFFFFFFFFFFFFFFFFF73
:204D6000FFFFFFFFFFFFFFFFFFFFFFFFFFFFFFFFFFFFFFFFFFFFFFFFFFFFFFFFFFFFFFFF53
:204D8000FFFFFFFFFFFFFFFFFFFFFFFFFFFFFFFFFFFFFFFFFFFFFFFFFFFFFFFFFFFFFFFF33
:204DA000FFFFFFFFFFFFFFFFFFFFFFFFFFFFFFFFFFFFFFFFFFFFFFFFFFFFFFFFFFFFFFFF13
:204DC000FFFFFFFFFFFFFFFFFFFFFFFFFFFFFFFFFFFFFFFFFFFFFFFFFFFFFFFFFFFFFFFFF3
:204DE000FFFFFFFFFFFFFFFFFFFFFFFFFFFFFFFFFFFFFFFFFFFFFFFFFFFFFFFFFFFFFFFFD3
:204E0000FFFFFFFFFFFFFFFFFFFFFFFFFFFFFFFFFFFFFFFFFFFFFFFFFFFFFFFFFFFFFFFFB2
:204E2000FFFFFFFFFFFFFFFFFFFFFFFFFFFFFFFFFFFFFFFFFFFFFFFFFFFFFFFFFFFFFFFF92
:204E4000FFFFFFFFFFFFFFFFFFFFFFFFFFFFFFFFFFFFFFFFFFFFFFFFFFFFFFFFFFFFFFFF72
:204E6000FFFFFFFFFFFFFFFFFFFFFFFFFFFFFFFFFFFFFFFFFFFFFFFFFFFFFFFFFFFFFFFF52
:204E8000FFFFFFFFFFFFFFFFFFFFFFFFFFFFFFFFFFFFFFFFFFFFFFFFFFFFFFFFFFFFFFFF32
:204EA000FFFFFFFFFFFFFFFFFFFFFFFFFFFFFFFFFFFFFFFFFFFFFFFFFFFFFFFFFFFFFFFF12
:204EC000FFFFFFFFFFFFFFFFFFFFFFFFFFFFFFFFFFFFFFFFFFFFFFFFFFFFFFFFFFFFFFFFF2
:204EE000FFFFFFFFFFFFFFFFFFFFFFFFFFFFFFFFFFFFFFFFFFFFFFFFFFFFFFFFFFFFFFFFD2
:204F0000FFFFFFFFFFFFFFFFFFFFFFFFFFFFFFFFFFFFFFFFFFFFFFFFFFFFFFFFFFFFFFFFB1
:204F2000FFFFFFFFFFFFFFFFFFFFFFFFFFFFFFFFFFFFFFFFFFFFFFFFFFFFFFFFFFFFFFFF91
:204F4000FFFFFFFFFFFFFFFFFFFFFFFFFFFFFFFFFFFFFFFFFFFFFFFFFFFFFFFFFFFFFFFF71
:204F6000FFFFFFFFFFFFFFFFFFFFFFFFFFFFFFFFFFFFFFFFFFFFFFFFFFFFFFFFFFFFFFFF51
:204F8000FFFFFFFFFFFFFFFFFFFFFFFFFFFFFFFFFFFFFFFFFFFFFFFFFFFFFFFFFFFFFFFF31
:204FA000FFFFFFFFFFFFFFFFFFFFFFFFFFFFFFFFFFFFFFFFFFFFFFFFFFFFFFFFFFFFFFFF11
:204FC000FFFFFFFFFFFFFFFFFFFFFFFFFFFFFFFFFFFFFFFFFFFFFFFFFFFFFFFFFFFFFFFFF1
:204FE000FFFFFFFFFFFFFFFFFFFFFFFFFFFFFFFFFFFFFFFFFFFFFFFFFFFFFFFFFFFFFFFFD1
:20500000FFFFFFFFFFFFFFFFFFFFFFFFFFFFFFFFFFFFFFFFFFFFFFFFFFFFFFFFFFFFFFFFB0
:20502000FFFFFFFFFFFFFFFFFFFFFFFFFFFFFFFFFFFFFFFFFFFFFFFFFFFFFFFFFFFFFFFF90
:20504000FFFFFFFFFFFFFFFFFFFFFFFFFFFFFFFFFFFFFFFFFFFFFFFFFFFFFFFFFFFFFFFF70
:20506000FFFFFFFFFFFFFFFFFFFFFFFFFFFFFFFFFFFFFFFFFFFFFFFFFFFFFFFFFFFFFFFF50
:20508000FFFFFFFFFFFFFFFFFFFFFFFFFFFFFFFFFFFFFFFFFFFFFFFFFFFFFFFFFFFFFFFF30
:2050A000FFFFFFFFFFFFFFFFFFFFFFFFFFFFFFFFFFFFFFFFFFFFFFFFFFFFFFFFFFFFFFFF10
:2050C000FFFFFFFFFFFFFFFFFFFFFFFFFFFFFFFFFFFFFFFFFFFFFFFFFFFFFFFFFFFFFFFFF0
:2050E000FFFFFFFFFFFFFFFFFFFFFFFFFFFFFFFFFFFFFFFFFFFFFFFFFFFFFFFFFFFFFFFFD0
:20510000FFFFFFFFFFFFFFFFFFFFFFFFFFFFFFFFFFFFFFFFFFFFFFFFFFFFFFFFFFFFFFFFAF
:20512000FFFFFFFFFFFFFFFFFFFFFFFFFFFFFFFFFFFFFFFFFFFFFFFFFFFFFFFFFFFFFFFF8F
:20514000FFFFFFFFFFFFFFFFFFFFFFFFFFFFFFFFFFFFFFFFFFFFFFFFFFFFFFFFFFFFFFFF6F
:20516000FFFFFFFFFFFFFFFFFFFFFFFFFFFFFFFFFFFFFFFFFFFFFFFFFFFFFFFFFFFFFFFF4F
:20518000FFFFFFFFFFFFFFFFFFFFFFFFFFFFFFFFFFFFFFFFFFFFFFFFFFFFFFFFFFFFFFFF2F
:2051A000FFFFFFFFFFFFFFFFFFFFFFFFFFFFFFFFFFFFFFFFFFFFFFFFFFFFFFFFFFFFFFFF0F
:2051C000FFFFFFFFFFFFFFFFFFFFFFFFFFFFFFFFFFFFFFFFFFFFFFFFFFFFFFFFFFFFFFFFEF
:2051E000FFFFFFFFFFFFFFFFFFFFFFFFFFFFFFFFFFFFFFFFFFFFFFFFFFFFFFFFFFFFFFFFCF
:20520000FFFFFFFFFFFFFFFFFFFFFFFFFFFFFFFFFFFFFFFFFFFFFFFFFFFFFFFFFFFFFFFFAE
:20522000FFFFFFFFFFFFFFFFFFFFFFFFFFFFFFFFFFFFFFFFFFFFFFFFFFFFFFFFFFFFFFFF8E
:20524000FFFFFFFFFFFFFFFFFFFFFFFFFFFFFFFFFFFFFFFFFFFFFFFFFFFFFFFFFFFFFFFF6E
:20526000FFFFFFFFFFFFFFFFFFFFFFFFFFFFFFFFFFFFFFFFFFFFFFFFFFFFFFFFFFFFFFFF4E
:20528000FFFFFFFFFFFFFFFFFFFFFFFFFFFFFFFFFFFFFFFFFFFFFFFFFFFFFFFFFFFFFFFF2E
:2052A000FFFFFFFFFFFFFFFFFFFFFFFFFFFFFFFFFFFFFFFFFFFFFFFFFFFFFFFFFFFFFFFF0E
:2052C000FFFFFFFFFFFFFFFFFFFFFFFFFFFFFFFFFFFFFFFFFFFFFFFFFFFFFFFFFFFFFFFFEE
:2052E000FFFFFFFFFFFFFFFFFFFFFFFFFFFFFFFFFFFFFFFFFFFFFFFFFFFFFFFFFFFFFFFFCE
:20530000FFFFFFFFFFFFFFFFFFFFFFFFFFFFFFFFFFFFFFFFFFFFFFFFFFFFFFFFFFFFFFFFAD
:20532000FFFFFFFFFFFFFFFFFFFFFFFFFFFFFFFFFFFFFFFFFFFFFFFFFFFFFFFFFFFFFFFF8D
:20534000FFFFFFFFFFFFFFFFFFFFFFFFFFFFFFFFFFFFFFFFFFFFFFFFFFFFFFFFFFFFFFFF6D
:20536000FFFFFFFFFFFFFFFFFFFFFFFFFFFFFFFFFFFFFFFFFFFFFFFFFFFFFFFFFFFFFFFF4D
:20538000FFFFFFFFFFFFFFFFFFFFFFFFFFFFFFFFFFFFFFFFFFFFFFFFFFFFFFFFFFFFFFFF2D
:2053A000FFFFFFFFFFFFFFFFFFFFFFFFFFFFFFFFFFFFFFFFFFFFFFFFFFFFFFFFFFFFFFFF0D
:2053C000FFFFFFFFFFFFFFFFFFFFFFFFFFFFFFFFFFFFFFFFFFFFFFFFFFFFFFFFFFFFFFFFED
:2053E000FFFFFFFFFFFFFFFFFFFFFFFFFFFFFFFFFFFFFFFFFFFFFFFFFFFFFFFFFFFFFFFFCD
:20540000FFFFFFFFFFFFFFFFFFFFFFFFFFFFFFFFFFFFFFFFFFFFFFFFFFFFFFFFFFFFFFFFAC
:20542000FFFFFFFFFFFFFFFFFFFFFFFFFFFFFFFFFFFFFFFFFFFFFFFFFFFFFFFFFFFFFFFF8C
:20544000FFFFFFFFFFFFFFFFFFFFFFFFFFFFFFFFFFFFFFFFFFFFFFFFFFFFFFFFFFFFFFFF6C
:20546000FFFFFFFFFFFFFFFFFFFFFFFFFFFFFFFFFFFFFFFFFFFFFFFFFFFFFFFFFFFFFFFF4C
:20548000FFFFFFFFFFFFFFFFFFFFFFFFFFFFFFFFFFFFFFFFFFFFFFFFFFFFFFFFFFFFFFFF2C
:2054A000FFFFFFFFFFFFFFFFFFFFFFFFFFFFFFFFFFFFFFFFFFFFFFFFFFFFFFFFFFFFFFFF0C
:2054C000FFFFFFFFFFFFFFFFFFFFFFFFFFFFFFFFFFFFFFFFFFFFFFFFFFFFFFFFFFFFFFFFEC
:2054E000FFFFFFFFFFFFFFFFFFFFFFFFFFFFFFFFFFFFFFFFFFFFFFFFFFFFFFFFFFFFFFFFCC
:20550000FFFFFFFFFFFFFFFFFFFFFFFFFFFFFFFFFFFFFFFFFFFFFFFFFFFFFFFFFFFFFFFFAB
:20552000FFFFFFFFFFFFFFFFFFFFFFFFFFFFFFFFFFFFFFFFFFFFFFFFFFFFFFFFFFFFFFFF8B
:20554000FFFFFFFFFFFFFFFFFFFFFFFFFFFFFFFFFFFFFFFFFFFFFFFFFFFFFFFFFFFFFFFF6B
:20556000FFFFFFFFFFFFFFFFFFFFFFFFFFFFFFFFFFFFFFFFFFFFFFFFFFFFFFFFFFFFFFFF4B
:20558000FFFFFFFFFFFFFFFFFFFFFFFFFFFFFFFFFFFFFFFFFFFFFFFFFFFFFFFFFFFFFFFF2B
:2055A000FFFFFFFFFFFFFFFFFFFFFFFFFFFFFFFFFFFFFFFFFFFFFFFFFFFFFFFFFFFFFFFF0B
:2055C000FFFFFFFFFFFFFFFFFFFFFFFFFFFFFFFFFFFFFFFFFFFFFFFFFFFFFFFFFFFFFFFFEB
:2055E000FFFFFFFFFFFFFFFFFFFFFFFFFFFFFFFFFFFFFFFFFFFFFFFFFFFFFFFFFFFFFFFFCB
:20560000FFFFFFFFFFFFFFFFFFFFFFFFFFFFFFFFFFFFFFFFFFFFFFFFFFFFFFFFFFFFFFFFAA
:20562000FFFFFFFFFFFFFFFFFFFFFFFFFFFFFFFFFFFFFFFFFFFFFFFFFFFFFFFFFFFFFFFF8A
:20564000FFFFFFFFFFFFFFFFFFFFFFFFFFFFFFFFFFFFFFFFFFFFFFFFFFFFFFFFFFFFFFFF6A
:20566000FFFFFFFFFFFFFFFFFFFFFFFFFFFFFFFFFFFFFFFFFFFFFFFFFFFFFFFFFFFFFFFF4A
:20568000FFFFFFFFFFFFFFFFFFFFFFFFFFFFFFFFFFFFFFFFFFFFFFFFFFFFFFFFFFFFFFFF2A
:2056A000FFFFFFFFFFFFFFFFFFFFFFFFFFFFFFFFFFFFFFFFFFFFFFFFFFFFFFFFFFFFFFFF0A
:2056C000FFFFFFFFFFFFFFFFFFFFFFFFFFFFFFFFFFFFFFFFFFFFFFFFFFFFFFFFFFFFFFFFEA
:2056E000FFFFFFFFFFFFFFFFFFFFFFFFFFFFFFFFFFFFFFFFFFFFFFFFFFFFFFFFFFFFFFFFCA
:20570000FFFFFFFFFFFFFFFFFFFFFFFFFFFFFFFFFFFFFFFFFFFFFFFFFFFFFFFFFFFFFFFFA9
:20572000FFFFFFFFFFFFFFFFFFFFFFFFFFFFFFFFFFFFFFFFFFFFFFFFFFFFFFFFFFFFFFFF89
:20574000FFFFFFFFFFFFFFFFFFFFFFFFFFFFFFFFFFFFFFFFFFFFFFFFFFFFFFFFFFFFFFFF69
:20576000FFFFFFFFFFFFFFFFFFFFFFFFFFFFFFFFFFFFFFFFFFFFFFFFFFFFFFFFFFFFFFFF49
:20578000FFFFFFFFFFFFFFFFFFFFFFFFFFFFFFFFFFFFFFFFFFFFFFFFFFFFFFFFFFFFFFFF29
:2057A000FFFFFFFFFFFFFFFFFFFFFFFFFFFFFFFFFFFFFFFFFFFFFFFFFFFFFFFFFFFFFFFF09
:2057C000FFFFFFFFFFFFFFFFFFFFFFFFFFFFFFFFFFFFFFFFFFFFFFFFFFFFFFFFFFFFFFFFE9
:2057E000FFFFFFFFFFFFFFFFFFFFFFFFFFFFFFFFFFFFFFFFFFFFFFFFFFFFFFFFFFFFFFFFC9
:20580000FFFFFFFFFFFFFFFFFFFFFFFFFFFFFFFFFFFFFFFFFFFFFFFFFFFFFFFFFFFFFFFFA8
:20582000FFFFFFFFFFFFFFFFFFFFFFFFFFFFFFFFFFFFFFFFFFFFFFFFFFFFFFFFFFFFFFFF88
:20584000FFFFFFFFFFFFFFFFFFFFFFFFFFFFFFFFFFFFFFFFFFFFFFFFFFFFFFFFFFFFFFFF68
:20586000FFFFFFFFFFFFFFFFFFFFFFFFFFFFFFFFFFFFFFFFFFFFFFFFFFFFFFFFFFFFFFFF48
:20588000FFFFFFFFFFFFFFFFFFFFFFFFFFFFFFFFFFFFFFFFFFFFFFFFFFFFFFFFFFFFFFFF28
:2058A000FFFFFFFFFFFFFFFFFFFFFFFFFFFFFFFFFFFFFFFFFFFFFFFFFFFFFFFFFFFFFFFF08
:2058C000FFFFFFFFFFFFFFFFFFFFFFFFFFFFFFFFFFFFFFFFFFFFFFFFFFFFFFFFFFFFFFFFE8
:2058E000FFFFFFFFFFFFFFFFFFFFFFFFFFFFFFFFFFFFFFFFFFFFFFFFFFFFFFFFFFFFFFFFC8
:20590000FFFFFFFFFFFFFFFFFFFFFFFFFFFFFFFFFFFFFFFFFFFFFFFFFFFFFFFFFFFFFFFFA7
:20592000FFFFFFFFFFFFFFFFFFFFFFFFFFFFFFFFFFFFFFFFFFFFFFFFFFFFFFFFFFFFFFFF87
:20594000FFFFFFFFFFFFFFFFFFFFFFFFFFFFFFFFFFFFFFFFFFFFFFFFFFFFFFFFFFFFFFFF67
:20596000FFFFFFFFFFFFFFFFFFFFFFFFFFFFFFFFFFFFFFFFFFFFFFFFFFFFFFFFFFFFFFFF47
:20598000FFFFFFFFFFFFFFFFFFFFFFFFFFFFFFFFFFFFFFFFFFFFFFFFFFFFFFFFFFFFFFFF27
:2059A000FFFFFFFFFFFFFFFFFFFFFFFFFFFFFFFFFFFFFFFFFFFFFFFFFFFFFFFFFFFFFFFF07
:2059C000FFFFFFFFFFFFFFFFFFFFFFFFFFFFFFFFFFFFFFFFFFFFFFFFFFFFFFFFFFFFFFFFE7
:2059E000FFFFFFFFFFFFFFFFFFFFFFFFFFFFFFFFFFFFFFFFFFFFFFFFFFFFFFFFFFFFFFFFC7
:205A0000FFFFFFFFFFFFFFFFFFFFFFFFFFFFFFFFFFFFFFFFFFFFFFFFFFFFFFFFFFFFFFFFA6
:205A2000FFFFFFFFFFFFFFFFFFFFFFFFFFFFFFFFFFFFFFFFFFFFFFFFFFFFFFFFFFFFFFFF86
:205A4000FFFFFFFFFFFFFFFFFFFFFFFFFFFFFFFFFFFFFFFFFFFFFFFFFFFFFFFFFFFFFFFF66
:205A6000FFFFFFFFFFFFFFFFFFFFFFFFFFFFFFFFFFFFFFFFFFFFFFFFFFFFFFFFFFFFFFFF46
:205A8000FFFFFFFFFFFFFFFFFFFFFFFFFFFFFFFFFFFFFFFFFFFFFFFFFFFFFFFFFFFFFFFF26
:205AA000FFFFFFFFFFFFFFFFFFFFFFFFFFFFFFFFFFFFFFFFFFFFFFFFFFFFFFFFFFFFFFFF06
:205AC000FFFFFFFFFFFFFFFFFFFFFFFFFFFFFFFFFFFFFFFFFFFFFFFFFFFFFFFFFFFFFFFFE6
:205AE000FFFFFFFFFFFFFFFFFFFFFFFFFFFFFFFFFFFFFFFFFFFFFFFFFFFFFFFFFFFFFFFFC6
:205B0000FFFFFFFFFFFFFFFFFFFFFFFFFFFFFFFFFFFFFFFFFFFFFFFFFFFFFFFFFFFFFFFFA5
:205B2000FFFFFFFFFFFFFFFFFFFFFFFFFFFFFFFFFFFFFFFFFFFFFFFFFFFFFFFFFFFFFFFF85
:205B4000FFFFFFFFFFFFFFFFFFFFFFFFFFFFFFFFFFFFFFFFFFFFFFFFFFFFFFFFFFFFFFFF65
:205B6000FFFFFFFFFFFFFFFFFFFFFFFFFFFFFFFFFFFFFFFFFFFFFFFFFFFFFFFFFFFFFFFF45
:205B8000FFFFFFFFFFFFFFFFFFFFFFFFFFFFFFFFFFFFFFFFFFFFFFFFFFFFFFFFFFFFFFFF25
:205BA000FFFFFFFFFFFFFFFFFFFFFFFFFFFFFFFFFFFFFFFFFFFFFFFFFFFFFFFFFFFFFFFF05
:205BC000FFFFFFFFFFFFFFFFFFFFFFFFFFFFFFFFFFFFFFFFFFFFFFFFFFFFFFFFFFFFFFFFE5
:205BE000FFFFFFFFFFFFFFFFFFFFFFFFFFFFFFFFFFFFFFFFFFFFFFFFFFFFFFFFFFFFFFFFC5
:205C0000FFFFFFFFFFFFFFFFFFFFFFFFFFFFFFFFFFFFFFFFFFFFFFFFFFFFFFFFFFFFFFFFA4
:205C2000FFFFFFFFFFFFFFFFFFFFFFFFFFFFFFFFFFFFFFFFFFFFFFFFFFFFFFFFFFFFFFFF84
:205C4000FFFFFFFFFFFFFFFFFFFFFFFFFFFFFFFFFFFFFFFFFFFFFFFFFFFFFFFFFFFFFFFF64
:205C6000FFFFFFFFFFFFFFFFFFFFFFFFFFFFFFFFFFFFFFFFFFFFFFFFFFFFFFFFFFFFFFFF44
:205C8000FFFFFFFFFFFFFFFFFFFFFFFFFFFFFFFFFFFFFFFFFFFFFFFFFFFFFFFFFFFFFFFF24
:205CA000FFFFFFFFFFFFFFFFFFFFFFFFFFFFFFFFFFFFFFFFFFFFFFFFFFFFFFFFFFFFFFFF04
:205CC000FFFFFFFFFFFFFFFFFFFFFFFFFFFFFFFFFFFFFFFFFFFFFFFFFFFFFFFFFFFFFFFFE4
:205CE000FFFFFFFFFFFFFFFFFFFFFFFFFFFFFFFFFFFFFFFFFFFFFFFFFFFFFFFFFFFFFFFFC4
:205D0000FFFFFFFFFFFFFFFFFFFFFFFFFFFFFFFFFFFFFFFFFFFFFFFFFFFFFFFFFFFFFFFFA3
:205D2000FFFFFFFFFFFFFFFFFFFFFFFFFFFFFFFFFFFFFFFFFFFFFFFFFFFFFFFFFFFFFFFF83
:205D4000FFFFFFFFFFFFFFFFFFFFFFFFFFFFFFFFFFFFFFFFFFFFFFFFFFFFFFFFFFFFFFFF63
:205D6000FFFFFFFFFFFFFFFFFFFFFFFFFFFFFFFFFFFFFFFFFFFFFFFFFFFFFFFFFFFFFFFF43
:205D8000FFFFFFFFFFFFFFFFFFFFFFFFFFFFFFFFFFFFFFFFFFFFFFFFFFFFFFFFFFFFFFFF23
:205DA000FFFFFFFFFFFFFFFFFFFFFFFFFFFFFFFFFFFFFFFFFFFFFFFFFFFFFFFFFFFFFFFF03
:205DC000FFFFFFFFFFFFFFFFFFFFFFFFFFFFFFFFFFFFFFFFFFFFFFFFFFFFFFFFFFFFFFFFE3
:205DE000FFFFFFFFFFFFFFFFFFFFFFFFFFFFFFFFFFFFFFFFFFFFFFFFFFFFFFFFFFFFFFFFC3
:205E0000FFFFFFFFFFFFFFFFFFFFFFFFFFFFFFFFFFFFFFFFFFFFFFFFFFFFFFFFFFFFFFFFA2
:205E2000FFFFFFFFFFFFFFFFFFFFFFFFFFFFFFFFFFFFFFFFFFFFFFFFFFFFFFFFFFFFFFFF82
:205E4000FFFFFFFFFFFFFFFFFFFFFFFFFFFFFFFFFFFFFFFFFFFFFFFFFFFFFFFFFFFFFFFF62
:205E6000FFFFFFFFFFFFFFFFFFFFFFFFFFFFFFFFFFFFFFFFFFFFFFFFFFFFFFFFFFFFFFFF42
:205E8000FFFFFFFFFFFFFFFFFFFFFFFFFFFFFFFFFFFFFFFFFFFFFFFFFFFFFFFFFFFFFFFF22
:205EA000FFFFFFFFFFFFFFFFFFFFFFFFFFFFFFFFFFFFFFFFFFFFFFFFFFFFFFFFFFFFFFFF02
:205EC000FFFFFFFFFFFFFFFFFFFFFFFFFFFFFFFFFFFFFFFFFFFFFFFFFFFFFFFFFFFFFFFFE2
:205EE000FFFFFFFFFFFFFFFFFFFFFFFFFFFFFFFFFFFFFFFFFFFFFFFFFFFFFFFFFFFFFFFFC2
:205F0000FFFFFFFFFFFFFFFFFFFFFFFFFFFFFFFFFFFFFFFFFFFFFFFFFFFFFFFFFFFFFFFFA1
:205F2000FFFFFFFFFFFFFFFFFFFFFFFFFFFFFFFFFFFFFFFFFFFFFFFFFFFFFFFFFFFFFFFF81
:205F4000FFFFFFFFFFFFFFFFFFFFFFFFFFFFFFFFFFFFFFFFFFFFFFFFFFFFFFFFFFFFFFFF61
:205F6000FFFFFFFFFFFFFFFFFFFFFFFFFFFFFFFFFFFFFFFFFFFFFFFFFFFFFFFFFFFFFFFF41
:205F8000FFFFFFFFFFFFFFFFFFFFFFFFFFFFFFFFFFFFFFFFFFFFFFFFFFFFFFFFFFFFFFFF21
:205FA000FFFFFFFFFFFFFFFFFFFFFFFFFFFFFFFFFFFFFFFFFFFFFFFFFFFFFFFFFFFFFFFF01
:205FC000FFFFFFFFFFFFFFFFFFFFFFFFFFFFFFFFFFFFFFFFFFFFFFFFFFFFFFFFFFFFFFFFE1
:205FE000FFFFFFFFFFFFFFFFFFFFFFFFFFFFFFFFFFFFFFFFFFFFFFFFFFFFFFFFFFFFFFFFC1
:20600000FFFFFFFFFFFFFFFFFFFFFFFFFFFFFFFFFFFFFFFFFFFFFFFFFFFFFFFFFFFFFFFFA0
:20602000FFFFFFFFFFFFFFFFFFFFFFFFFFFFFFFFFFFFFFFFFFFFFFFFFFFFFFFFFFFFFFFF80
:20604000FFFFFFFFFFFFFFFFFFFFFFFFFFFFFFFFFFFFFFFFFFFFFFFFFFFFFFFFFFFFFFFF60
:20606000FFFFFFFFFFFFFFFFFFFFFFFFFFFFFFFFFFFFFFFFFFFFFFFFFFFFFFFFFFFFFFFF40
:20608000FFFFFFFFFFFFFFFFFFFFFFFFFFFFFFFFFFFFFFFFFFFFFFFFFFFFFFFFFFFFFFFF20
:2060A000FFFFFFFFFFFFFFFFFFFFFFFFFFFFFFFFFFFFFFFFFFFFFFFFFFFFFFFFFFFFFFFF00
:2060C000FFFFFFFFFFFFFFFFFFFFFFFFFFFFFFFFFFFFFFFFFFFFFFFFFFFFFFFFFFFFFFFFE0
:2060E000FFFFFFFFFFFFFFFFFFFFFFFFFFFFFFFFFFFFFFFFFFFFFFFFFFFFFFFFFFFFFFFFC0
:20610000FFFFFFFFFFFFFFFFFFFFFFFFFFFFFFFFFFFFFFFFFFFFFFFFFFFFFFFFFFFFFFFF9F
:20612000FFFFFFFFFFFFFFFFFFFFFFFFFFFFFFFFFFFFFFFFFFFFFFFFFFFFFFFFFFFFFFFF7F
:20614000FFFFFFFFFFFFFFFFFFFFFFFFFFFFFFFFFFFFFFFFFFFFFFFFFFFFFFFFFFFFFFFF5F
:20616000FFFFFFFFFFFFFFFFFFFFFFFFFFFFFFFFFFFFFFFFFFFFFFFFFFFFFFFFFFFFFFFF3F
:20618000FFFFFFFFFFFFFFFFFFFFFFFFFFFFFFFFFFFFFFFFFFFFFFFFFFFFFFFFFFFFFFFF1F
:2061A000FFFFFFFFFFFFFFFFFFFFFFFFFFFFFFFFFFFFFFFFFFFFFFFFFFFFFFFFFFFFFFFFFF
:2061C000FFFFFFFFFFFFFFFFFFFFFFFFFFFFFFFFFFFFFFFFFFFFFFFFFFFFFFFFFFFFFFFFDF
:2061E000FFFFFFFFFFFFFFFFFFFFFFFFFFFFFFFFFFFFFFFFFFFFFFFFFFFFFFFFFFFFFFFFBF
:20620000FFFFFFFFFFFFFFFFFFFFFFFFFFFFFFFFFFFFFFFFFFFFFFFFFFFFFFFFFFFFFFFF9E
:20622000FFFFFFFFFFFFFFFFFFFFFFFFFFFFFFFFFFFFFFFFFFFFFFFFFFFFFFFFFFFFFFFF7E
:20624000FFFFFFFFFFFFFFFFFFFFFFFFFFFFFFFFFFFFFFFFFFFFFFFFFFFFFFFFFFFFFFFF5E
:20626000FFFFFFFFFFFFFFFFFFFFFFFFFFFFFFFFFFFFFFFFFFFFFFFFFFFFFFFFFFFFFFFF3E
:20628000FFFFFFFFFFFFFFFFFFFFFFFFFFFFFFFFFFFFFFFFFFFFFFFFFFFFFFFFFFFFFFFF1E
:2062A000FFFFFFFFFFFFFFFFFFFFFFFFFFFFFFFFFFFFFFFFFFFFFFFFFFFFFFFFFFFFFFFFFE
:2062C000FFFFFFFFFFFFFFFFFFFFFFFFFFFFFFFFFFFFFFFFFFFFFFFFFFFFFFFFFFFFFFFFDE
:2062E000FFFFFFFFFFFFFFFFFFFFFFFFFFFFFFFFFFFFFFFFFFFFFFFFFFFFFFFFFFFFFFFFBE
:20630000FFFFFFFFFFFFFFFFFFFFFFFFFFFFFFFFFFFFFFFFFFFFFFFFFFFFFFFFFFFFFFFF9D
:20632000FFFFFFFFFFFFFFFFFFFFFFFFFFFFFFFFFFFFFFFFFFFFFFFFFFFFFFFFFFFFFFFF7D
:20634000FFFFFFFFFFFFFFFFFFFFFFFFFFFFFFFFFFFFFFFFFFFFFFFFFFFFFFFFFFFFFFFF5D
:20636000FFFFFFFFFFFFFFFFFFFFFFFFFFFFFFFFFFFFFFFFFFFFFFFFFFFFFFFFFFFFFFFF3D
:20638000FFFFFFFFFFFFFFFFFFFFFFFFFFFFFFFFFFFFFFFFFFFFFFFFFFFFFFFFFFFFFFFF1D
:2063A000FFFFFFFFFFFFFFFFFFFFFFFFFFFFFFFFFFFFFFFFFFFFFFFFFFFFFFFFFFFFFFFFFD
:2063C000FFFFFFFFFFFFFFFFFFFFFFFFFFFFFFFFFFFFFFFFFFFFFFFFFFFFFFFFFFFFFFFFDD
:2063E000FFFFFFFFFFFFFFFFFFFFFFFFFFFFFFFFFFFFFFFFFFFFFFFFFFFFFFFFFFFFFFFFBD
:20640000FFFFFFFFFFFFFFFFFFFFFFFFFFFFFFFFFFFFFFFFFFFFFFFFFFFFFFFFFFFFFFFF9C
:20642000FFFFFFFFFFFFFFFFFFFFFFFFFFFFFFFFFFFFFFFFFFFFFFFFFFFFFFFFFFFFFFFF7C
:20644000FFFFFFFFFFFFFFFFFFFFFFFFFFFFFFFFFFFFFFFFFFFFFFFFFFFFFFFFFFFFFFFF5C
:20646000FFFFFFFFFFFFFFFFFFFFFFFFFFFFFFFFFFFFFFFFFFFFFFFFFFFFFFFFFFFFFFFF3C
:20648000FFFFFFFFFFFFFFFFFFFFFFFFFFFFFFFFFFFFFFFFFFFFFFFFFFFFFFFFFFFFFFFF1C
:2064A000FFFFFFFFFFFFFFFFFFFFFFFFFFFFFFFFFFFFFFFFFFFFFFFFFFFFFFFFFFFFFFFFFC
:2064C000FFFFFFFFFFFFFFFFFFFFFFFFFFFFFFFFFFFFFFFFFFFFFFFFFFFFFFFFFFFFFFFFDC
:2064E000FFFFFFFFFFFFFFFFFFFFFFFFFFFFFFFFFFFFFFFFFFFFFFFFFFFFFFFFFFFFFFFFBC
:20650000FFFFFFFFFFFFFFFFFFFFFFFFFFFFFFFFFFFFFFFFFFFFFFFFFFFFFFFFFFFFFFFF9B
:20652000FFFFFFFFFFFFFFFFFFFFFFFFFFFFFFFFFFFFFFFFFFFFFFFFFFFFFFFFFFFFFFFF7B
:20654000FFFFFFFFFFFFFFFFFFFFFFFFFFFFFFFFFFFFFFFFFFFFFFFFFFFFFFFFFFFFFFFF5B
:20656000FFFFFFFFFFFFFFFFFFFFFFFFFFFFFFFFFFFFFFFFFFFFFFFFFFFFFFFFFFFFFFFF3B
:20658000FFFFFFFFFFFFFFFFFFFFFFFFFFFFFFFFFFFFFFFFFFFFFFFFFFFFFFFFFFFFFFFF1B
:2065A000FFFFFFFFFFFFFFFFFFFFFFFFFFFFFFFFFFFFFFFFFFFFFFFFFFFFFFFFFFFFFFFFFB
:2065C000FFFFFFFFFFFFFFFFFFFFFFFFFFFFFFFFFFFFFFFFFFFFFFFFFFFFFFFFFFFFFFFFDB
:2065E000FFFFFFFFFFFFFFFFFFFFFFFFFFFFFFFFFFFFFFFFFFFFFFFFFFFFFFFFFFFFFFFFBB
:20660000FFFFFFFFFFFFFFFFFFFFFFFFFFFFFFFFFFFFFFFFFFFFFFFFFFFFFFFFFFFFFFFF9A
:20662000FFFFFFFFFFFFFFFFFFFFFFFFFFFFFFFFFFFFFFFFFFFFFFFFFFFFFFFFFFFFFFFF7A
:20664000FFFFFFFFFFFFFFFFFFFFFFFFFFFFFFFFFFFFFFFFFFFFFFFFFFFFFFFFFFFFFFFF5A
:20666000FFFFFFFFFFFFFFFFFFFFFFFFFFFFFFFFFFFFFFFFFFFFFFFFFFFFFFFFFFFFFFFF3A
:20668000FFFFFFFFFFFFFFFFFFFFFFFFFFFFFFFFFFFFFFFFFFFFFFFFFFFFFFFFFFFFFFFF1A
:2066A000FFFFFFFFFFFFFFFFFFFFFFFFFFFFFFFFFFFFFFFFFFFFFFFFFFFFFFFFFFFFFFFFFA
:2066C000FFFFFFFFFFFFFFFFFFFFFFFFFFFFFFFFFFFFFFFFFFFFFFFFFFFFFFFFFFFFFFFFDA
:2066E000FFFFFFFFFFFFFFFFFFFFFFFFFFFFFFFFFFFFFFFFFFFFFFFFFFFFFFFFFFFFFFFFBA
:20670000FFFFFFFFFFFFFFFFFFFFFFFFFFFFFFFFFFFFFFFFFFFFFFFFFFFFFFFFFFFFFFFF99
:20672000FFFFFFFFFFFFFFFFFFFFFFFFFFFFFFFFFFFFFFFFFFFFFFFFFFFFFFFFFFFFFFFF79
:20674000FFFFFFFFFFFFFFFFFFFFFFFFFFFFFFFFFFFFFFFFFFFFFFFFFFFFFFFFFFFFFFFF59
:20676000FFFFFFFFFFFFFFFFFFFFFFFFFFFFFFFFFFFFFFFFFFFFFFFFFFFFFFFFFFFFFFFF39
:20678000FFFFFFFFFFFFFFFFFFFFFFFFFFFFFFFFFFFFFFFFFFFFFFFFFFFFFFFFFFFFFFFF19
:2067A000FFFFFFFFFFFFFFFFFFFFFFFFFFFFFFFFFFFFFFFFFFFFFFFFFFFFFFFFFFFFFFFFF9
:2067C000FFFFFFFFFFFFFFFFFFFFFFFFFFFFFFFFFFFFFFFFFFFFFFFFFFFFFFFFFFFFFFFFD9
:2067E000FFFFFFFFFFFFFFFFFFFFFFFFFFFFFFFFFFFFFFFFFFFFFFFFFFFFFFFFFFFFFFFFB9
:20680000FFFFFFFFFFFFFFFFFFFFFFFFFFFFFFFFFFFFFFFFFFFFFFFFFFFFFFFFFFFFFFFF98
:20682000FFFFFFFFFFFFFFFFFFFFFFFFFFFFFFFFFFFFFFFFFFFFFFFFFFFFFFFFFFFFFFFF78
:20684000FFFFFFFFFFFFFFFFFFFFFFFFFFFFFFFFFFFFFFFFFFFFFFFFFFFFFFFFFFFFFFFF58
:20686000FFFFFFFFFFFFFFFFFFFFFFFFFFFFFFFFFFFFFFFFFFFFFFFFFFFFFFFFFFFFFFFF38
:20688000FFFFFFFFFFFFFFFFFFFFFFFFFFFFFFFFFFFFFFFFFFFFFFFFFFFFFFFFFFFFFFFF18
:2068A000FFFFFFFFFFFFFFFFFFFFFFFFFFFFFFFFFFFFFFFFFFFFFFFFFFFFFFFFFFFFFFFFF8
:2068C000FFFFFFFFFFFFFFFFFFFFFFFFFFFFFFFFFFFFFFFFFFFFFFFFFFFFFFFFFFFFFFFFD8
:2068E000FFFFFFFFFFFFFFFFFFFFFFFFFFFFFFFFFFFFFFFFFFFFFFFFFFFFFFFFFFFFFFFFB8
:20690000FFFFFFFFFFFFFFFFFFFFFFFFFFFFFFFFFFFFFFFFFFFFFFFFFFFFFFFFFFFFFFFF97
:20692000FFFFFFFFFFFFFFFFFFFFFFFFFFFFFFFFFFFFFFFFFFFFFFFFFFFFFFFFFFFFFFFF77
:20694000FFFFFFFFFFFFFFFFFFFFFFFFFFFFFFFFFFFFFFFFFFFFFFFFFFFFFFFFFFFFFFFF57
:20696000FFFFFFFFFFFFFFFFFFFFFFFFFFFFFFFFFFFFFFFFFFFFFFFFFFFFFFFFFFFFFFFF37
:20698000FFFFFFFFFFFFFFFFFFFFFFFFFFFFFFFFFFFFFFFFFFFFFFFFFFFFFFFFFFFFFFFF17
:2069A000FFFFFFFFFFFFFFFFFFFFFFFFFFFFFFFFFFFFFFFFFFFFFFFFFFFFFFFFFFFFFFFFF7
:2069C000FFFFFFFFFFFFFFFFFFFFFFFFFFFFFFFFFFFFFFFFFFFFFFFFFFFFFFFFFFFFFFFFD7
:2069E000FFFFFFFFFFFFFFFFFFFFFFFFFFFFFFFFFFFFFFFFFFFFFFFFFFFFFFFFFFFFFFFFB7
:206A0000FFFFFFFFFFFFFFFFFFFFFFFFFFFFFFFFFFFFFFFFFFFFFFFFFFFFFFFFFFFFFFFF96
:206A2000FFFFFFFFFFFFFFFFFFFFFFFFFFFFFFFFFFFFFFFFFFFFFFFFFFFFFFFFFFFFFFFF76
:206A4000FFFFFFFFFFFFFFFFFFFFFFFFFFFFFFFFFFFFFFFFFFFFFFFFFFFFFFFFFFFFFFFF56
:206A6000FFFFFFFFFFFFFFFFFFFFFFFFFFFFFFFFFFFFFFFFFFFFFFFFFFFFFFFFFFFFFFFF36
:206A8000FFFFFFFFFFFFFFFFFFFFFFFFFFFFFFFFFFFFFFFFFFFFFFFFFFFFFFFFFFFFFFFF16
:206AA000FFFFFFFFFFFFFFFFFFFFFFFFFFFFFFFFFFFFFFFFFFFFFFFFFFFFFFFFFFFFFFFFF6
:206AC000FFFFFFFFFFFFFFFFFFFFFFFFFFFFFFFFFFFFFFFFFFFFFFFFFFFFFFFFFFFFFFFFD6
:206AE000FFFFFFFFFFFFFFFFFFFFFFFFFFFFFFFFFFFFFFFFFFFFFFFFFFFFFFFFFFFFFFFFB6
:206B0000FFFFFFFFFFFFFFFFFFFFFFFFFFFFFFFFFFFFFFFFFFFFFFFFFFFFFFFFFFFFFFFF95
:206B2000FFFFFFFFFFFFFFFFFFFFFFFFFFFFFFFFFFFFFFFFFFFFFFFFFFFFFFFFFFFFFFFF75
:206B4000FFFFFFFFFFFFFFFFFFFFFFFFFFFFFFFFFFFFFFFFFFFFFFFFFFFFFFFFFFFFFFFF55
:206B6000FFFFFFFFFFFFFFFFFFFFFFFFFFFFFFFFFFFFFFFFFFFFFFFFFFFFFFFFFFFFFFFF35
:206B8000FFFFFFFFFFFFFFFFFFFFFFFFFFFFFFFFFFFFFFFFFFFFFFFFFFFFFFFFFFFFFFFF15
:206BA000FFFFFFFFFFFFFFFFFFFFFFFFFFFFFFFFFFFFFFFFFFFFFFFFFFFFFFFFFFFFFFFFF5
:206BC000FFFFFFFFFFFFFFFFFFFFFFFFFFFFFFFFFFFFFFFFFFFFFFFFFFFFFFFFFFFFFFFFD5
:206BE000FFFFFFFFFFFFFFFFFFFFFFFFFFFFFFFFFFFFFFFFFFFFFFFFFFFFFFFFFFFFFFFFB5
:206C0000FFFFFFFFFFFFFFFFFFFFFFFFFFFFFFFFFFFFFFFFFFFFFFFFFFFFFFFFFFFFFFFF94
:206C2000FFFFFFFFFFFFFFFFFFFFFFFFFFFFFFFFFFFFFFFFFFFFFFFFFFFFFFFFFFFFFFFF74
:206C4000FFFFFFFFFFFFFFFFFFFFFFFFFFFFFFFFFFFFFFFFFFFFFFFFFFFFFFFFFFFFFFFF54
:206C6000FFFFFFFFFFFFFFFFFFFFFFFFFFFFFFFFFFFFFFFFFFFFFFFFFFFFFFFFFFFFFFFF34
:206C8000FFFFFFFFFFFFFFFFFFFFFFFFFFFFFFFFFFFFFFFFFFFFFFFFFFFFFFFFFFFFFFFF14
:206CA000FFFFFFFFFFFFFFFFFFFFFFFFFFFFFFFFFFFFFFFFFFFFFFFFFFFFFFFFFFFFFFFFF4
:206CC000FFFFFFFFFFFFFFFFFFFFFFFFFFFFFFFFFFFFFFFFFFFFFFFFFFFFFFFFFFFFFFFFD4
:206CE000FFFFFFFFFFFFFFFFFFFFFFFFFFFFFFFFFFFFFFFFFFFFFFFFFFFFFFFFFFFFFFFFB4
:206D0000FFFFFFFFFFFFFFFFFFFFFFFFFFFFFFFFFFFFFFFFFFFFFFFFFFFFFFFFFFFFFFFF93
:206D2000FFFFFFFFFFFFFFFFFFFFFFFFFFFFFFFFFFFFFFFFFFFFFFFFFFFFFFFFFFFFFFFF73
:206D4000FFFFFFFFFFFFFFFFFFFFFFFFFFFFFFFFFFFFFFFFFFFFFFFFFFFFFFFFFFFFFFFF53
:206D6000FFFFFFFFFFFFFFFFFFFFFFFFFFFFFFFFFFFFFFFFFFFFFFFFFFFFFFFFFFFFFFFF33
:206D8000FFFFFFFFFFFFFFFFFFFFFFFFFFFFFFFFFFFFFFFFFFFFFFFFFFFFFFFFFFFFFFFF13
:206DA000FFFFFFFFFFFFFFFFFFFFFFFFFFFFFFFFFFFFFFFFFFFFFFFFFFFFFFFFFFFFFFFFF3
:206DC000FFFFFFFFFFFFFFFFFFFFFFFFFFFFFFFFFFFFFFFFFFFFFFFFFFFFFFFFFFFFFFFFD3
:206DE000FFFFFFFFFFFFFFFFFFFFFFFFFFFFFFFFFFFFFFFFFFFFFFFFFFFFFFFFFFFFFFFFB3
:206E0000FFFFFFFFFFFFFFFFFFFFFFFFFFFFFFFFFFFFFFFFFFFFFFFFFFFFFFFFFFFFFFFF92
:206E2000FFFFFFFFFFFFFFFFFFFFFFFFFFFFFFFFFFFFFFFFFFFFFFFFFFFFFFFFFFFFFFFF72
:206E4000FFFFFFFFFFFFFFFFFFFFFFFFFFFFFFFFFFFFFFFFFFFFFFFFFFFFFFFFFFFFFFFF52
:206E6000FFFFFFFFFFFFFFFFFFFFFFFFFFFFFFFFFFFFFFFFFFFFFFFFFFFFFFFFFFFFFFFF32
:206E8000FFFFFFFFFFFFFFFFFFFFFFFFFFFFFFFFFFFFFFFFFFFFFFFFFFFFFFFFFFFFFFFF12
:206EA000FFFFFFFFFFFFFFFFFFFFFFFFFFFFFFFFFFFFFFFFFFFFFFFFFFFFFFFFFFFFFFFFF2
:206EC000FFFFFFFFFFFFFFFFFFFFFFFFFFFFFFFFFFFFFFFFFFFFFFFFFFFFFFFFFFFFFFFFD2
:206EE000FFFFFFFFFFFFFFFFFFFFFFFFFFFFFFFFFFFFFFFFFFFFFFFFFFFFFFFFFFFFFFFFB2
:206F0000FFFFFFFFFFFFFFFFFFFFFFFFFFFFFFFFFFFFFFFFFFFFFFFFFFFFFFFFFFFFFFFF91
:206F2000FFFFFFFFFFFFFFFFFFFFFFFFFFFFFFFFFFFFFFFFFFFFFFFFFFFFFFFFFFFFFFFF71
:206F4000FFFFFFFFFFFFFFFFFFFFFFFFFFFFFFFFFFFFFFFFFFFFFFFFFFFFFFFFFFFFFFFF51
:206F6000FFFFFFFFFFFFFFFFFFFFFFFFFFFFFFFFFFFFFFFFFFFFFFFFFFFFFFFFFFFFFFFF31
:206F8000FFFFFFFFFFFFFFFFFFFFFFFFFFFFFFFFFFFFFFFFFFFFFFFFFFFFFFFFFFFFFFFF11
:206FA000FFFFFFFFFFFFFFFFFFFFFFFFFFFFFFFFFFFFFFFFFFFFFFFFFFFFFFFFFFFFFFFFF1
:206FC000FFFFFFFFFFFFFFFFFFFFFFFFFFFFFFFFFFFFFFFFFFFFFFFFFFFFFFFFFFFFFFFFD1
:206FE000FFFFFFFFFFFFFFFFFFFFFFFFFFFFFFFFFFFFFFFFFFFFFFFFFFFFFFFFFFFFFFFFB1
:20700000FFFFFFFFFFFFFFFFFFFFFFFFFFFFFFFFFFFFFFFFFFFFFFFFFFFFFFFFFFFFFFFF90
:20702000FFFFFFFFFFFFFFFFFFFFFFFFFFFFFFFFFFFFFFFFFFFFFFFFFFFFFFFFFFFFFFFF70
:20704000FFFFFFFFFFFFFFFFFFFFFFFFFFFFFFFFFFFFFFFFFFFFFFFFFFFFFFFFFFFFFFFF50
:20706000FFFFFFFFFFFFFFFFFFFFFFFFFFFFFFFFFFFFFFFFFFFFFFFFFFFFFFFFFFFFFFFF30
:20708000FFFFFFFFFFFFFFFFFFFFFFFFFFFFFFFFFFFFFFFFFFFFFFFFFFFFFFFFFFFFFFFF10
:2070A000FFFFFFFFFFFFFFFFFFFFFFFFFFFFFFFFFFFFFFFFFFFFFFFFFFFFFFFFFFFFFFFFF0
:2070C000FFFFFFFFFFFFFFFFFFFFFFFFFFFFFFFFFFFFFFFFFFFFFFFFFFFFFFFFFFFFFFFFD0
:2070E000FFFFFFFFFFFFFFFFFFFFFFFFFFFFFFFFFFFFFFFFFFFFFFFFFFFFFFFFFFFFFFFFB0
:20710000FFFFFFFFFFFFFFFFFFFFFFFFFFFFFFFFFFFFFFFFFFFFFFFFFFFFFFFFFFFFFFFF8F
:20712000FFFFFFFFFFFFFFFFFFFFFFFFFFFFFFFFFFFFFFFFFFFFFFFFFFFFFFFFFFFFFFFF6F
:20714000FFFFFFFFFFFFFFFFFFFFFFFFFFFFFFFFFFFFFFFFFFFFFFFFFFFFFFFFFFFFFFFF4F
:20716000FFFFFFFFFFFFFFFFFFFFFFFFFFFFFFFFFFFFFFFFFFFFFFFFFFFFFFFFFFFFFFFF2F
:20718000FFFFFFFFFFFFFFFFFFFFFFFFFFFFFFFFFFFFFFFFFFFFFFFFFFFFFFFFFFFFFFFF0F
:2071A000FFFFFFFFFFFFFFFFFFFFFFFFFFFFFFFFFFFFFFFFFFFFFFFFFFFFFFFFFFFFFFFFEF
:2071C000FFFFFFFFFFFFFFFFFFFFFFFFFFFFFFFFFFFFFFFFFFFFFFFFFFFFFFFFFFFFFFFFCF
:2071E000FFFFFFFFFFFFFFFFFFFFFFFFFFFFFFFFFFFFFFFFFFFFFFFFFFFFFFFFFFFFFFFFAF
:20720000FFFFFFFFFFFFFFFFFFFFFFFFFFFFFFFFFFFFFFFFFFFFFFFFFFFFFFFFFFFFFFFF8E
:20722000FFFFFFFFFFFFFFFFFFFFFFFFFFFFFFFFFFFFFFFFFFFFFFFFFFFFFFFFFFFFFFFF6E
:20724000FFFFFFFFFFFFFFFFFFFFFFFFFFFFFFFFFFFFFFFFFFFFFFFFFFFFFFFFFFFFFFFF4E
:20726000FFFFFFFFFFFFFFFFFFFFFFFFFFFFFFFFFFFFFFFFFFFFFFFFFFFFFFFFFFFFFFFF2E
:20728000FFFFFFFFFFFFFFFFFFFFFFFFFFFFFFFFFFFFFFFFFFFFFFFFFFFFFFFFFFFFFFFF0E
:2072A000FFFFFFFFFFFFFFFFFFFFFFFFFFFFFFFFFFFFFFFFFFFFFFFFFFFFFFFFFFFFFFFFEE
:2072C000FFFFFFFFFFFFFFFFFFFFFFFFFFFFFFFFFFFFFFFFFFFFFFFFFFFFFFFFFFFFFFFFCE
:2072E000FFFFFFFFFFFFFFFFFFFFFFFFFFFFFFFFFFFFFFFFFFFFFFFFFFFFFFFFFFFFFFFFAE
:20730000FFFFFFFFFFFFFFFFFFFFFFFFFFFFFFFFFFFFFFFFFFFFFFFFFFFFFFFFFFFFFFFF8D
:20732000FFFFFFFFFFFFFFFFFFFFFFFFFFFFFFFFFFFFFFFFFFFFFFFFFFFFFFFFFFFFFFFF6D
:20734000FFFFFFFFFFFFFFFFFFFFFFFFFFFFFFFFFFFFFFFFFFFFFFFFFFFFFFFFFFFFFFFF4D
:20736000FFFFFFFFFFFFFFFFFFFFFFFFFFFFFFFFFFFFFFFFFFFFFFFFFFFFFFFFFFFFFFFF2D
:20738000FFFFFFFFFFFFFFFFFFFFFFFFFFFFFFFFFFFFFFFFFFFFFFFFFFFFFFFFFFFFFFFF0D
:2073A000FFFFFFFFFFFFFFFFFFFFFFFFFFFFFFFFFFFFFFFFFFFFFFFFFFFFFFFFFFFFFFFFED
:2073C000FFFFFFFFFFFFFFFFFFFFFFFFFFFFFFFFFFFFFFFFFFFFFFFFFFFFFFFFFFFFFFFFCD
:2073E000FFFFFFFFFFFFFFFFFFFFFFFFFFFFFFFFFFFFFFFFFFFFFFFFFFFFFFFFFFFFFFFFAD
:20740000FFFFFFFFFFFFFFFFFFFFFFFFFFFFFFFFFFFFFFFFFFFFFFFFFFFFFFFFFFFFFFFF8C
:20742000FFFFFFFFFFFFFFFFFFFFFFFFFFFFFFFFFFFFFFFFFFFFFFFFFFFFFFFFFFFFFFFF6C
:20744000FFFFFFFFFFFFFFFFFFFFFFFFFFFFFFFFFFFFFFFFFFFFFFFFFFFFFFFFFFFFFFFF4C
:20746000FFFFFFFFFFFFFFFFFFFFFFFFFFFFFFFFFFFFFFFFFFFFFFFFFFFFFFFFFFFFFFFF2C
:20748000FFFFFFFFFFFFFFFFFFFFFFFFFFFFFFFFFFFFFFFFFFFFFFFFFFFFFFFFFFFFFFFF0C
:2074A000FFFFFFFFFFFFFFFFFFFFFFFFFFFFFFFFFFFFFFFFFFFFFFFFFFFFFFFFFFFFFFFFEC
:2074C000FFFFFFFFFFFFFFFFFFFFFFFFFFFFFFFFFFFFFFFFFFFFFFFFFFFFFFFFFFFFFFFFCC
:2074E000FFFFFFFFFFFFFFFFFFFFFFFFFFFFFFFFFFFFFFFFFFFFFFFFFFFFFFFFFFFFFFFFAC
:20750000FFFFFFFFFFFFFFFFFFFFFFFFFFFFFFFFFFFFFFFFFFFFFFFFFFFFFFFFFFFFFFFF8B
:20752000FFFFFFFFFFFFFFFFFFFFFFFFFFFFFFFFFFFFFFFFFFFFFFFFFFFFFFFFFFFFFFFF6B
:20754000FFFFFFFFFFFFFFFFFFFFFFFFFFFFFFFFFFFFFFFFFFFFFFFFFFFFFFFFFFFFFFFF4B
:20756000FFFFFFFFFFFFFFFFFFFFFFFFFFFFFFFFFFFFFFFFFFFFFFFFFFFFFFFFFFFFFFFF2B
:20758000FFFFFFFFFFFFFFFFFFFFFFFFFFFFFFFFFFFFFFFFFFFFFFFFFFFFFFFFFFFFFFFF0B
:2075A000FFFFFFFFFFFFFFFFFFFFFFFFFFFFFFFFFFFFFFFFFFFFFFFFFFFFFFFFFFFFFFFFEB
:2075C000FFFFFFFFFFFFFFFFFFFFFFFFFFFFFFFFFFFFFFFFFFFFFFFFFFFFFFFFFFFFFFFFCB
:2075E000FFFFFFFFFFFFFFFFFFFFFFFFFFFFFFFFFFFFFFFFFFFFFFFFFFFFFFFFFFFFFFFFAB
:20760000FFFFFFFFFFFFFFFFFFFFFFFFFFFFFFFFFFFFFFFFFFFFFFFFFFFFFFFFFFFFFFFF8A
:20762000FFFFFFFFFFFFFFFFFFFFFFFFFFFFFFFFFFFFFFFFFFFFFFFFFFFFFFFFFFFFFFFF6A
:20764000FFFFFFFFFFFFFFFFFFFFFFFFFFFFFFFFFFFFFFFFFFFFFFFFFFFFFFFFFFFFFFFF4A
:20766000FFFFFFFFFFFFFFFFFFFFFFFFFFFFFFFFFFFFFFFFFFFFFFFFFFFFFFFFFFFFFFFF2A
:20768000FFFFFFFFFFFFFFFFFFFFFFFFFFFFFFFFFFFFFFFFFFFFFFFFFFFFFFFFFFFFFFFF0A
:2076A000FFFFFFFFFFFFFFFFFFFFFFFFFFFFFFFFFFFFFFFFFFFFFFFFFFFFFFFFFFFFFFFFEA
:2076C000FFFFFFFFFFFFFFFFFFFFFFFFFFFFFFFFFFFFFFFFFFFFFFFFFFFFFFFFFFFFFFFFCA
:2076E000FFFFFFFFFFFFFFFFFFFFFFFFFFFFFFFFFFFFFFFFFFFFFFFFFFFFFFFFFFFFFFFFAA
:20770000FFFFFFFFFFFFFFFFFFFFFFFFFFFFFFFFFFFFFFFFFFFFFFFFFFFFFFFFFFFFFFFF89
:20772000FFFFFFFFFFFFFFFFFFFFFFFFFFFFFFFFFFFFFFFFFFFFFFFFFFFFFFFFFFFFFFFF69
:20774000FFFFFFFFFFFFFFFFFFFFFFFFFFFFFFFFFFFFFFFFFFFFFFFFFFFFFFFFFFFFFFFF49
:20776000FFFFFFFFFFFFFFFFFFFFFFFFFFFFFFFFFFFFFFFFFFFFFFFFFFFFFFFFFFFFFFFF29
:20778000FFFFFFFFFFFFFFFFFFFFFFFFFFFFFFFFFFFFFFFFFFFFFFFFFFFFFFFFFFFFFFFF09
:2077A000FFFFFFFFFFFFFFFFFFFFFFFFFFFFFFFFFFFFFFFFFFFFFFFFFFFFFFFFFFFFFFFFE9
:2077C000FFFFFFFFFFFFFFFFFFFFFFFFFFFFFFFFFFFFFFFFFFFFFFFFFFFFFFFFFFFFFFFFC9
:2077E000FFFFFFFFFFFFFFFFFFFFFFFFFFFFFFFFFFFFFFFFFFFFFFFFFFFFFFFFFFFFFFFFA9
:20780000FFFFFFFFFFFFFFFFFFFFFFFFFFFFFFFFFFFFFFFFFFFFFFFFFFFFFFFFFFFFFFFF88
:20782000FFFFFFFFFFFFFFFFFFFFFFFFFFFFFFFFFFFFFFFFFFFFFFFFFFFFFFFFFFFFFFFF68
:20784000FFFFFFFFFFFFFFFFFFFFFFFFFFFFFFFFFFFFFFFFFFFFFFFFFFFFFFFFFFFFFFFF48
:20786000FFFFFFFFFFFFFFFFFFFFFFFFFFFFFFFFFFFFFFFFFFFFFFFFFFFFFFFFFFFFFFFF28
:20788000FFFFFFFFFFFFFFFFFFFFFFFFFFFFFFFFFFFFFFFFFFFFFFFFFFFFFFFFFFFFFFFF08
:2078A000FFFFFFFFFFFFFFFFFFFFFFFFFFFFFFFFFFFFFFFFFFFFFFFFFFFFFFFFFFFFFFFFE8
:2078C000FFFFFFFFFFFFFFFFFFFFFFFFFFFFFFFFFFFFFFFFFFFFFFFFFFFFFFFFFFFFFFFFC8
:2078E000FFFFFFFFFFFFFFFFFFFFFFFFFFFFFFFFFFFFFFFFFFFFFFFFFFFFFFFFFFFFFFFFA8
:20790000FFFFFFFFFFFFFFFFFFFFFFFFFFFFFFFFFFFFFFFFFFFFFFFFFFFFFFFFFFFFFFFF87
:20792000FFFFFFFFFFFFFFFFFFFFFFFFFFFFFFFFFFFFFFFFFFFFFFFFFFFFFFFFFFFFFFFF67
:20794000FFFFFFFFFFFFFFFFFFFFFFFFFFFFFFFFFFFFFFFFFFFFFFFFFFFFFFFFFFFFFFFF47
:20796000FFFFFFFFFFFFFFFFFFFFFFFFFFFFFFFFFFFFFFFFFFFFFFFFFFFFFFFFFFFFFFFF27
:20798000FFFFFFFFFFFFFFFFFFFFFFFFFFFFFFFFFFFFFFFFFFFFFFFFFFFFFFFFFFFFFFFF07
:2079A000FFFFFFFFFFFFFFFFFFFFFFFFFFFFFFFFFFFFFFFFFFFFFFFFFFFFFFFFFFFFFFFFE7
:2079C000FFFFFFFFFFFFFFFFFFFFFFFFFFFFFFFFFFFFFFFFFFFFFFFFFFFFFFFFFFFFFFFFC7
:2079E000FFFFFFFFFFFFFFFFFFFFFFFFFFFFFFFFFFFFFFFFFFFFFFFFFFFFFFFFFFFFFFFFA7
:207A0000FFFFFFFFFFFFFFFFFFFFFFFFFFFFFFFFFFFFFFFFFFFFFFFFFFFFFFFFFFFFFFFF86
:207A2000FFFFFFFFFFFFFFFFFFFFFFFFFFFFFFFFFFFFFFFFFFFFFFFFFFFFFFFFFFFFFFFF66
:207A4000FFFFFFFFFFFFFFFFFFFFFFFFFFFFFFFFFFFFFFFFFFFFFFFFFFFFFFFFFFFFFFFF46
:207A6000FFFFFFFFFFFFFFFFFFFFFFFFFFFFFFFFFFFFFFFFFFFFFFFFFFFFFFFFFFFFFFFF26
:207A8000FFFFFFFFFFFFFFFFFFFFFFFFFFFFFFFFFFFFFFFFFFFFFFFFFFFFFFFFFFFFFFFF06
:207AA000FFFFFFFFFFFFFFFFFFFFFFFFFFFFFFFFFFFFFFFFFFFFFFFFFFFFFFFFFFFFFFFFE6
:207AC000FFFFFFFFFFFFFFFFFFFFFFFFFFFFFFFFFFFFFFFFFFFFFFFFFFFFFFFFFFFFFFFFC6
:207AE000FFFFFFFFFFFFFFFFFFFFFFFFFFFFFFFFFFFFFFFFFFFFFFFFFFFFFFFFFFFFFFFFA6
:207B0000FFFFFFFFFFFFFFFFFFFFFFFFFFFFFFFFFFFFFFFFFFFFFFFFFFFFFFFFFFFFFFFF85
:207B2000FFFFFFFFFFFFFFFFFFFFFFFFFFFFFFFFFFFFFFFFFFFFFFFFFFFFFFFFFFFFFFFF65
:207B4000FFFFFFFFFFFFFFFFFFFFFFFFFFFFFFFFFFFFFFFFFFFFFFFFFFFFFFFFFFFFFFFF45
:207B6000FFFFFFFFFFFFFFFFFFFFFFFFFFFFFFFFFFFFFFFFFFFFFFFFFFFFFFFFFFFFFFFF25
:207B8000FFFFFFFFFFFFFFFFFFFFFFFFFFFFFFFFFFFFFFFFFFFFFFFFFFFFFFFFFFFFFFFF05
:207BA000FFFFFFFFFFFFFFFFFFFFFFFFFFFFFFFFFFFFFFFFFFFFFFFFFFFFFFFFFFFFFFFFE5
:207BC000FFFFFFFFFFFFFFFFFFFFFFFFFFFFFFFFFFFFFFFFFFFFFFFFFFFFFFFFFFFFFFFFC5
:207BE000FFFFFFFFFFFFFFFFFFFFFFFFFFFFFFFFFFFFFFFFFFFFFFFFFFFFFFFFFFFFFFFFA5
:207C0000FFFFFFFFFFFFFFFFFFFFFFFFFFFFFFFFFFFFFFFFFFFFFFFFFFFFFFFFFFFFFFFF84
:207C2000FFFFFFFFFFFFFFFFFFFFFFFFFFFFFFFFFFFFFFFFFFFFFFFFFFFFFFFFFFFFFFFF64
:207C4000FFFFFFFFFFFFFFFFFFFFFFFFFFFFFFFFFFFFFFFFFFFFFFFFFFFFFFFFFFFFFFFF44
:207C6000FFFFFFFFFFFFFFFFFFFFFFFFFFFFFFFFFFFFFFFFFFFFFFFFFFFFFFFFFFFFFFFF24
:207C8000FFFFFFFFFFFFFFFFFFFFFFFFFFFFFFFFFFFFFFFFFFFFFFFFFFFFFFFFFFFFFFFF04
:207CA000FFFFFFFFFFFFFFFFFFFFFFFFFFFFFFFFFFFFFFFFFFFFFFFFFFFFFFFFFFFFFFFFE4
:207CC000FFFFFFFFFFFFFFFFFFFFFFFFFFFFFFFFFFFFFFFFFFFFFFFFFFFFFFFFFFFFFFFFC4
:207CE000FFFFFFFFFFFFFFFFFFFFFFFFFFFFFFFFFFFFFFFFFFFFFFFFFFFFFFFFFFFFFFFFA4
:207D0000FFFFFFFFFFFFFFFFFFFFFFFFFFFFFFFFFFFFFFFFFFFFFFFFFFFFFFFFFFFFFFFF83
:207D2000FFFFFFFFFFFFFFFFFFFFFFFFFFFFFFFFFFFFFFFFFFFFFFFFFFFFFFFFFFFFFFFF63
:207D4000FFFFFFFFFFFFFFFFFFFFFFFFFFFFFFFFFFFFFFFFFFFFFFFFFFFFFFFFFFFFFFFF43
:207D6000FFFFFFFFFFFFFFFFFFFFFFFFFFFFFFFFFFFFFFFFFFFFFFFFFFFFFFFFFFFFFFFF23
:207D8000FFFFFFFFFFFFFFFFFFFFFFFFFFFFFFFFFFFFFFFFFFFFFFFFFFFFFFFFFFFFFFFF03
:207DA000FFFFFFFFFFFFFFFFFFFFFFFFFFFFFFFFFFFFFFFFFFFFFFFFFFFFFFFFFFFFFFFFE3
:207DC000FFFFFFFFFFFFFFFFFFFFFFFFFFFFFFFFFFFFFFFFFFFFFFFFFFFFFFFFFFFFFFFFC3
:207DE000FFFFFFFFFFFFFFFFFFFFFFFFFFFFFFFFFFFFFFFFFFFFFFFFFFFFFFFFFFFFFFFFA3
:207E0000FFFFFFFFFFFFFFFFFFFFFFFFFFFFFFFFFFFFFFFFFFFFFFFFFFFFFFFFFFFFFFFF82
:207E2000FFFFFFFFFFFFFFFFFFFFFFFFFFFFFFFFFFFFFFFFFFFFFFFFFFFFFFFFFFFFFFFF62
:207E4000FFFFFFFFFFFFFFFFFFFFFFFFFFFFFFFFFFFFFFFFFFFFFFFFFFFFFFFFFFFFFFFF42
:207E6000FFFFFFFFFFFFFFFFFFFFFFFFFFFFFFFFFFFFFFFFFFFFFFFFFFFFFFFFFFFFFFFF22
:207E8000FFFFFFFFFFFFFFFFFFFFFFFFFFFFFFFFFFFFFFFFFFFFFFFFFFFFFFFFFFFFFFFF02
:207EA000FFFFFFFFFFFFFFFFFFFFFFFFFFFFFFFFFFFFFFFFFFFFFFFFFFFFFFFFFFFFFFFFE2
:207EC000FFFFFFFFFFFFFFFFFFFFFFFFFFFFFFFFFFFFFFFFFFFFFFFFFFFFFFFFFFFFFFFFC2
:207EE000FFFFFFFFFFFFFFFFFFFFFFFFFFFFFFFFFFFFFFFFFFFFFFFFFFFFFFFFFFFFFFFFA2
:207F0000FFFFFFFFFFFFFFFFFFFFFFFFFFFFFFFFFFFFFFFFFFFFFFFFFFFFFFFFFFFFFFFF81
:207F2000FFFFFFFFFFFFFFFFFFFFFFFFFFFFFFFFFFFFFFFFFFFFFFFFFFFFFFFFFFFFFFFF61
:207F4000FFFFFFFFFFFFFFFFFFFFFFFFFFFFFFFFFFFFFFFFFFFFFFFFFFFFFFFFFFFFFFFF41
:207F6000FFFFFFFFFFFFFFFFFFFFFFFFFFFFFFFFFFFFFFFFFFFFFFFFFFFFFFFFFFFFFFFF21
:207F8000FFFFFFFFFFFFFFFFFFFFFFFFFFFFFFFFFFFFFFFFFFFFFFFFFFFFFFFFFFFFFFFF01
:207FA000FFFFFFFFFFFFFFFFFFFFFFFFFFFFFFFFFFFFFFFFFFFFFFFFFFFFFFFFFFFFFFFFE1
:207FC000FFFFFFFFFFFFFFFFFFFFFFFFFFFFFFFFFFFFFFFFFFFFFFFFFFFFFFFFFFFFFFFFC1
:207FE000FFFFFFFFFFFFFFFFFFFFFFFFFFFFFFFFFFFFFFFFFFFFFFFFFFFFFFFFFFFFFFFFA1
:20800000FFFFFFFFFFFFFFFFFFFFFFFFFFFFFFFFFFFFFFFFFFFFFFFFFFFFFFFFFFFFFFFF80
:20802000FFFFFFFFFFFFFFFFFFFFFFFFFFFFFFFFFFFFFFFFFFFFFFFFFFFFFFFFFFFFFFFF60
:20804000FFFFFFFFFFFFFFFFFFFFFFFFFFFFFFFFFFFFFFFFFFFFFFFFFFFFFFFFFFFFFFFF40
:20806000FFFFFFFFFFFFFFFFFFFFFFFFFFFFFFFFFFFFFFFFFFFFFFFFFFFFFFFFFFFFFFFF20
:20808000FFFFFFFFFFFFFFFFFFFFFFFFFFFFFFFFFFFFFFFFFFFFFFFFFFFFFFFFFFFFFFFF00
:2080A000FFFFFFFFFFFFFFFFFFFFFFFFFFFFFFFFFFFFFFFFFFFFFFFFFFFFFFFFFFFFFFFFE0
:2080C000FFFFFFFFFFFFFFFFFFFFFFFFFFFFFFFFFFFFFFFFFFFFFFFFFFFFFFFFFFFFFFFFC0
:2080E000FFFFFFFFFFFFFFFFFFFFFFFFFFFFFFFFFFFFFFFFFFFFFFFFFFFFFFFFFFFFFFFFA0
:20810000FFFFFFFFFFFFFFFFFFFFFFFFFFFFFFFFFFFFFFFFFFFFFFFFFFFFFFFFFFFFFFFF7F
:20812000FFFFFFFFFFFFFFFFFFFFFFFFFFFFFFFFFFFFFFFFFFFFFFFFFFFFFFFFFFFFFFFF5F
:20814000FFFFFFFFFFFFFFFFFFFFFFFFFFFFFFFFFFFFFFFFFFFFFFFFFFFFFFFFFFFFFFFF3F
:20816000FFFFFFFFFFFFFFFFFFFFFFFFFFFFFFFFFFFFFFFFFFFFFFFFFFFFFFFFFFFFFFFF1F
:20818000FFFFFFFFFFFFFFFFFFFFFFFFFFFFFFFFFFFFFFFFFFFFFFFFFFFFFFFFFFFFFFFFFF
:2081A000FFFFFFFFFFFFFFFFFFFFFFFFFFFFFFFFFFFFFFFFFFFFFFFFFFFFFFFFFFFFFFFFDF
:2081C000FFFFFFFFFFFFFFFFFFFFFFFFFFFFFFFFFFFFFFFFFFFFFFFFFFFFFFFFFFFFFFFFBF
:2081E000FFFFFFFFFFFFFFFFFFFFFFFFFFFFFFFFFFFFFFFFFFFFFFFFFFFFFFFFFFFFFFFF9F
:20820000FFFFFFFFFFFFFFFFFFFFFFFFFFFFFFFFFFFFFFFFFFFFFFFFFFFFFFFFFFFFFFFF7E
:20822000FFFFFFFFFFFFFFFFFFFFFFFFFFFFFFFFFFFFFFFFFFFFFFFFFFFFFFFFFFFFFFFF5E
:20824000FFFFFFFFFFFFFFFFFFFFFFFFFFFFFFFFFFFFFFFFFFFFFFFFFFFFFFFFFFFFFFFF3E
:20826000FFFFFFFFFFFFFFFFFFFFFFFFFFFFFFFFFFFFFFFFFFFFFFFFFFFFFFFFFFFFFFFF1E
:20828000FFFFFFFFFFFFFFFFFFFFFFFFFFFFFFFFFFFFFFFFFFFFFFFFFFFFFFFFFFFFFFFFFE
:2082A000FFFFFFFFFFFFFFFFFFFFFFFFFFFFFFFFFFFFFFFFFFFFFFFFFFFFFFFFFFFFFFFFDE
:2082C000FFFFFFFFFFFFFFFFFFFFFFFFFFFFFFFFFFFFFFFFFFFFFFFFFFFFFFFFFFFFFFFFBE
:2082E000FFFFFFFFFFFFFFFFFFFFFFFFFFFFFFFFFFFFFFFFFFFFFFFFFFFFFFFFFFFFFFFF9E
:20830000FFFFFFFFFFFFFFFFFFFFFFFFFFFFFFFFFFFFFFFFFFFFFFFFFFFFFFFFFFFFFFFF7D
:20832000FFFFFFFFFFFFFFFFFFFFFFFFFFFFFFFFFFFFFFFFFFFFFFFFFFFFFFFFFFFFFFFF5D
:20834000FFFFFFFFFFFFFFFFFFFFFFFFFFFFFFFFFFFFFFFFFFFFFFFFFFFFFFFFFFFFFFFF3D
:20836000FFFFFFFFFFFFFFFFFFFFFFFFFFFFFFFFFFFFFFFFFFFFFFFFFFFFFFFFFFFFFFFF1D
:20838000FFFFFFFFFFFFFFFFFFFFFFFFFFFFFFFFFFFFFFFFFFFFFFFFFFFFFFFFFFFFFFFFFD
:2083A000FFFFFFFFFFFFFFFFFFFFFFFFFFFFFFFFFFFFFFFFFFFFFFFFFFFFFFFFFFFFFFFFDD
:2083C000FFFFFFFFFFFFFFFFFFFFFFFFFFFFFFFFFFFFFFFFFFFFFFFFFFFFFFFFFFFFFFFFBD
:2083E000FFFFFFFFFFFFFFFFFFFFFFFFFFFFFFFFFFFFFFFFFFFFFFFFFFFFFFFFFFFFFFFF9D
:20840000FFFFFFFFFFFFFFFFFFFFFFFFFFFFFFFFFFFFFFFFFFFFFFFFFFFFFFFFFFFFFFFF7C
:20842000FFFFFFFFFFFFFFFFFFFFFFFFFFFFFFFFFFFFFFFFFFFFFFFFFFFFFFFFFFFFFFFF5C
:20844000FFFFFFFFFFFFFFFFFFFFFFFFFFFFFFFFFFFFFFFFFFFFFFFFFFFFFFFFFFFFFFFF3C
:20846000FFFFFFFFFFFFFFFFFFFFFFFFFFFFFFFFFFFFFFFFFFFFFFFFFFFFFFFFFFFFFFFF1C
:20848000FFFFFFFFFFFFFFFFFFFFFFFFFFFFFFFFFFFFFFFFFFFFFFFFFFFFFFFFFFFFFFFFFC
:2084A000FFFFFFFFFFFFFFFFFFFFFFFFFFFFFFFFFFFFFFFFFFFFFFFFFFFFFFFFFFFFFFFFDC
:2084C000FFFFFFFFFFFFFFFFFFFFFFFFFFFFFFFFFFFFFFFFFFFFFFFFFFFFFFFFFFFFFFFFBC
:2084E000FFFFFFFFFFFFFFFFFFFFFFFFFFFFFFFFFFFFFFFFFFFFFFFFFFFFFFFFFFFFFFFF9C
:20850000FFFFFFFFFFFFFFFFFFFFFFFFFFFFFFFFFFFFFFFFFFFFFFFFFFFFFFFFFFFFFFFF7B
:20852000FFFFFFFFFFFFFFFFFFFFFFFFFFFFFFFFFFFFFFFFFFFFFFFFFFFFFFFFFFFFFFFF5B
:20854000FFFFFFFFFFFFFFFFFFFFFFFFFFFFFFFFFFFFFFFFFFFFFFFFFFFFFFFFFFFFFFFF3B
:20856000FFFFFFFFFFFFFFFFFFFFFFFFFFFFFFFFFFFFFFFFFFFFFFFFFFFFFFFFFFFFFFFF1B
:20858000FFFFFFFFFFFFFFFFFFFFFFFFFFFFFFFFFFFFFFFFFFFFFFFFFFFFFFFFFFFFFFFFFB
:2085A000FFFFFFFFFFFFFFFFFFFFFFFFFFFFFFFFFFFFFFFFFFFFFFFFFFFFFFFFFFFFFFFFDB
:2085C000FFFFFFFFFFFFFFFFFFFFFFFFFFFFFFFFFFFFFFFFFFFFFFFFFFFFFFFFFFFFFFFFBB
:2085E000FFFFFFFFFFFFFFFFFFFFFFFFFFFFFFFFFFFFFFFFFFFFFFFFFFFFFFFFFFFFFFFF9B
:20860000FFFFFFFFFFFFFFFFFFFFFFFFFFFFFFFFFFFFFFFFFFFFFFFFFFFFFFFFFFFFFFFF7A
:20862000FFFFFFFFFFFFFFFFFFFFFFFFFFFFFFFFFFFFFFFFFFFFFFFFFFFFFFFFFFFFFFFF5A
:20864000FFFFFFFFFFFFFFFFFFFFFFFFFFFFFFFFFFFFFFFFFFFFFFFFFFFFFFFFFFFFFFFF3A
:20866000FFFFFFFFFFFFFFFFFFFFFFFFFFFFFFFFFFFFFFFFFFFFFFFFFFFFFFFFFFFFFFFF1A
:20868000FFFFFFFFFFFFFFFFFFFFFFFFFFFFFFFFFFFFFFFFFFFFFFFFFFFFFFFFFFFFFFFFFA
:2086A000FFFFFFFFFFFFFFFFFFFFFFFFFFFFFFFFFFFFFFFFFFFFFFFFFFFFFFFFFFFFFFFFDA
:2086C000FFFFFFFFFFFFFFFFFFFFFFFFFFFFFFFFFFFFFFFFFFFFFFFFFFFFFFFFFFFFFFFFBA
:2086E000FFFFFFFFFFFFFFFFFFFFFFFFFFFFFFFFFFFFFFFFFFFFFFFFFFFFFFFFFFFFFFFF9A
:20870000FFFFFFFFFFFFFFFFFFFFFFFFFFFFFFFFFFFFFFFFFFFFFFFFFFFFFFFFFFFFFFFF79
:20872000FFFFFFFFFFFFFFFFFFFFFFFFFFFFFFFFFFFFFFFFFFFFFFFFFFFFFFFFFFFFFFFF59
:20874000FFFFFFFFFFFFFFFFFFFFFFFFFFFFFFFFFFFFFFFFFFFFFFFFFFFFFFFFFFFFFFFF39
:20876000FFFFFFFFFFFFFFFFFFFFFFFFFFFFFFFFFFFFFFFFFFFFFFFFFFFFFFFFFFFFFFFF19
:20878000FFFFFFFFFFFFFFFFFFFFFFFFFFFFFFFFFFFFFFFFFFFFFFFFFFFFFFFFFFFFFFFFF9
:2087A000FFFFFFFFFFFFFFFFFFFFFFFFFFFFFFFFFFFFFFFFFFFFFFFFFFFFFFFFFFFFFFFFD9
:2087C000FFFFFFFFFFFFFFFFFFFFFFFFFFFFFFFFFFFFFFFFFFFFFFFFFFFFFFFFFFFFFFFFB9
:2087E000FFFFFFFFFFFFFFFFFFFFFFFFFFFFFFFFFFFFFFFFFFFFFFFFFFFFFFFFFFFFFFFF99
:20880000FFFFFFFFFFFFFFFFFFFFFFFFFFFFFFFFFFFFFFFFFFFFFFFFFFFFFFFFFFFFFFFF78
:20882000FFFFFFFFFFFFFFFFFFFFFFFFFFFFFFFFFFFFFFFFFFFFFFFFFFFFFFFFFFFFFFFF58
:20884000FFFFFFFFFFFFFFFFFFFFFFFFFFFFFFFFFFFFFFFFFFFFFFFFFFFFFFFFFFFFFFFF38
:20886000FFFFFFFFFFFFFFFFFFFFFFFFFFFFFFFFFFFFFFFFFFFFFFFFFFFFFFFFFFFFFFFF18
:20888000FFFFFFFFFFFFFFFFFFFFFFFFFFFFFFFFFFFFFFFFFFFFFFFFFFFFFFFFFFFFFFFFF8
:2088A000FFFFFFFFFFFFFFFFFFFFFFFFFFFFFFFFFFFFFFFFFFFFFFFFFFFFFFFFFFFFFFFFD8
:2088C000FFFFFFFFFFFFFFFFFFFFFFFFFFFFFFFFFFFFFFFFFFFFFFFFFFFFFFFFFFFFFFFFB8
:2088E000FFFFFFFFFFFFFFFFFFFFFFFFFFFFFFFFFFFFFFFFFFFFFFFFFFFFFFFFFFFFFFFF98
:20890000FFFFFFFFFFFFFFFFFFFFFFFFFFFFFFFFFFFFFFFFFFFFFFFFFFFFFFFFFFFFFFFF77
:20892000FFFFFFFFFFFFFFFFFFFFFFFFFFFFFFFFFFFFFFFFFFFFFFFFFFFFFFFFFFFFFFFF57
:20894000FFFFFFFFFFFFFFFFFFFFFFFFFFFFFFFFFFFFFFFFFFFFFFFFFFFFFFFFFFFFFFFF37
:20896000FFFFFFFFFFFFFFFFFFFFFFFFFFFFFFFFFFFFFFFFFFFFFFFFFFFFFFFFFFFFFFFF17
:20898000FFFFFFFFFFFFFFFFFFFFFFFFFFFFFFFFFFFFFFFFFFFFFFFFFFFFFFFFFFFFFFFFF7
:2089A000FFFFFFFFFFFFFFFFFFFFFFFFFFFFFFFFFFFFFFFFFFFFFFFFFFFFFFFFFFFFFFFFD7
:2089C000FFFFFFFFFFFFFFFFFFFFFFFFFFFFFFFFFFFFFFFFFFFFFFFFFFFFFFFFFFFFFFFFB7
:2089E000FFFFFFFFFFFFFFFFFFFFFFFFFFFFFFFFFFFFFFFFFFFFFFFFFFFFFFFFFFFFFFFF97
:208A0000FFFFFFFFFFFFFFFFFFFFFFFFFFFFFFFFFFFFFFFFFFFFFFFFFFFFFFFFFFFFFFFF76
:208A2000FFFFFFFFFFFFFFFFFFFFFFFFFFFFFFFFFFFFFFFFFFFFFFFFFFFFFFFFFFFFFFFF56
:208A4000FFFFFFFFFFFFFFFFFFFFFFFFFFFFFFFFFFFFFFFFFFFFFFFFFFFFFFFFFFFFFFFF36
:208A6000FFFFFFFFFFFFFFFFFFFFFFFFFFFFFFFFFFFFFFFFFFFFFFFFFFFFFFFFFFFFFFFF16
:208A8000FFFFFFFFFFFFFFFFFFFFFFFFFFFFFFFFFFFFFFFFFFFFFFFFFFFFFFFFFFFFFFFFF6
:208AA000FFFFFFFFFFFFFFFFFFFFFFFFFFFFFFFFFFFFFFFFFFFFFFFFFFFFFFFFFFFFFFFFD6
:208AC000FFFFFFFFFFFFFFFFFFFFFFFFFFFFFFFFFFFFFFFFFFFFFFFFFFFFFFFFFFFFFFFFB6
:208AE000FFFFFFFFFFFFFFFFFFFFFFFFFFFFFFFFFFFFFFFFFFFFFFFFFFFFFFFFFFFFFFFF96
:208B0000FFFFFFFFFFFFFFFFFFFFFFFFFFFFFFFFFFFFFFFFFFFFFFFFFFFFFFFFFFFFFFFF75
:208B2000FFFFFFFFFFFFFFFFFFFFFFFFFFFFFFFFFFFFFFFFFFFFFFFFFFFFFFFFFFFFFFFF55
:208B4000FFFFFFFFFFFFFFFFFFFFFFFFFFFFFFFFFFFFFFFFFFFFFFFFFFFFFFFFFFFFFFFF35
:208B6000FFFFFFFFFFFFFFFFFFFFFFFFFFFFFFFFFFFFFFFFFFFFFFFFFFFFFFFFFFFFFFFF15
:208B8000FFFFFFFFFFFFFFFFFFFFFFFFFFFFFFFFFFFFFFFFFFFFFFFFFFFFFFFFFFFFFFFFF5
:208BA000FFFFFFFFFFFFFFFFFFFFFFFFFFFFFFFFFFFFFFFFFFFFFFFFFFFFFFFFFFFFFFFFD5
:208BC000FFFFFFFFFFFFFFFFFFFFFFFFFFFFFFFFFFFFFFFFFFFFFFFFFFFFFFFFFFFFFFFFB5
:208BE000FFFFFFFFFFFFFFFFFFFFFFFFFFFFFFFFFFFFFFFFFFFFFFFFFFFFFFFFFFFFFFFF95
:208C0000FFFFFFFFFFFFFFFFFFFFFFFFFFFFFFFFFFFFFFFFFFFFFFFFFFFFFFFFFFFFFFFF74
:208C2000FFFFFFFFFFFFFFFFFFFFFFFFFFFFFFFFFFFFFFFFFFFFFFFFFFFFFFFFFFFFFFFF54
:208C4000FFFFFFFFFFFFFFFFFFFFFFFFFFFFFFFFFFFFFFFFFFFFFFFFFFFFFFFFFFFFFFFF34
:208C6000FFFFFFFFFFFFFFFFFFFFFFFFFFFFFFFFFFFFFFFFFFFFFFFFFFFFFFFFFFFFFFFF14
:208C8000FFFFFFFFFFFFFFFFFFFFFFFFFFFFFFFFFFFFFFFFFFFFFFFFFFFFFFFFFFFFFFFFF4
:208CA000FFFFFFFFFFFFFFFFFFFFFFFFFFFFFFFFFFFFFFFFFFFFFFFFFFFFFFFFFFFFFFFFD4
:208CC000FFFFFFFFFFFFFFFFFFFFFFFFFFFFFFFFFFFFFFFFFFFFFFFFFFFFFFFFFFFFFFFFB4
:208CE000FFFFFFFFFFFFFFFFFFFFFFFFFFFFFFFFFFFFFFFFFFFFFFFFFFFFFFFFFFFFFFFF94
:208D0000FFFFFFFFFFFFFFFFFFFFFFFFFFFFFFFFFFFFFFFFFFFFFFFFFFFFFFFFFFFFFFFF73
:208D2000FFFFFFFFFFFFFFFFFFFFFFFFFFFFFFFFFFFFFFFFFFFFFFFFFFFFFFFFFFFFFFFF53
:208D4000FFFFFFFFFFFFFFFFFFFFFFFFFFFFFFFFFFFFFFFFFFFFFFFFFFFFFFFFFFFFFFFF33
:208D6000FFFFFFFFFFFFFFFFFFFFFFFFFFFFFFFFFFFFFFFFFFFFFFFFFFFFFFFFFFFFFFFF13
:208D8000FFFFFFFFFFFFFFFFFFFFFFFFFFFFFFFFFFFFFFFFFFFFFFFFFFFFFFFFFFFFFFFFF3
:208DA000FFFFFFFFFFFFFFFFFFFFFFFFFFFFFFFFFFFFFFFFFFFFFFFFFFFFFFFFFFFFFFFFD3
:208DC000FFFFFFFFFFFFFFFFFFFFFFFFFFFFFFFFFFFFFFFFFFFFFFFFFFFFFFFFFFFFFFFFB3
:208DE000FFFFFFFFFFFFFFFFFFFFFFFFFFFFFFFFFFFFFFFFFFFFFFFFFFFFFFFFFFFFFFFF93
:208E0000FFFFFFFFFFFFFFFFFFFFFFFFFFFFFFFFFFFFFFFFFFFFFFFFFFFFFFFFFFFFFFFF72
:208E2000FFFFFFFFFFFFFFFFFFFFFFFFFFFFFFFFFFFFFFFFFFFFFFFFFFFFFFFFFFFFFFFF52
:208E4000FFFFFFFFFFFFFFFFFFFFFFFFFFFFFFFFFFFFFFFFFFFFFFFFFFFFFFFFFFFFFFFF32
:208E6000FFFFFFFFFFFFFFFFFFFFFFFFFFFFFFFFFFFFFFFFFFFFFFFFFFFFFFFFFFFFFFFF12
:208E8000FFFFFFFFFFFFFFFFFFFFFFFFFFFFFFFFFFFFFFFFFFFFFFFFFFFFFFFFFFFFFFFFF2
:208EA000FFFFFFFFFFFFFFFFFFFFFFFFFFFFFFFFFFFFFFFFFFFFFFFFFFFFFFFFFFFFFFFFD2
:208EC000FFFFFFFFFFFFFFFFFFFFFFFFFFFFFFFFFFFFFFFFFFFFFFFFFFFFFFFFFFFFFFFFB2
:208EE000FFFFFFFFFFFFFFFFFFFFFFFFFFFFFFFFFFFFFFFFFFFFFFFFFFFFFFFFFFFFFFFF92
:208F0000FFFFFFFFFFFFFFFFFFFFFFFFFFFFFFFFFFFFFFFFFFFFFFFFFFFFFFFFFFFFFFFF71
:208F2000FFFFFFFFFFFFFFFFFFFFFFFFFFFFFFFFFFFFFFFFFFFFFFFFFFFFFFFFFFFFFFFF51
:208F4000FFFFFFFFFFFFFFFFFFFFFFFFFFFFFFFFFFFFFFFFFFFFFFFFFFFFFFFFFFFFFFFF31
:208F6000FFFFFFFFFFFFFFFFFFFFFFFFFFFFFFFFFFFFFFFFFFFFFFFFFFFFFFFFFFFFFFFF11
:208F8000FFFFFFFFFFFFFFFFFFFFFFFFFFFFFFFFFFFFFFFFFFFFFFFFFFFFFFFFFFFFFFFFF1
:208FA000FFFFFFFFFFFFFFFFFFFFFFFFFFFFFFFFFFFFFFFFFFFFFFFFFFFFFFFFFFFFFFFFD1
:208FC000FFFFFFFFFFFFFFFFFFFFFFFFFFFFFFFFFFFFFFFFFFFFFFFFFFFFFFFFFFFFFFFFB1
:208FE000FFFFFFFFFFFFFFFFFFFFFFFFFFFFFFFFFFFFFFFFFFFFFFFFFFFFFFFFFFFFFFFF91
:20900000FFFFFFFFFFFFFFFFFFFFFFFFFFFFFFFFFFFFFFFFFFFFFFFFFFFFFFFFFFFFFFFF70
:20902000FFFFFFFFFFFFFFFFFFFFFFFFFFFFFFFFFFFFFFFFFFFFFFFFFFFFFFFFFFFFFFFF50
:20904000FFFFFFFFFFFFFFFFFFFFFFFFFFFFFFFFFFFFFFFFFFFFFFFFFFFFFFFFFFFFFFFF30
:20906000FFFFFFFFFFFFFFFFFFFFFFFFFFFFFFFFFFFFFFFFFFFFFFFFFFFFFFFFFFFFFFFF10
:20908000FFFFFFFFFFFFFFFFFFFFFFFFFFFFFFFFFFFFFFFFFFFFFFFFFFFFFFFFFFFFFFFFF0
:2090A000FFFFFFFFFFFFFFFFFFFFFFFFFFFFFFFFFFFFFFFFFFFFFFFFFFFFFFFFFFFFFFFFD0
:2090C000FFFFFFFFFFFFFFFFFFFFFFFFFFFFFFFFFFFFFFFFFFFFFFFFFFFFFFFFFFFFFFFFB0
:2090E000FFFFFFFFFFFFFFFFFFFFFFFFFFFFFFFFFFFFFFFFFFFFFFFFFFFFFFFFFFFFFFFF90
:20910000FFFFFFFFFFFFFFFFFFFFFFFFFFFFFFFFFFFFFFFFFFFFFFFFFFFFFFFFFFFFFFFF6F
:20912000FFFFFFFFFFFFFFFFFFFFFFFFFFFFFFFFFFFFFFFFFFFFFFFFFFFFFFFFFFFFFFFF4F
:20914000FFFFFFFFFFFFFFFFFFFFFFFFFFFFFFFFFFFFFFFFFFFFFFFFFFFFFFFFFFFFFFFF2F
:20916000FFFFFFFFFFFFFFFFFFFFFFFFFFFFFFFFFFFFFFFFFFFFFFFFFFFFFFFFFFFFFFFF0F
:20918000FFFFFFFFFFFFFFFFFFFFFFFFFFFFFFFFFFFFFFFFFFFFFFFFFFFFFFFFFFFFFFFFEF
:2091A000FFFFFFFFFFFFFFFFFFFFFFFFFFFFFFFFFFFFFFFFFFFFFFFFFFFFFFFFFFFFFFFFCF
:2091C000FFFFFFFFFFFFFFFFFFFFFFFFFFFFFFFFFFFFFFFFFFFFFFFFFFFFFFFFFFFFFFFFAF
:2091E000FFFFFFFFFFFFFFFFFFFFFFFFFFFFFFFFFFFFFFFFFFFFFFFFFFFFFFFFFFFFFFFF8F
:20920000FFFFFFFFFFFFFFFFFFFFFFFFFFFFFFFFFFFFFFFFFFFFFFFFFFFFFFFFFFFFFFFF6E
:20922000FFFFFFFFFFFFFFFFFFFFFFFFFFFFFFFFFFFFFFFFFFFFFFFFFFFFFFFFFFFFFFFF4E
:20924000FFFFFFFFFFFFFFFFFFFFFFFFFFFFFFFFFFFFFFFFFFFFFFFFFFFFFFFFFFFFFFFF2E
:20926000FFFFFFFFFFFFFFFFFFFFFFFFFFFFFFFFFFFFFFFFFFFFFFFFFFFFFFFFFFFFFFFF0E
:20928000FFFFFFFFFFFFFFFFFFFFFFFFFFFFFFFFFFFFFFFFFFFFFFFFFFFFFFFFFFFFFFFFEE
:2092A000FFFFFFFFFFFFFFFFFFFFFFFFFFFFFFFFFFFFFFFFFFFFFFFFFFFFFFFFFFFFFFFFCE
:2092C000FFFFFFFFFFFFFFFFFFFFFFFFFFFFFFFFFFFFFFFFFFFFFFFFFFFFFFFFFFFFFFFFAE
:2092E000FFFFFFFFFFFFFFFFFFFFFFFFFFFFFFFFFFFFFFFFFFFFFFFFFFFFFFFFFFFFFFFF8E
:20930000FFFFFFFFFFFFFFFFFFFFFFFFFFFFFFFFFFFFFFFFFFFFFFFFFFFFFFFFFFFFFFFF6D
:20932000FFFFFFFFFFFFFFFFFFFFFFFFFFFFFFFFFFFFFFFFFFFFFFFFFFFFFFFFFFFFFFFF4D
:20934000FFFFFFFFFFFFFFFFFFFFFFFFFFFFFFFFFFFFFFFFFFFFFFFFFFFFFFFFFFFFFFFF2D
:20936000FFFFFFFFFFFFFFFFFFFFFFFFFFFFFFFFFFFFFFFFFFFFFFFFFFFFFFFFFFFFFFFF0D
:20938000FFFFFFFFFFFFFFFFFFFFFFFFFFFFFFFFFFFFFFFFFFFFFFFFFFFFFFFFFFFFFFFFED
:2093A000FFFFFFFFFFFFFFFFFFFFFFFFFFFFFFFFFFFFFFFFFFFFFFFFFFFFFFFFFFFFFFFFCD
:2093C000FFFFFFFFFFFFFFFFFFFFFFFFFFFFFFFFFFFFFFFFFFFFFFFFFFFFFFFFFFFFFFFFAD
:2093E000FFFFFFFFFFFFFFFFFFFFFFFFFFFFFFFFFFFFFFFFFFFFFFFFFFFFFFFFFFFFFFFF8D
:20940000FFFFFFFFFFFFFFFFFFFFFFFFFFFFFFFFFFFFFFFFFFFFFFFFFFFFFFFFFFFFFFFF6C
:20942000FFFFFFFFFFFFFFFFFFFFFFFFFFFFFFFFFFFFFFFFFFFFFFFFFFFFFFFFFFFFFFFF4C
:20944000FFFFFFFFFFFFFFFFFFFFFFFFFFFFFFFFFFFFFFFFFFFFFFFFFFFFFFFFFFFFFFFF2C
:20946000FFFFFFFFFFFFFFFFFFFFFFFFFFFFFFFFFFFFFFFFFFFFFFFFFFFFFFFFFFFFFFFF0C
:20948000FFFFFFFFFFFFFFFFFFFFFFFFFFFFFFFFFFFFFFFFFFFFFFFFFFFFFFFFFFFFFFFFEC
:2094A000FFFFFFFFFFFFFFFFFFFFFFFFFFFFFFFFFFFFFFFFFFFFFFFFFFFFFFFFFFFFFFFFCC
:2094C000FFFFFFFFFFFFFFFFFFFFFFFFFFFFFFFFFFFFFFFFFFFFFFFFFFFFFFFFFFFFFFFFAC
:2094E000FFFFFFFFFFFFFFFFFFFFFFFFFFFFFFFFFFFFFFFFFFFFFFFFFFFFFFFFFFFFFFFF8C
:20950000FFFFFFFFFFFFFFFFFFFFFFFFFFFFFFFFFFFFFFFFFFFFFFFFFFFFFFFFFFFFFFFF6B
:20952000FFFFFFFFFFFFFFFFFFFFFFFFFFFFFFFFFFFFFFFFFFFFFFFFFFFFFFFFFFFFFFFF4B
:20954000FFFFFFFFFFFFFFFFFFFFFFFFFFFFFFFFFFFFFFFFFFFFFFFFFFFFFFFFFFFFFFFF2B
:20956000FFFFFFFFFFFFFFFFFFFFFFFFFFFFFFFFFFFFFFFFFFFFFFFFFFFFFFFFFFFFFFFF0B
:20958000FFFFFFFFFFFFFFFFFFFFFFFFFFFFFFFFFFFFFFFFFFFFFFFFFFFFFFFFFFFFFFFFEB
:2095A000FFFFFFFFFFFFFFFFFFFFFFFFFFFFFFFFFFFFFFFFFFFFFFFFFFFFFFFFFFFFFFFFCB
:2095C000FFFFFFFFFFFFFFFFFFFFFFFFFFFFFFFFFFFFFFFFFFFFFFFFFFFFFFFFFFFFFFFFAB
:2095E000FFFFFFFFFFFFFFFFFFFFFFFFFFFFFFFFFFFFFFFFFFFFFFFFFFFFFFFFFFFFFFFF8B
:20960000FFFFFFFFFFFFFFFFFFFFFFFFFFFFFFFFFFFFFFFFFFFFFFFFFFFFFFFFFFFFFFFF6A
:20962000FFFFFFFFFFFFFFFFFFFFFFFFFFFFFFFFFFFFFFFFFFFFFFFFFFFFFFFFFFFFFFFF4A
:20964000FFFFFFFFFFFFFFFFFFFFFFFFFFFFFFFFFFFFFFFFFFFFFFFFFFFFFFFFFFFFFFFF2A
:20966000FFFFFFFFFFFFFFFFFFFFFFFFFFFFFFFFFFFFFFFFFFFFFFFFFFFFFFFFFFFFFFFF0A
:20968000FFFFFFFFFFFFFFFFFFFFFFFFFFFFFFFFFFFFFFFFFFFFFFFFFFFFFFFFFFFFFFFFEA
:2096A000FFFFFFFFFFFFFFFFFFFFFFFFFFFFFFFFFFFFFFFFFFFFFFFFFFFFFFFFFFFFFFFFCA
:2096C000FFFFFFFFFFFFFFFFFFFFFFFFFFFFFFFFFFFFFFFFFFFFFFFFFFFFFFFFFFFFFFFFAA
:2096E000FFFFFFFFFFFFFFFFFFFFFFFFFFFFFFFFFFFFFFFFFFFFFFFFFFFFFFFFFFFFFFFF8A
:20970000FFFFFFFFFFFFFFFFFFFFFFFFFFFFFFFFFFFFFFFFFFFFFFFFFFFFFFFFFFFFFFFF69
:20972000FFFFFFFFFFFFFFFFFFFFFFFFFFFFFFFFFFFFFFFFFFFFFFFFFFFFFFFFFFFFFFFF49
:20974000FFFFFFFFFFFFFFFFFFFFFFFFFFFFFFFFFFFFFFFFFFFFFFFFFFFFFFFFFFFFFFFF29
:20976000FFFFFFFFFFFFFFFFFFFFFFFFFFFFFFFFFFFFFFFFFFFFFFFFFFFFFFFFFFFFFFFF09
:20978000FFFFFFFFFFFFFFFFFFFFFFFFFFFFFFFFFFFFFFFFFFFFFFFFFFFFFFFFFFFFFFFFE9
:2097A000FFFFFFFFFFFFFFFFFFFFFFFFFFFFFFFFFFFFFFFFFFFFFFFFFFFFFFFFFFFFFFFFC9
:2097C000FFFFFFFFFFFFFFFFFFFFFFFFFFFFFFFFFFFFFFFFFFFFFFFFFFFFFFFFFFFFFFFFA9
:2097E000FFFFFFFFFFFFFFFFFFFFFFFFFFFFFFFFFFFFFFFFFFFFFFFFFFFFFFFFFFFFFFFF89
:20980000FFFFFFFFFFFFFFFFFFFFFFFFFFFFFFFFFFFFFFFFFFFFFFFFFFFFFFFFFFFFFFFF68
:20982000FFFFFFFFFFFFFFFFFFFFFFFFFFFFFFFFFFFFFFFFFFFFFFFFFFFFFFFFFFFFFFFF48
:20984000FFFFFFFFFFFFFFFFFFFFFFFFFFFFFFFFFFFFFFFFFFFFFFFFFFFFFFFFFFFFFFFF28
:20986000FFFFFFFFFFFFFFFFFFFFFFFFFFFFFFFFFFFFFFFFFFFFFFFFFFFFFFFFFFFFFFFF08
:20988000FFFFFFFFFFFFFFFFFFFFFFFFFFFFFFFFFFFFFFFFFFFFFFFFFFFFFFFFFFFFFFFFE8
:2098A000FFFFFFFFFFFFFFFFFFFFFFFFFFFFFFFFFFFFFFFFFFFFFFFFFFFFFFFFFFFFFFFFC8
:2098C000FFFFFFFFFFFFFFFFFFFFFFFFFFFFFFFFFFFFFFFFFFFFFFFFFFFFFFFFFFFFFFFFA8
:2098E000FFFFFFFFFFFFFFFFFFFFFFFFFFFFFFFFFFFFFFFFFFFFFFFFFFFFFFFFFFFFFFFF88
:20990000FFFFFFFFFFFFFFFFFFFFFFFFFFFFFFFFFFFFFFFFFFFFFFFFFFFFFFFFFFFFFFFF67
:20992000FFFFFFFFFFFFFFFFFFFFFFFFFFFFFFFFFFFFFFFFFFFFFFFFFFFFFFFFFFFFFFFF47
:20994000FFFFFFFFFFFFFFFFFFFFFFFFFFFFFFFFFFFFFFFFFFFFFFFFFFFFFFFFFFFFFFFF27
:20996000FFFFFFFFFFFFFFFFFFFFFFFFFFFFFFFFFFFFFFFFFFFFFFFFFFFFFFFFFFFFFFFF07
:20998000FFFFFFFFFFFFFFFFFFFFFFFFFFFFFFFFFFFFFFFFFFFFFFFFFFFFFFFFFFFFFFFFE7
:2099A000FFFFFFFFFFFFFFFFFFFFFFFFFFFFFFFFFFFFFFFFFFFFFFFFFFFFFFFFFFFFFFFFC7
:2099C000FFFFFFFFFFFFFFFFFFFFFFFFFFFFFFFFFFFFFFFFFFFFFFFFFFFFFFFFFFFFFFFFA7
:2099E000FFFFFFFFFFFFFFFFFFFFFFFFFFFFFFFFFFFFFFFFFFFFFFFFFFFFFFFFFFFFFFFF87
:209A0000FFFFFFFFFFFFFFFFFFFFFFFFFFFFFFFFFFFFFFFFFFFFFFFFFFFFFFFFFFFFFFFF66
:209A2000FFFFFFFFFFFFFFFFFFFFFFFFFFFFFFFFFFFFFFFFFFFFFFFFFFFFFFFFFFFFFFFF46
:209A4000FFFFFFFFFFFFFFFFFFFFFFFFFFFFFFFFFFFFFFFFFFFFFFFFFFFFFFFFFFFFFFFF26
:209A6000FFFFFFFFFFFFFFFFFFFFFFFFFFFFFFFFFFFFFFFFFFFFFFFFFFFFFFFFFFFFFFFF06
:209A8000FFFFFFFFFFFFFFFFFFFFFFFFFFFFFFFFFFFFFFFFFFFFFFFFFFFFFFFFFFFFFFFFE6
:209AA000FFFFFFFFFFFFFFFFFFFFFFFFFFFFFFFFFFFFFFFFFFFFFFFFFFFFFFFFFFFFFFFFC6
:209AC000FFFFFFFFFFFFFFFFFFFFFFFFFFFFFFFFFFFFFFFFFFFFFFFFFFFFFFFFFFFFFFFFA6
:209AE000FFFFFFFFFFFFFFFFFFFFFFFFFFFFFFFFFFFFFFFFFFFFFFFFFFFFFFFFFFFFFFFF86
:209B0000FFFFFFFFFFFFFFFFFFFFFFFFFFFFFFFFFFFFFFFFFFFFFFFFFFFFFFFFFFFFFFFF65
:209B2000FFFFFFFFFFFFFFFFFFFFFFFFFFFFFFFFFFFFFFFFFFFFFFFFFFFFFFFFFFFFFFFF45
:209B4000FFFFFFFFFFFFFFFFFFFFFFFFFFFFFFFFFFFFFFFFFFFFFFFFFFFFFFFFFFFFFFFF25
:209B6000FFFFFFFFFFFFFFFFFFFFFFFFFFFFFFFFFFFFFFFFFFFFFFFFFFFFFFFFFFFFFFFF05
:209B8000FFFFFFFFFFFFFFFFFFFFFFFFFFFFFFFFFFFFFFFFFFFFFFFFFFFFFFFFFFFFFFFFE5
:209BA000FFFFFFFFFFFFFFFFFFFFFFFFFFFFFFFFFFFFFFFFFFFFFFFFFFFFFFFFFFFFFFFFC5
:209BC000FFFFFFFFFFFFFFFFFFFFFFFFFFFFFFFFFFFFFFFFFFFFFFFFFFFFFFFFFFFFFFFFA5
:209BE000FFFFFFFFFFFFFFFFFFFFFFFFFFFFFFFFFFFFFFFFFFFFFFFFFFFFFFFFFFFFFFFF85
:209C0000FFFFFFFFFFFFFFFFFFFFFFFFFFFFFFFFFFFFFFFFFFFFFFFFFFFFFFFFFFFFFFFF64
:209C2000FFFFFFFFFFFFFFFFFFFFFFFFFFFFFFFFFFFFFFFFFFFFFFFFFFFFFFFFFFFFFFFF44
:209C4000FFFFFFFFFFFFFFFFFFFFFFFFFFFFFFFFFFFFFFFFFFFFFFFFFFFFFFFFFFFFFFFF24
:209C6000FFFFFFFFFFFFFFFFFFFFFFFFFFFFFFFFFFFFFFFFFFFFFFFFFFFFFFFFFFFFFFFF04
:209C8000FFFFFFFFFFFFFFFFFFFFFFFFFFFFFFFFFFFFFFFFFFFFFFFFFFFFFFFFFFFFFFFFE4
:209CA000FFFFFFFFFFFFFFFFFFFFFFFFFFFFFFFFFFFFFFFFFFFFFFFFFFFFFFFFFFFFFFFFC4
:209CC000FFFFFFFFFFFFFFFFFFFFFFFFFFFFFFFFFFFFFFFFFFFFFFFFFFFFFFFFFFFFFFFFA4
:209CE000FFFFFFFFFFFFFFFFFFFFFFFFFFFFFFFFFFFFFFFFFFFFFFFFFFFFFFFFFFFFFFFF84
:209D0000FFFFFFFFFFFFFFFFFFFFFFFFFFFFFFFFFFFFFFFFFFFFFFFFFFFFFFFFFFFFFFFF63
:209D2000FFFFFFFFFFFFFFFFFFFFFFFFFFFFFFFFFFFFFFFFFFFFFFFFFFFFFFFFFFFFFFFF43
:209D4000FFFFFFFFFFFFFFFFFFFFFFFFFFFFFFFFFFFFFFFFFFFFFFFFFFFFFFFFFFFFFFFF23
:209D6000FFFFFFFFFFFFFFFFFFFFFFFFFFFFFFFFFFFFFFFFFFFFFFFFFFFFFFFFFFFFFFFF03
:209D8000FFFFFFFFFFFFFFFFFFFFFFFFFFFFFFFFFFFFFFFFFFFFFFFFFFFFFFFFFFFFFFFFE3
:209DA000FFFFFFFFFFFFFFFFFFFFFFFFFFFFFFFFFFFFFFFFFFFFFFFFFFFFFFFFFFFFFFFFC3
:209DC000FFFFFFFFFFFFFFFFFFFFFFFFFFFFFFFFFFFFFFFFFFFFFFFFFFFFFFFFFFFFFFFFA3
:209DE000FFFFFFFFFFFFFFFFFFFFFFFFFFFFFFFFFFFFFFFFFFFFFFFFFFFFFFFFFFFFFFFF83
:209E0000FFFFFFFFFFFFFFFFFFFFFFFFFFFFFFFFFFFFFFFFFFFFFFFFFFFFFFFFFFFFFFFF62
:209E2000FFFFFFFFFFFFFFFFFFFFFFFFFFFFFFFFFFFFFFFFFFFFFFFFFFFFFFFFFFFFFFFF42
:209E4000FFFFFFFFFFFFFFFFFFFFFFFFFFFFFFFFFFFFFFFFFFFFFFFFFFFFFFFFFFFFFFFF22
:209E6000FFFFFFFFFFFFFFFFFFFFFFFFFFFFFFFFFFFFFFFFFFFFFFFFFFFFFFFFFFFFFFFF02
:209E8000FFFFFFFFFFFFFFFFFFFFFFFFFFFFFFFFFFFFFFFFFFFFFFFFFFFFFFFFFFFFFFFFE2
:209EA000FFFFFFFFFFFFFFFFFFFFFFFFFFFFFFFFFFFFFFFFFFFFFFFFFFFFFFFFFFFFFFFFC2
:209EC000FFFFFFFFFFFFFFFFFFFFFFFFFFFFFFFFFFFFFFFFFFFFFFFFFFFFFFFFFFFFFFFFA2
:209EE000FFFFFFFFFFFFFFFFFFFFFFFFFFFFFFFFFFFFFFFFFFFFFFFFFFFFFFFFFFFFFFFF82
:209F0000FFFFFFFFFFFFFFFFFFFFFFFFFFFFFFFFFFFFFFFFFFFFFFFFFFFFFFFFFFFFFFFF61
:209F2000FFFFFFFFFFFFFFFFFFFFFFFFFFFFFFFFFFFFFFFFFFFFFFFFFFFFFFFFFFFFFFFF41
:209F4000FFFFFFFFFFFFFFFFFFFFFFFFFFFFFFFFFFFFFFFFFFFFFFFFFFFFFFFFFFFFFFFF21
:209F6000FFFFFFFFFFFFFFFFFFFFFFFFFFFFFFFFFFFFFFFFFFFFFFFFFFFFFFFFFFFFFFFF01
:209F8000FFFFFFFFFFFFFFFFFFFFFFFFFFFFFFFFFFFFFFFFFFFFFFFFFFFFFFFFFFFFFFFFE1
:209FA000FFFFFFFFFFFFFFFFFFFFFFFFFFFFFFFFFFFFFFFFFFFFFFFFFFFFFFFFFFFFFFFFC1
:209FC000FFFFFFFFFFFFFFFFFFFFFFFFFFFFFFFFFFFFFFFFFFFFFFFFFFFFFFFFFFFFFFFFA1
:209FE000FFFFFFFFFFFFFFFFFFFFFFFFFFFFFFFFFFFFFFFFFFFFFFFFFFFFFFFFFFFFFFFF81
:20A00000FFFFFFFFFFFFFFFFFFFFFFFFFFFFFFFFFFFFFFFFFFFFFFFFFFFFFFFFFFFFFFFF60
:20A02000FFFFFFFFFFFFFFFFFFFFFFFFFFFFFFFFFFFFFFFFFFFFFFFFFFFFFFFFFFFFFFFF40
:20A04000FFFFFFFFFFFFFFFFFFFFFFFFFFFFFFFFFFFFFFFFFFFFFFFFFFFFFFFFFFFFFFFF20
:20A06000FFFFFFFFFFFFFFFFFFFFFFFFFFFFFFFFFFFFFFFFFFFFFFFFFFFFFFFFFFFFFFFF00
:20A08000FFFFFFFFFFFFFFFFFFFFFFFFFFFFFFFFFFFFFFFFFFFFFFFFFFFFFFFFFFFFFFFFE0
:20A0A000FFFFFFFFFFFFFFFFFFFFFFFFFFFFFFFFFFFFFFFFFFFFFFFFFFFFFFFFFFFFFFFFC0
:20A0C000FFFFFFFFFFFFFFFFFFFFFFFFFFFFFFFFFFFFFFFFFFFFFFFFFFFFFFFFFFFFFFFFA0
:20A0E000FFFFFFFFFFFFFFFFFFFFFFFFFFFFFFFFFFFFFFFFFFFFFFFFFFFFFFFFFFFFFFFF80
:20A10000FFFFFFFFFFFFFFFFFFFFFFFFFFFFFFFFFFFFFFFFFFFFFFFFFFFFFFFFFFFFFFFF5F
:20A12000FFFFFFFFFFFFFFFFFFFFFFFFFFFFFFFFFFFFFFFFFFFFFFFFFFFFFFFFFFFFFFFF3F
:20A14000FFFFFFFFFFFFFFFFFFFFFFFFFFFFFFFFFFFFFFFFFFFFFFFFFFFFFFFFFFFFFFFF1F
:20A16000FFFFFFFFFFFFFFFFFFFFFFFFFFFFFFFFFFFFFFFFFFFFFFFFFFFFFFFFFFFFFFFFFF
:20A18000FFFFFFFFFFFFFFFFFFFFFFFFFFFFFFFFFFFFFFFFFFFFFFFFFFFFFFFFFFFFFFFFDF
:20A1A000FFFFFFFFFFFFFFFFFFFFFFFFFFFFFFFFFFFFFFFFFFFFFFFFFFFFFFFFFFFFFFFFBF
:20A1C000FFFFFFFFFFFFFFFFFFFFFFFFFFFFFFFFFFFFFFFFFFFFFFFFFFFFFFFFFFFFFFFF9F
:20A1E000FFFFFFFFFFFFFFFFFFFFFFFFFFFFFFFFFFFFFFFFFFFFFFFFFFFFFFFFFFFFFFFF7F
:20A20000FFFFFFFFFFFFFFFFFFFFFFFFFFFFFFFFFFFFFFFFFFFFFFFFFFFFFFFFFFFFFFFF5E
:20A22000FFFFFFFFFFFFFFFFFFFFFFFFFFFFFFFFFFFFFFFFFFFFFFFFFFFFFFFFFFFFFFFF3E
:20A24000FFFFFFFFFFFFFFFFFFFFFFFFFFFFFFFFFFFFFFFFFFFFFFFFFFFFFFFFFFFFFFFF1E
:20A26000FFFFFFFFFFFFFFFFFFFFFFFFFFFFFFFFFFFFFFFFFFFFFFFFFFFFFFFFFFFFFFFFFE
:20A28000FFFFFFFFFFFFFFFFFFFFFFFFFFFFFFFFFFFFFFFFFFFFFFFFFFFFFFFFFFFFFFFFDE
:20A2A000FFFFFFFFFFFFFFFFFFFFFFFFFFFFFFFFFFFFFFFFFFFFFFFFFFFFFFFFFFFFFFFFBE
:20A2C000FFFFFFFFFFFFFFFFFFFFFFFFFFFFFFFFFFFFFFFFFFFFFFFFFFFFFFFFFFFFFFFF9E
:20A2E000FFFFFFFFFFFFFFFFFFFFFFFFFFFFFFFFFFFFFFFFFFFFFFFFFFFFFFFFFFFFFFFF7E
:20A30000FFFFFFFFFFFFFFFFFFFFFFFFFFFFFFFFFFFFFFFFFFFFFFFFFFFFFFFFFFFFFFFF5D
:20A32000FFFFFFFFFFFFFFFFFFFFFFFFFFFFFFFFFFFFFFFFFFFFFFFFFFFFFFFFFFFFFFFF3D
:20A34000FFFFFFFFFFFFFFFFFFFFFFFFFFFFFFFFFFFFFFFFFFFFFFFFFFFFFFFFFFFFFFFF1D
:20A36000FFFFFFFFFFFFFFFFFFFFFFFFFFFFFFFFFFFFFFFFFFFFFFFFFFFFFFFFFFFFFFFFFD
:20A38000FFFFFFFFFFFFFFFFFFFFFFFFFFFFFFFFFFFFFFFFFFFFFFFFFFFFFFFFFFFFFFFFDD
:20A3A000FFFFFFFFFFFFFFFFFFFFFFFFFFFFFFFFFFFFFFFFFFFFFFFFFFFFFFFFFFFFFFFFBD
:20A3C000FFFFFFFFFFFFFFFFFFFFFFFFFFFFFFFFFFFFFFFFFFFFFFFFFFFFFFFFFFFFFFFF9D
:20A3E000FFFFFFFFFFFFFFFFFFFFFFFFFFFFFFFFFFFFFFFFFFFFFFFFFFFFFFFFFFFFFFFF7D
:20A40000FFFFFFFFFFFFFFFFFFFFFFFFFFFFFFFFFFFFFFFFFFFFFFFFFFFFFFFFFFFFFFFF5C
:20A42000FFFFFFFFFFFFFFFFFFFFFFFFFFFFFFFFFFFFFFFFFFFFFFFFFFFFFFFFFFFFFFFF3C
:20A44000FFFFFFFFFFFFFFFFFFFFFFFFFFFFFFFFFFFFFFFFFFFFFFFFFFFFFFFFFFFFFFFF1C
:20A46000FFFFFFFFFFFFFFFFFFFFFFFFFFFFFFFFFFFFFFFFFFFFFFFFFFFFFFFFFFFFFFFFFC
:20A48000FFFFFFFFFFFFFFFFFFFFFFFFFFFFFFFFFFFFFFFFFFFFFFFFFFFFFFFFFFFFFFFFDC
:20A4A000FFFFFFFFFFFFFFFFFFFFFFFFFFFFFFFFFFFFFFFFFFFFFFFFFFFFFFFFFFFFFFFFBC
:20A4C000FFFFFFFFFFFFFFFFFFFFFFFFFFFFFFFFFFFFFFFFFFFFFFFFFFFFFFFFFFFFFFFF9C
:20A4E000FFFFFFFFFFFFFFFFFFFFFFFFFFFFFFFFFFFFFFFFFFFFFFFFFFFFFFFFFFFFFFFF7C
:20A50000FFFFFFFFFFFFFFFFFFFFFFFFFFFFFFFFFFFFFFFFFFFFFFFFFFFFFFFFFFFFFFFF5B
:20A52000FFFFFFFFFFFFFFFFFFFFFFFFFFFFFFFFFFFFFFFFFFFFFFFFFFFFFFFFFFFFFFFF3B
:20A54000FFFFFFFFFFFFFFFFFFFFFFFFFFFFFFFFFFFFFFFFFFFFFFFFFFFFFFFFFFFFFFFF1B
:20A56000FFFFFFFFFFFFFFFFFFFFFFFFFFFFFFFFFFFFFFFFFFFFFFFFFFFFFFFFFFFFFFFFFB
:20A58000FFFFFFFFFFFFFFFFFFFFFFFFFFFFFFFFFFFFFFFFFFFFFFFFFFFFFFFFFFFFFFFFDB
:20A5A000FFFFFFFFFFFFFFFFFFFFFFFFFFFFFFFFFFFFFFFFFFFFFFFFFFFFFFFFFFFFFFFFBB
:20A5C000FFFFFFFFFFFFFFFFFFFFFFFFFFFFFFFFFFFFFFFFFFFFFFFFFFFFFFFFFFFFFFFF9B
:20A5E000FFFFFFFFFFFFFFFFFFFFFFFFFFFFFFFFFFFFFFFFFFFFFFFFFFFFFFFFFFFFFFFF7B
:20A60000FFFFFFFFFFFFFFFFFFFFFFFFFFFFFFFFFFFFFFFFFFFFFFFFFFFFFFFFFFFFFFFF5A
:20A62000FFFFFFFFFFFFFFFFFFFFFFFFFFFFFFFFFFFFFFFFFFFFFFFFFFFFFFFFFFFFFFFF3A
:20A64000FFFFFFFFFFFFFFFFFFFFFFFFFFFFFFFFFFFFFFFFFFFFFFFFFFFFFFFFFFFFFFFF1A
:20A66000FFFFFFFFFFFFFFFFFFFFFFFFFFFFFFFFFFFFFFFFFFFFFFFFFFFFFFFFFFFFFFFFFA
:20A68000FFFFFFFFFFFFFFFFFFFFFFFFFFFFFFFFFFFFFFFFFFFFFFFFFFFFFFFFFFFFFFFFDA
:20A6A000FFFFFFFFFFFFFFFFFFFFFFFFFFFFFFFFFFFFFFFFFFFFFFFFFFFFFFFFFFFFFFFFBA
:20A6C000FFFFFFFFFFFFFFFFFFFFFFFFFFFFFFFFFFFFFFFFFFFFFFFFFFFFFFFFFFFFFFFF9A
:20A6E000FFFFFFFFFFFFFFFFFFFFFFFFFFFFFFFFFFFFFFFFFFFFFFFFFFFFFFFFFFFFFFFF7A
:20A70000FFFFFFFFFFFFFFFFFFFFFFFFFFFFFFFFFFFFFFFFFFFFFFFFFFFFFFFFFFFFFFFF59
:20A72000FFFFFFFFFFFFFFFFFFFFFFFFFFFFFFFFFFFFFFFFFFFFFFFFFFFFFFFFFFFFFFFF39
:20A74000FFFFFFFFFFFFFFFFFFFFFFFFFFFFFFFFFFFFFFFFFFFFFFFFFFFFFFFFFFFFFFFF19
:20A76000FFFFFFFFFFFFFFFFFFFFFFFFFFFFFFFFFFFFFFFFFFFFFFFFFFFFFFFFFFFFFFFFF9
:20A78000FFFFFFFFFFFFFFFFFFFFFFFFFFFFFFFFFFFFFFFFFFFFFFFFFFFFFFFFFFFFFFFFD9
:20A7A000FFFFFFFFFFFFFFFFFFFFFFFFFFFFFFFFFFFFFFFFFFFFFFFFFFFFFFFFFFFFFFFFB9
:20A7C000FFFFFFFFFFFFFFFFFFFFFFFFFFFFFFFFFFFFFFFFFFFFFFFFFFFFFFFFFFFFFFFF99
:20A7E000FFFFFFFFFFFFFFFFFFFFFFFFFFFFFFFFFFFFFFFFFFFFFFFFFFFFFFFFFFFFFFFF79
:20A80000FFFFFFFFFFFFFFFFFFFFFFFFFFFFFFFFFFFFFFFFFFFFFFFFFFFFFFFFFFFFFFFF58
:20A82000FFFFFFFFFFFFFFFFFFFFFFFFFFFFFFFFFFFFFFFFFFFFFFFFFFFFFFFFFFFFFFFF38
:20A84000FFFFFFFFFFFFFFFFFFFFFFFFFFFFFFFFFFFFFFFFFFFFFFFFFFFFFFFFFFFFFFFF18
:20A86000FFFFFFFFFFFFFFFFFFFFFFFFFFFFFFFFFFFFFFFFFFFFFFFFFFFFFFFFFFFFFFFFF8
:20A88000FFFFFFFFFFFFFFFFFFFFFFFFFFFFFFFFFFFFFFFFFFFFFFFFFFFFFFFFFFFFFFFFD8
:20A8A000FFFFFFFFFFFFFFFFFFFFFFFFFFFFFFFFFFFFFFFFFFFFFFFFFFFFFFFFFFFFFFFFB8
:20A8C000FFFFFFFFFFFFFFFFFFFFFFFFFFFFFFFFFFFFFFFFFFFFFFFFFFFFFFFFFFFFFFFF98
:20A8E000FFFFFFFFFFFFFFFFFFFFFFFFFFFFFFFFFFFFFFFFFFFFFFFFFFFFFFFFFFFFFFFF78
:20A90000FFFFFFFFFFFFFFFFFFFFFFFFFFFFFFFFFFFFFFFFFFFFFFFFFFFFFFFFFFFFFFFF57
:20A92000FFFFFFFFFFFFFFFFFFFFFFFFFFFFFFFFFFFFFFFFFFFFFFFFFFFFFFFFFFFFFFFF37
:20A94000FFFFFFFFFFFFFFFFFFFFFFFFFFFFFFFFFFFFFFFFFFFFFFFFFFFFFFFFFFFFFFFF17
:20A96000FFFFFFFFFFFFFFFFFFFFFFFFFFFFFFFFFFFFFFFFFFFFFFFFFFFFFFFFFFFFFFFFF7
:20A98000FFFFFFFFFFFFFFFFFFFFFFFFFFFFFFFFFFFFFFFFFFFFFFFFFFFFFFFFFFFFFFFFD7
:20A9A000FFFFFFFFFFFFFFFFFFFFFFFFFFFFFFFFFFFFFFFFFFFFFFFFFFFFFFFFFFFFFFFFB7
:20A9C000FFFFFFFFFFFFFFFFFFFFFFFFFFFFFFFFFFFFFFFFFFFFFFFFFFFFFFFFFFFFFFFF97
:20A9E000FFFFFFFFFFFFFFFFFFFFFFFFFFFFFFFFFFFFFFFFFFFFFFFFFFFFFFFFFFFFFFFF77
:20AA0000FFFFFFFFFFFFFFFFFFFFFFFFFFFFFFFFFFFFFFFFFFFFFFFFFFFFFFFFFFFFFFFF56
:20AA2000FFFFFFFFFFFFFFFFFFFFFFFFFFFFFFFFFFFFFFFFFFFFFFFFFFFFFFFFFFFFFFFF36
:20AA4000FFFFFFFFFFFFFFFFFFFFFFFFFFFFFFFFFFFFFFFFFFFFFFFFFFFFFFFFFFFFFFFF16
:20AA6000FFFFFFFFFFFFFFFFFFFFFFFFFFFFFFFFFFFFFFFFFFFFFFFFFFFFFFFFFFFFFFFFF6
:20AA8000FFFFFFFFFFFFFFFFFFFFFFFFFFFFFFFFFFFFFFFFFFFFFFFFFFFFFFFFFFFFFFFFD6
:20AAA000FFFFFFFFFFFFFFFFFFFFFFFFFFFFFFFFFFFFFFFFFFFFFFFFFFFFFFFFFFFFFFFFB6
:20AAC000FFFFFFFFFFFFFFFFFFFFFFFFFFFFFFFFFFFFFFFFFFFFFFFFFFFFFFFFFFFFFFFF96
:20AAE000FFFFFFFFFFFFFFFFFFFFFFFFFFFFFFFFFFFFFFFFFFFFFFFFFFFFFFFFFFFFFFFF76
:20AB0000FFFFFFFFFFFFFFFFFFFFFFFFFFFFFFFFFFFFFFFFFFFFFFFFFFFFFFFFFFFFFFFF55
:20AB2000FFFFFFFFFFFFFFFFFFFFFFFFFFFFFFFFFFFFFFFFFFFFFFFFFFFFFFFFFFFFFFFF35
:20AB4000FFFFFFFFFFFFFFFFFFFFFFFFFFFFFFFFFFFFFFFFFFFFFFFFFFFFFFFFFFFFFFFF15
:20AB6000FFFFFFFFFFFFFFFFFFFFFFFFFFFFFFFFFFFFFFFFFFFFFFFFFFFFFFFFFFFFFFFFF5
:20AB8000FFFFFFFFFFFFFFFFFFFFFFFFFFFFFFFFFFFFFFFFFFFFFFFFFFFFFFFFFFFFFFFFD5
:20ABA000FFFFFFFFFFFFFFFFFFFFFFFFFFFFFFFFFFFFFFFFFFFFFFFFFFFFFFFFFFFFFFFFB5
:20ABC000FFFFFFFFFFFFFFFFFFFFFFFFFFFFFFFFFFFFFFFFFFFFFFFFFFFFFFFFFFFFFFFF95
:20ABE000FFFFFFFFFFFFFFFFFFFFFFFFFFFFFFFFFFFFFFFFFFFFFFFFFFFFFFFFFFFFFFFF75
:20AC0000FFFFFFFFFFFFFFFFFFFFFFFFFFFFFFFFFFFFFFFFFFFFFFFFFFFFFFFFFFFFFFFF54
:20AC2000FFFFFFFFFFFFFFFFFFFFFFFFFFFFFFFFFFFFFFFFFFFFFFFFFFFFFFFFFFFFFFFF34
:20AC4000FFFFFFFFFFFFFFFFFFFFFFFFFFFFFFFFFFFFFFFFFFFFFFFFFFFFFFFFFFFFFFFF14
:20AC6000FFFFFFFFFFFFFFFFFFFFFFFFFFFFFFFFFFFFFFFFFFFFFFFFFFFFFFFFFFFFFFFFF4
:20AC8000FFFFFFFFFFFFFFFFFFFFFFFFFFFFFFFFFFFFFFFFFFFFFFFFFFFFFFFFFFFFFFFFD4
:20ACA000FFFFFFFFFFFFFFFFFFFFFFFFFFFFFFFFFFFFFFFFFFFFFFFFFFFFFFFFFFFFFFFFB4
:20ACC000FFFFFFFFFFFFFFFFFFFFFFFFFFFFFFFFFFFFFFFFFFFFFFFFFFFFFFFFFFFFFFFF94
:20ACE000FFFFFFFFFFFFFFFFFFFFFFFFFFFFFFFFFFFFFFFFFFFFFFFFFFFFFFFFFFFFFFFF74
:20AD0000FFFFFFFFFFFFFFFFFFFFFFFFFFFFFFFFFFFFFFFFFFFFFFFFFFFFFFFFFFFFFFFF53
:20AD2000FFFFFFFFFFFFFFFFFFFFFFFFFFFFFFFFFFFFFFFFFFFFFFFFFFFFFFFFFFFFFFFF33
:20AD4000FFFFFFFFFFFFFFFFFFFFFFFFFFFFFFFFFFFFFFFFFFFFFFFFFFFFFFFFFFFFFFFF13
:20AD6000FFFFFFFFFFFFFFFFFFFFFFFFFFFFFFFFFFFFFFFFFFFFFFFFFFFFFFFFFFFFFFFFF3
:20AD8000FFFFFFFFFFFFFFFFFFFFFFFFFFFFFFFFFFFFFFFFFFFFFFFFFFFFFFFFFFFFFFFFD3
:20ADA000FFFFFFFFFFFFFFFFFFFFFFFFFFFFFFFFFFFFFFFFFFFFFFFFFFFFFFFFFFFFFFFFB3
:20ADC000FFFFFFFFFFFFFFFFFFFFFFFFFFFFFFFFFFFFFFFFFFFFFFFFFFFFFFFFFFFFFFFF93
:20ADE000FFFFFFFFFFFFFFFFFFFFFFFFFFFFFFFFFFFFFFFFFFFFFFFFFFFFFFFFFFFFFFFF73
:20AE0000FFFFFFFFFFFFFFFFFFFFFFFFFFFFFFFFFFFFFFFFFFFFFFFFFFFFFFFFFFFFFFFF52
:20AE2000FFFFFFFFFFFFFFFFFFFFFFFFFFFFFFFFFFFFFFFFFFFFFFFFFFFFFFFFFFFFFFFF32
:20AE4000FFFFFFFFFFFFFFFFFFFFFFFFFFFFFFFFFFFFFFFFFFFFFFFFFFFFFFFFFFFFFFFF12
:20AE6000FFFFFFFFFFFFFFFFFFFFFFFFFFFFFFFFFFFFFFFFFFFFFFFFFFFFFFFFFFFFFFFFF2
:20AE8000FFFFFFFFFFFFFFFFFFFFFFFFFFFFFFFFFFFFFFFFFFFFFFFFFFFFFFFFFFFFFFFFD2
:20AEA000FFFFFFFFFFFFFFFFFFFFFFFFFFFFFFFFFFFFFFFFFFFFFFFFFFFFFFFFFFFFFFFFB2
:20AEC000FFFFFFFFFFFFFFFFFFFFFFFFFFFFFFFFFFFFFFFFFFFFFFFFFFFFFFFFFFFFFFFF92
:20AEE000FFFFFFFFFFFFFFFFFFFFFFFFFFFFFFFFFFFFFFFFFFFFFFFFFFFFFFFFFFFFFFFF72
:20AF0000FFFFFFFFFFFFFFFFFFFFFFFFFFFFFFFFFFFFFFFFFFFFFFFFFFFFFFFFFFFFFFFF51
:20AF2000FFFFFFFFFFFFFFFFFFFFFFFFFFFFFFFFFFFFFFFFFFFFFFFFFFFFFFFFFFFFFFFF31
:20AF4000FFFFFFFFFFFFFFFFFFFFFFFFFFFFFFFFFFFFFFFFFFFFFFFFFFFFFFFFFFFFFFFF11
:20AF6000FFFFFFFFFFFFFFFFFFFFFFFFFFFFFFFFFFFFFFFFFFFFFFFFFFFFFFFFFFFFFFFFF1
:20AF8000FFFFFFFFFFFFFFFFFFFFFFFFFFFFFFFFFFFFFFFFFFFFFFFFFFFFFFFFFFFFFFFFD1
:20AFA000FFFFFFFFFFFFFFFFFFFFFFFFFFFFFFFFFFFFFFFFFFFFFFFFFFFFFFFFFFFFFFFFB1
:20AFC000FFFFFFFFFFFFFFFFFFFFFFFFFFFFFFFFFFFFFFFFFFFFFFFFFFFFFFFFFFFFFFFF91
:20AFE000FFFFFFFFFFFFFFFFFFFFFFFFFFFFFFFFFFFFFFFFFFFFFFFFFFFFFFFFFFFFFFFF71
:20B00000FFFFFFFFFFFFFFFFFFFFFFFFFFFFFFFFFFFFFFFFFFFFFFFFFFFFFFFFFFFFFFFF50
:20B02000FFFFFFFFFFFFFFFFFFFFFFFFFFFFFFFFFFFFFFFFFFFFFFFFFFFFFFFFFFFFFFFF30
:20B04000FFFFFFFFFFFFFFFFFFFFFFFFFFFFFFFFFFFFFFFFFFFFFFFFFFFFFFFFFFFFFFFF10
:20B06000FFFFFFFFFFFFFFFFFFFFFFFFFFFFFFFFFFFFFFFFFFFFFFFFFFFFFFFFFFFFFFFFF0
:20B08000FFFFFFFFFFFFFFFFFFFFFFFFFFFFFFFFFFFFFFFFFFFFFFFFFFFFFFFFFFFFFFFFD0
:20B0A000FFFFFFFFFFFFFFFFFFFFFFFFFFFFFFFFFFFFFFFFFFFFFFFFFFFFFFFFFFFFFFFFB0
:20B0C000FFFFFFFFFFFFFFFFFFFFFFFFFFFFFFFFFFFFFFFFFFFFFFFFFFFFFFFFFFFFFFFF90
:20B0E000FFFFFFFFFFFFFFFFFFFFFFFFFFFFFFFFFFFFFFFFFFFFFFFFFFFFFFFFFFFFFFFF70
:20B10000FFFFFFFFFFFFFFFFFFFFFFFFFFFFFFFFFFFFFFFFFFFFFFFFFFFFFFFFFFFFFFFF4F
:20B12000FFFFFFFFFFFFFFFFFFFFFFFFFFFFFFFFFFFFFFFFFFFFFFFFFFFFFFFFFFFFFFFF2F
:20B14000FFFFFFFFFFFFFFFFFFFFFFFFFFFFFFFFFFFFFFFFFFFFFFFFFFFFFFFFFFFFFFFF0F
:20B16000FFFFFFFFFFFFFFFFFFFFFFFFFFFFFFFFFFFFFFFFFFFFFFFFFFFFFFFFFFFFFFFFEF
:20B18000FFFFFFFFFFFFFFFFFFFFFFFFFFFFFFFFFFFFFFFFFFFFFFFFFFFFFFFFFFFFFFFFCF
:20B1A000FFFFFFFFFFFFFFFFFFFFFFFFFFFFFFFFFFFFFFFFFFFFFFFFFFFFFFFFFFFFFFFFAF
:20B1C000FFFFFFFFFFFFFFFFFFFFFFFFFFFFFFFFFFFFFFFFFFFFFFFFFFFFFFFFFFFFFFFF8F
:20B1E000FFFFFFFFFFFFFFFFFFFFFFFFFFFFFFFFFFFFFFFFFFFFFFFFFFFFFFFFFFFFFFFF6F
:20B20000FFFFFFFFFFFFFFFFFFFFFFFFFFFFFFFFFFFFFFFFFFFFFFFFFFFFFFFFFFFFFFFF4E
:20B22000FFFFFFFFFFFFFFFFFFFFFFFFFFFFFFFFFFFFFFFFFFFFFFFFFFFFFFFFFFFFFFFF2E
:20B24000FFFFFFFFFFFFFFFFFFFFFFFFFFFFFFFFFFFFFFFFFFFFFFFFFFFFFFFFFFFFFFFF0E
:20B26000FFFFFFFFFFFFFFFFFFFFFFFFFFFFFFFFFFFFFFFFFFFFFFFFFFFFFFFFFFFFFFFFEE
:20B28000FFFFFFFFFFFFFFFFFFFFFFFFFFFFFFFFFFFFFFFFFFFFFFFFFFFFFFFFFFFFFFFFCE
:20B2A000FFFFFFFFFFFFFFFFFFFFFFFFFFFFFFFFFFFFFFFFFFFFFFFFFFFFFFFFFFFFFFFFAE
:20B2C000FFFFFFFFFFFFFFFFFFFFFFFFFFFFFFFFFFFFFFFFFFFFFFFFFFFFFFFFFFFFFFFF8E
:20B2E000FFFFFFFFFFFFFFFFFFFFFFFFFFFFFFFFFFFFFFFFFFFFFFFFFFFFFFFFFFFFFFFF6E
:20B30000FFFFFFFFFFFFFFFFFFFFFFFFFFFFFFFFFFFFFFFFFFFFFFFFFFFFFFFFFFFFFFFF4D
:20B32000FFFFFFFFFFFFFFFFFFFFFFFFFFFFFFFFFFFFFFFFFFFFFFFFFFFFFFFFFFFFFFFF2D
:20B34000FFFFFFFFFFFFFFFFFFFFFFFFFFFFFFFFFFFFFFFFFFFFFFFFFFFFFFFFFFFFFFFF0D
:20B36000FFFFFFFFFFFFFFFFFFFFFFFFFFFFFFFFFFFFFFFFFFFFFFFFFFFFFFFFFFFFFFFFED
:20B38000FFFFFFFFFFFFFFFFFFFFFFFFFFFFFFFFFFFFFFFFFFFFFFFFFFFFFFFFFFFFFFFFCD
:20B3A000FFFFFFFFFFFFFFFFFFFFFFFFFFFFFFFFFFFFFFFFFFFFFFFFFFFFFFFFFFFFFFFFAD
:20B3C000FFFFFFFFFFFFFFFFFFFFFFFFFFFFFFFFFFFFFFFFFFFFFFFFFFFFFFFFFFFFFFFF8D
:20B3E000FFFFFFFFFFFFFFFFFFFFFFFFFFFFFFFFFFFFFFFFFFFFFFFFFFFFFFFFFFFFFFFF6D
:20B40000FFFFFFFFFFFFFFFFFFFFFFFFFFFFFFFFFFFFFFFFFFFFFFFFFFFFFFFFFFFFFFFF4C
:20B42000FFFFFFFFFFFFFFFFFFFFFFFFFFFFFFFFFFFFFFFFFFFFFFFFFFFFFFFFFFFFFFFF2C
:20B44000FFFFFFFFFFFFFFFFFFFFFFFFFFFFFFFFFFFFFFFFFFFFFFFFFFFFFFFFFFFFFFFF0C
:20B46000FFFFFFFFFFFFFFFFFFFFFFFFFFFFFFFFFFFFFFFFFFFFFFFFFFFFFFFFFFFFFFFFEC
:20B48000FFFFFFFFFFFFFFFFFFFFFFFFFFFFFFFFFFFFFFFFFFFFFFFFFFFFFFFFFFFFFFFFCC
:20B4A000FFFFFFFFFFFFFFFFFFFFFFFFFFFFFFFFFFFFFFFFFFFFFFFFFFFFFFFFFFFFFFFFAC
:20B4C000FFFFFFFFFFFFFFFFFFFFFFFFFFFFFFFFFFFFFFFFFFFFFFFFFFFFFFFFFFFFFFFF8C
:20B4E000FFFFFFFFFFFFFFFFFFFFFFFFFFFFFFFFFFFFFFFFFFFFFFFFFFFFFFFFFFFFFFFF6C
:20B50000FFFFFFFFFFFFFFFFFFFFFFFFFFFFFFFFFFFFFFFFFFFFFFFFFFFFFFFFFFFFFFFF4B
:20B52000FFFFFFFFFFFFFFFFFFFFFFFFFFFFFFFFFFFFFFFFFFFFFFFFFFFFFFFFFFFFFFFF2B
:20B54000FFFFFFFFFFFFFFFFFFFFFFFFFFFFFFFFFFFFFFFFFFFFFFFFFFFFFFFFFFFFFFFF0B
:20B56000FFFFFFFFFFFFFFFFFFFFFFFFFFFFFFFFFFFFFFFFFFFFFFFFFFFFFFFFFFFFFFFFEB
:20B58000FFFFFFFFFFFFFFFFFFFFFFFFFFFFFFFFFFFFFFFFFFFFFFFFFFFFFFFFFFFFFFFFCB
:20B5A000FFFFFFFFFFFFFFFFFFFFFFFFFFFFFFFFFFFFFFFFFFFFFFFFFFFFFFFFFFFFFFFFAB
:20B5C000FFFFFFFFFFFFFFFFFFFFFFFFFFFFFFFFFFFFFFFFFFFFFFFFFFFFFFFFFFFFFFFF8B
:20B5E000FFFFFFFFFFFFFFFFFFFFFFFFFFFFFFFFFFFFFFFFFFFFFFFFFFFFFFFFFFFFFFFF6B
:20B60000FFFFFFFFFFFFFFFFFFFFFFFFFFFFFFFFFFFFFFFFFFFFFFFFFFFFFFFFFFFFFFFF4A
:20B62000FFFFFFFFFFFFFFFFFFFFFFFFFFFFFFFFFFFFFFFFFFFFFFFFFFFFFFFFFFFFFFFF2A
:20B64000FFFFFFFFFFFFFFFFFFFFFFFFFFFFFFFFFFFFFFFFFFFFFFFFFFFFFFFFFFFFFFFF0A
:20B66000FFFFFFFFFFFFFFFFFFFFFFFFFFFFFFFFFFFFFFFFFFFFFFFFFFFFFFFFFFFFFFFFEA
:20B68000FFFFFFFFFFFFFFFFFFFFFFFFFFFFFFFFFFFFFFFFFFFFFFFFFFFFFFFFFFFFFFFFCA
:20B6A000FFFFFFFFFFFFFFFFFFFFFFFFFFFFFFFFFFFFFFFFFFFFFFFFFFFFFFFFFFFFFFFFAA
:20B6C000FFFFFFFFFFFFFFFFFFFFFFFFFFFFFFFFFFFFFFFFFFFFFFFFFFFFFFFFFFFFFFFF8A
:20B6E000FFFFFFFFFFFFFFFFFFFFFFFFFFFFFFFFFFFFFFFFFFFFFFFFFFFFFFFFFFFFFFFF6A
:20B70000FFFFFFFFFFFFFFFFFFFFFFFFFFFFFFFFFFFFFFFFFFFFFFFFFFFFFFFFFFFFFFFF49
:20B72000FFFFFFFFFFFFFFFFFFFFFFFFFFFFFFFFFFFFFFFFFFFFFFFFFFFFFFFFFFFFFFFF29
:20B74000FFFFFFFFFFFFFFFFFFFFFFFFFFFFFFFFFFFFFFFFFFFFFFFFFFFFFFFFFFFFFFFF09
:20B76000FFFFFFFFFFFFFFFFFFFFFFFFFFFFFFFFFFFFFFFFFFFFFFFFFFFFFFFFFFFFFFFFE9
:20B78000FFFFFFFFFFFFFFFFFFFFFFFFFFFFFFFFFFFFFFFFFFFFFFFFFFFFFFFFFFFFFFFFC9
:20B7A000FFFFFFFFFFFFFFFFFFFFFFFFFFFFFFFFFFFFFFFFFFFFFFFFFFFFFFFFFFFFFFFFA9
:20B7C000FFFFFFFFFFFFFFFFFFFFFFFFFFFFFFFFFFFFFFFFFFFFFFFFFFFFFFFFFFFFFFFF89
:20B7E000FFFFFFFFFFFFFFFFFFFFFFFFFFFFFFFFFFFFFFFFFFFFFFFFFFFFFFFFFFFFFFFF69
:20B80000FFFFFFFFFFFFFFFFFFFFFFFFFFFFFFFFFFFFFFFFFFFFFFFFFFFFFFFFFFFFFFFF48
:20B82000FFFFFFFFFFFFFFFFFFFFFFFFFFFFFFFFFFFFFFFFFFFFFFFFFFFFFFFFFFFFFFFF28
:20B84000FFFFFFFFFFFFFFFFFFFFFFFFFFFFFFFFFFFFFFFFFFFFFFFFFFFFFFFFFFFFFFFF08
:20B86000FFFFFFFFFFFFFFFFFFFFFFFFFFFFFFFFFFFFFFFFFFFFFFFFFFFFFFFFFFFFFFFFE8
:20B88000FFFFFFFFFFFFFFFFFFFFFFFFFFFFFFFFFFFFFFFFFFFFFFFFFFFFFFFFFFFFFFFFC8
:20B8A000FFFFFFFFFFFFFFFFFFFFFFFFFFFFFFFFFFFFFFFFFFFFFFFFFFFFFFFFFFFFFFFFA8
:20B8C000FFFFFFFFFFFFFFFFFFFFFFFFFFFFFFFFFFFFFFFFFFFFFFFFFFFFFFFFFFFFFFFF88
:20B8E000FFFFFFFFFFFFFFFFFFFFFFFFFFFFFFFFFFFFFFFFFFFFFFFFFFFFFFFFFFFFFFFF68
:20B90000FFFFFFFFFFFFFFFFFFFFFFFFFFFFFFFFFFFFFFFFFFFFFFFFFFFFFFFFFFFFFFFF47
:20B92000FFFFFFFFFFFFFFFFFFFFFFFFFFFFFFFFFFFFFFFFFFFFFFFFFFFFFFFFFFFFFFFF27
:20B94000FFFFFFFFFFFFFFFFFFFFFFFFFFFFFFFFFFFFFFFFFFFFFFFFFFFFFFFFFFFFFFFF07
:20B96000FFFFFFFFFFFFFFFFFFFFFFFFFFFFFFFFFFFFFFFFFFFFFFFFFFFFFFFFFFFFFFFFE7
:20B98000FFFFFFFFFFFFFFFFFFFFFFFFFFFFFFFFFFFFFFFFFFFFFFFFFFFFFFFFFFFFFFFFC7
:20B9A000FFFFFFFFFFFFFFFFFFFFFFFFFFFFFFFFFFFFFFFFFFFFFFFFFFFFFFFFFFFFFFFFA7
:20B9C000FFFFFFFFFFFFFFFFFFFFFFFFFFFFFFFFFFFFFFFFFFFFFFFFFFFFFFFFFFFFFFFF87
:20B9E000FFFFFFFFFFFFFFFFFFFFFFFFFFFFFFFFFFFFFFFFFFFFFFFFFFFFFFFFFFFFFFFF67
:20BA0000FFFFFFFFFFFFFFFFFFFFFFFFFFFFFFFFFFFFFFFFFFFFFFFFFFFFFFFFFFFFFFFF46
:20BA2000FFFFFFFFFFFFFFFFFFFFFFFFFFFFFFFFFFFFFFFFFFFFFFFFFFFFFFFFFFFFFFFF26
:20BA4000FFFFFFFFFFFFFFFFFFFFFFFFFFFFFFFFFFFFFFFFFFFFFFFFFFFFFFFFFFFFFFFF06
:20BA6000FFFFFFFFFFFFFFFFFFFFFFFFFFFFFFFFFFFFFFFFFFFFFFFFFFFFFFFFFFFFFFFFE6
:20BA8000FFFFFFFFFFFFFFFFFFFFFFFFFFFFFFFFFFFFFFFFFFFFFFFFFFFFFFFFFFFFFFFFC6
:20BAA000FFFFFFFFFFFFFFFFFFFFFFFFFFFFFFFFFFFFFFFFFFFFFFFFFFFFFFFFFFFFFFFFA6
:20BAC000FFFFFFFFFFFFFFFFFFFFFFFFFFFFFFFFFFFFFFFFFFFFFFFFFFFFFFFFFFFFFFFF86
:20BAE000FFFFFFFFFFFFFFFFFFFFFFFFFFFFFFFFFFFFFFFFFFFFFFFFFFFFFFFFFFFFFFFF66
:20BB0000FFFFFFFFFFFFFFFFFFFFFFFFFFFFFFFFFFFFFFFFFFFFFFFFFFFFFFFFFFFFFFFF45
:20BB2000FFFFFFFFFFFFFFFFFFFFFFFFFFFFFFFFFFFFFFFFFFFFFFFFFFFFFFFFFFFFFFFF25
:20BB4000FFFFFFFFFFFFFFFFFFFFFFFFFFFFFFFFFFFFFFFFFFFFFFFFFFFFFFFFFFFFFFFF05
:20BB6000FFFFFFFFFFFFFFFFFFFFFFFFFFFFFFFFFFFFFFFFFFFFFFFFFFFFFFFFFFFFFFFFE5
:20BB8000FFFFFFFFFFFFFFFFFFFFFFFFFFFFFFFFFFFFFFFFFFFFFFFFFFFFFFFFFFFFFFFFC5
:20BBA000FFFFFFFFFFFFFFFFFFFFFFFFFFFFFFFFFFFFFFFFFFFFFFFFFFFFFFFFFFFFFFFFA5
:20BBC000FFFFFFFFFFFFFFFFFFFFFFFFFFFFFFFFFFFFFFFFFFFFFFFFFFFFFFFFFFFFFFFF85
:20BBE000FFFFFFFFFFFFFFFFFFFFFFFFFFFFFFFFFFFFFFFFFFFFFFFFFFFFFFFFFFFFFFFF65
:20BC0000FFFFFFFFFFFFFFFFFFFFFFFFFFFFFFFFFFFFFFFFFFFFFFFFFFFFFFFFFFFFFFFF44
:20BC2000FFFFFFFFFFFFFFFFFFFFFFFFFFFFFFFFFFFFFFFFFFFFFFFFFFFFFFFFFFFFFFFF24
:20BC4000FFFFFFFFFFFFFFFFFFFFFFFFFFFFFFFFFFFFFFFFFFFFFFFFFFFFFFFFFFFFFFFF04
:20BC6000FFFFFFFFFFFFFFFFFFFFFFFFFFFFFFFFFFFFFFFFFFFFFFFFFFFFFFFFFFFFFFFFE4
:20BC8000FFFFFFFFFFFFFFFFFFFFFFFFFFFFFFFFFFFFFFFFFFFFFFFFFFFFFFFFFFFFFFFFC4
:20BCA000FFFFFFFFFFFFFFFFFFFFFFFFFFFFFFFFFFFFFFFFFFFFFFFFFFFFFFFFFFFFFFFFA4
:20BCC000FFFFFFFFFFFFFFFFFFFFFFFFFFFFFFFFFFFFFFFFFFFFFFFFFFFFFFFFFFFFFFFF84
:20BCE000FFFFFFFFFFFFFFFFFFFFFFFFFFFFFFFFFFFFFFFFFFFFFFFFFFFFFFFFFFFFFFFF64
:20BD0000FFFFFFFFFFFFFFFFFFFFFFFFFFFFFFFFFFFFFFFFFFFFFFFFFFFFFFFFFFFFFFFF43
:20BD2000FFFFFFFFFFFFFFFFFFFFFFFFFFFFFFFFFFFFFFFFFFFFFFFFFFFFFFFFFFFFFFFF23
:20BD4000FFFFFFFFFFFFFFFFFFFFFFFFFFFFFFFFFFFFFFFFFFFFFFFFFFFFFFFFFFFFFFFF03
:20BD6000FFFFFFFFFFFFFFFFFFFFFFFFFFFFFFFFFFFFFFFFFFFFFFFFFFFFFFFFFFFFFFFFE3
:20BD8000FFFFFFFFFFFFFFFFFFFFFFFFFFFFFFFFFFFFFFFFFFFFFFFFFFFFFFFFFFFFFFFFC3
:20BDA000FFFFFFFFFFFFFFFFFFFFFFFFFFFFFFFFFFFFFFFFFFFFFFFFFFFFFFFFFFFFFFFFA3
:20BDC000FFFFFFFFFFFFFFFFFFFFFFFFFFFFFFFFFFFFFFFFFFFFFFFFFFFFFFFFFFFFFFFF83
:20BDE000FFFFFFFFFFFFFFFFFFFFFFFFFFFFFFFFFFFFFFFFFFFFFFFFFFFFFFFFFFFFFFFF63
:20BE0000FFFFFFFFFFFFFFFFFFFFFFFFFFFFFFFFFFFFFFFFFFFFFFFFFFFFFFFFFFFFFFFF42
:20BE2000FFFFFFFFFFFFFFFFFFFFFFFFFFFFFFFFFFFFFFFFFFFFFFFFFFFFFFFFFFFFFFFF22
:20BE4000FFFFFFFFFFFFFFFFFFFFFFFFFFFFFFFFFFFFFFFFFFFFFFFFFFFFFFFFFFFFFFFF02
:20BE6000FFFFFFFFFFFFFFFFFFFFFFFFFFFFFFFFFFFFFFFFFFFFFFFFFFFFFFFFFFFFFFFFE2
:20BE8000FFFFFFFFFFFFFFFFFFFFFFFFFFFFFFFFFFFFFFFFFFFFFFFFFFFFFFFFFFFFFFFFC2
:20BEA000FFFFFFFFFFFFFFFFFFFFFFFFFFFFFFFFFFFFFFFFFFFFFFFFFFFFFFFFFFFFFFFFA2
:20BEC000FFFFFFFFFFFFFFFFFFFFFFFFFFFFFFFFFFFFFFFFFFFFFFFFFFFFFFFFFFFFFFFF82
:20BEE000FFFFFFFFFFFFFFFFFFFFFFFFFFFFFFFFFFFFFFFFFFFFFFFFFFFFFFFFFFFFFFFF62
:20BF0000FFFFFFFFFFFFFFFFFFFFFFFFFFFFFFFFFFFFFFFFFFFFFFFFFFFFFFFFFFFFFFFF41
:20BF2000FFFFFFFFFFFFFFFFFFFFFFFFFFFFFFFFFFFFFFFFFFFFFFFFFFFFFFFFFFFFFFFF21
:20BF4000FFFFFFFFFFFFFFFFFFFFFFFFFFFFFFFFFFFFFFFFFFFFFFFFFFFFFFFFFFFFFFFF01
:20BF6000FFFFFFFFFFFFFFFFFFFFFFFFFFFFFFFFFFFFFFFFFFFFFFFFFFFFFFFFFFFFFFFFE1
:20BF8000FFFFFFFFFFFFFFFFFFFFFFFFFFFFFFFFFFFFFFFFFFFFFFFFFFFFFFFFFFFFFFFFC1
:20BFA000FFFFFFFFFFFFFFFFFFFFFFFFFFFFFFFFFFFFFFFFFFFFFFFFFFFFFFFFFFFFFFFFA1
:20BFC000FFFFFFFFFFFFFFFFFFFFFFFFFFFFFFFFFFFFFFFFFFFFFFFFFFFFFFFFFFFFFFFF81
:20BFE000FFFFFFFFFFFFFFFFFFFFFFFFFFFFFFFFFFFFFFFFFFFFFFFFFFFFFFFFFFFFFFFF61
:20C00000FFFFFFFFFFFFFFFFFFFFFFFFFFFFFFFFFFFFFFFFFFFFFFFFFFFFFFFFFFFFFFFF40
:20C02000FFFFFFFFFFFFFFFFFFFFFFFFFFFFFFFFFFFFFFFFFFFFFFFFFFFFFFFFFFFFFFFF20
:20C04000FFFFFFFFFFFFFFFFFFFFFFFFFFFFFFFFFFFFFFFFFFFFFFFFFFFFFFFFFFFFFFFF00
:20C06000FFFFFFFFFFFFFFFFFFFFFFFFFFFFFFFFFFFFFFFFFFFFFFFFFFFFFFFFFFFFFFFFE0
:20C08000FFFFFFFFFFFFFFFFFFFFFFFFFFFFFFFFFFFFFFFFFFFFFFFFFFFFFFFFFFFFFFFFC0
:20C0A000FFFFFFFFFFFFFFFFFFFFFFFFFFFFFFFFFFFFFFFFFFFFFFFFFFFFFFFFFFFFFFFFA0
:20C0C000FFFFFFFFFFFFFFFFFFFFFFFFFFFFFFFFFFFFFFFFFFFFFFFFFFFFFFFFFFFFFFFF80
:20C0E000FFFFFFFFFFFFFFFFFFFFFFFFFFFFFFFFFFFFFFFFFFFFFFFFFFFFFFFFFFFFFFFF60
:20C10000FFFFFFFFFFFFFFFFFFFFFFFFFFFFFFFFFFFFFFFFFFFFFFFFFFFFFFFFFFFFFFFF3F
:20C12000FFFFFFFFFFFFFFFFFFFFFFFFFFFFFFFFFFFFFFFFFFFFFFFFFFFFFFFFFFFFFFFF1F
:20C14000FFFFFFFFFFFFFFFFFFFFFFFFFFFFFFFFFFFFFFFFFFFFFFFFFFFFFFFFFFFFFFFFFF
:20C16000FFFFFFFFFFFFFFFFFFFFFFFFFFFFFFFFFFFFFFFFFFFFFFFFFFFFFFFFFFFFFFFFDF
:20C18000FFFFFFFFFFFFFFFFFFFFFFFFFFFFFFFFFFFFFFFFFFFFFFFFFFFFFFFFFFFFFFFFBF
:20C1A000FFFFFFFFFFFFFFFFFFFFFFFFFFFFFFFFFFFFFFFFFFFFFFFFFFFFFFFFFFFFFFFF9F
:20C1C000FFFFFFFFFFFFFFFFFFFFFFFFFFFFFFFFFFFFFFFFFFFFFFFFFFFFFFFFFFFFFFFF7F
:20C1E000FFFFFFFFFFFFFFFFFFFFFFFFFFFFFFFFFFFFFFFFFFFFFFFFFFFFFFFFFFFFFFFF5F
:20C20000FFFFFFFFFFFFFFFFFFFFFFFFFFFFFFFFFFFFFFFFFFFFFFFFFFFFFFFFFFFFFFFF3E
:20C22000FFFFFFFFFFFFFFFFFFFFFFFFFFFFFFFFFFFFFFFFFFFFFFFFFFFFFFFFFFFFFFFF1E
:20C24000FFFFFFFFFFFFFFFFFFFFFFFFFFFFFFFFFFFFFFFFFFFFFFFFFFFFFFFFFFFFFFFFFE
:20C26000FFFFFFFFFFFFFFFFFFFFFFFFFFFFFFFFFFFFFFFFFFFFFFFFFFFFFFFFFFFFFFFFDE
:20C28000FFFFFFFFFFFFFFFFFFFFFFFFFFFFFFFFFFFFFFFFFFFFFFFFFFFFFFFFFFFFFFFFBE
:20C2A000FFFFFFFFFFFFFFFFFFFFFFFFFFFFFFFFFFFFFFFFFFFFFFFFFFFFFFFFFFFFFFFF9E
:20C2C000FFFFFFFFFFFFFFFFFFFFFFFFFFFFFFFFFFFFFFFFFFFFFFFFFFFFFFFFFFFFFFFF7E
:20C2E000FFFFFFFFFFFFFFFFFFFFFFFFFFFFFFFFFFFFFFFFFFFFFFFFFFFFFFFFFFFFFFFF5E
:20C30000FFFFFFFFFFFFFFFFFFFFFFFFFFFFFFFFFFFFFFFFFFFFFFFFFFFFFFFFFFFFFFFF3D
:20C32000FFFFFFFFFFFFFFFFFFFFFFFFFFFFFFFFFFFFFFFFFFFFFFFFFFFFFFFFFFFFFFFF1D
:20C34000FFFFFFFFFFFFFFFFFFFFFFFFFFFFFFFFFFFFFFFFFFFFFFFFFFFFFFFFFFFFFFFFFD
:20C36000FFFFFFFFFFFFFFFFFFFFFFFFFFFFFFFFFFFFFFFFFFFFFFFFFFFFFFFFFFFFFFFFDD
:20C38000FFFFFFFFFFFFFFFFFFFFFFFFFFFFFFFFFFFFFFFFFFFFFFFFFFFFFFFFFFFFFFFFBD
:20C3A000FFFFFFFFFFFFFFFFFFFFFFFFFFFFFFFFFFFFFFFFFFFFFFFFFFFFFFFFFFFFFFFF9D
:20C3C000FFFFFFFFFFFFFFFFFFFFFFFFFFFFFFFFFFFFFFFFFFFFFFFFFFFFFFFFFFFFFFFF7D
:20C3E000FFFFFFFFFFFFFFFFFFFFFFFFFFFFFFFFFFFFFFFFFFFFFFFFFFFFFFFFFFFFFFFF5D
:20C40000FFFFFFFFFFFFFFFFFFFFFFFFFFFFFFFFFFFFFFFFFFFFFFFFFFFFFFFFFFFFFFFF3C
:20C42000FFFFFFFFFFFFFFFFFFFFFFFFFFFFFFFFFFFFFFFFFFFFFFFFFFFFFFFFFFFFFFFF1C
:20C44000FFFFFFFFFFFFFFFFFFFFFFFFFFFFFFFFFFFFFFFFFFFFFFFFFFFFFFFFFFFFFFFFFC
:20C46000FFFFFFFFFFFFFFFFFFFFFFFFFFFFFFFFFFFFFFFFFFFFFFFFFFFFFFFFFFFFFFFFDC
:20C48000FFFFFFFFFFFFFFFFFFFFFFFFFFFFFFFFFFFFFFFFFFFFFFFFFFFFFFFFFFFFFFFFBC
:20C4A000FFFFFFFFFFFFFFFFFFFFFFFFFFFFFFFFFFFFFFFFFFFFFFFFFFFFFFFFFFFFFFFF9C
:20C4C000FFFFFFFFFFFFFFFFFFFFFFFFFFFFFFFFFFFFFFFFFFFFFFFFFFFFFFFFFFFFFFFF7C
:20C4E000FFFFFFFFFFFFFFFFFFFFFFFFFFFFFFFFFFFFFFFFFFFFFFFFFFFFFFFFFFFFFFFF5C
:20C50000FFFFFFFFFFFFFFFFFFFFFFFFFFFFFFFFFFFFFFFFFFFFFFFFFFFFFFFFFFFFFFFF3B
:20C52000FFFFFFFFFFFFFFFFFFFFFFFFFFFFFFFFFFFFFFFFFFFFFFFFFFFFFFFFFFFFFFFF1B
:20C54000FFFFFFFFFFFFFFFFFFFFFFFFFFFFFFFFFFFFFFFFFFFFFFFFFFFFFFFFFFFFFFFFFB
:20C56000FFFFFFFFFFFFFFFFFFFFFFFFFFFFFFFFFFFFFFFFFFFFFFFFFFFFFFFFFFFFFFFFDB
:20C58000FFFFFFFFFFFFFFFFFFFFFFFFFFFFFFFFFFFFFFFFFFFFFFFFFFFFFFFFFFFFFFFFBB
:20C5A000FFFFFFFFFFFFFFFFFFFFFFFFFFFFFFFFFFFFFFFFFFFFFFFFFFFFFFFFFFFFFFFF9B
:20C5C000FFFFFFFFFFFFFFFFFFFFFFFFFFFFFFFFFFFFFFFFFFFFFFFFFFFFFFFFFFFFFFFF7B
:20C5E000FFFFFFFFFFFFFFFFFFFFFFFFFFFFFFFFFFFFFFFFFFFFFFFFFFFFFFFFFFFFFFFF5B
:20C60000FFFFFFFFFFFFFFFFFFFFFFFFFFFFFFFFFFFFFFFFFFFFFFFFFFFFFFFFFFFFFFFF3A
:20C62000FFFFFFFFFFFFFFFFFFFFFFFFFFFFFFFFFFFFFFFFFFFFFFFFFFFFFFFFFFFFFFFF1A
:20C64000FFFFFFFFFFFFFFFFFFFFFFFFFFFFFFFFFFFFFFFFFFFFFFFFFFFFFFFFFFFFFFFFFA
:20C66000FFFFFFFFFFFFFFFFFFFFFFFFFFFFFFFFFFFFFFFFFFFFFFFFFFFFFFFFFFFFFFFFDA
:20C68000FFFFFFFFFFFFFFFFFFFFFFFFFFFFFFFFFFFFFFFFFFFFFFFFFFFFFFFFFFFFFFFFBA
:20C6A000FFFFFFFFFFFFFFFFFFFFFFFFFFFFFFFFFFFFFFFFFFFFFFFFFFFFFFFFFFFFFFFF9A
:20C6C000FFFFFFFFFFFFFFFFFFFFFFFFFFFFFFFFFFFFFFFFFFFFFFFFFFFFFFFFFFFFFFFF7A
:20C6E000FFFFFFFFFFFFFFFFFFFFFFFFFFFFFFFFFFFFFFFFFFFFFFFFFFFFFFFFFFFFFFFF5A
:20C70000FFFFFFFFFFFFFFFFFFFFFFFFFFFFFFFFFFFFFFFFFFFFFFFFFFFFFFFFFFFFFFFF39
:20C72000FFFFFFFFFFFFFFFFFFFFFFFFFFFFFFFFFFFFFFFFFFFFFFFFFFFFFFFFFFFFFFFF19
:20C74000FFFFFFFFFFFFFFFFFFFFFFFFFFFFFFFFFFFFFFFFFFFFFFFFFFFFFFFFFFFFFFFFF9
:20C76000FFFFFFFFFFFFFFFFFFFFFFFFFFFFFFFFFFFFFFFFFFFFFFFFFFFFFFFFFFFFFFFFD9
:20C78000FFFFFFFFFFFFFFFFFFFFFFFFFFFFFFFFFFFFFFFFFFFFFFFFFFFFFFFFFFFFFFFFB9
:20C7A000FFFFFFFFFFFFFFFFFFFFFFFFFFFFFFFFFFFFFFFFFFFFFFFFFFFFFFFFFFFFFFFF99
:20C7C000FFFFFFFFFFFFFFFFFFFFFFFFFFFFFFFFFFFFFFFFFFFFFFFFFFFFFFFFFFFFFFFF79
:20C7E000FFFFFFFFFFFFFFFFFFFFFFFFFFFFFFFFFFFFFFFFFFFFFFFFFFFFFFFFFFFFFFFF59
:20C80000FFFFFFFFFFFFFFFFFFFFFFFFFFFFFFFFFFFFFFFFFFFFFFFFFFFFFFFFFFFFFFFF38
:20C82000FFFFFFFFFFFFFFFFFFFFFFFFFFFFFFFFFFFFFFFFFFFFFFFFFFFFFFFFFFFFFFFF18
:20C84000FFFFFFFFFFFFFFFFFFFFFFFFFFFFFFFFFFFFFFFFFFFFFFFFFFFFFFFFFFFFFFFFF8
:20C86000FFFFFFFFFFFFFFFFFFFFFFFFFFFFFFFFFFFFFFFFFFFFFFFFFFFFFFFFFFFFFFFFD8
:20C88000FFFFFFFFFFFFFFFFFFFFFFFFFFFFFFFFFFFFFFFFFFFFFFFFFFFFFFFFFFFFFFFFB8
:20C8A000FFFFFFFFFFFFFFFFFFFFFFFFFFFFFFFFFFFFFFFFFFFFFFFFFFFFFFFFFFFFFFFF98
:20C8C000FFFFFFFFFFFFFFFFFFFFFFFFFFFFFFFFFFFFFFFFFFFFFFFFFFFFFFFFFFFFFFFF78
:20C8E000FFFFFFFFFFFFFFFFFFFFFFFFFFFFFFFFFFFFFFFFFFFFFFFFFFFFFFFFFFFFFFFF58
:20C90000FFFFFFFFFFFFFFFFFFFFFFFFFFFFFFFFFFFFFFFFFFFFFFFFFFFFFFFFFFFFFFFF37
:20C92000FFFFFFFFFFFFFFFFFFFFFFFFFFFFFFFFFFFFFFFFFFFFFFFFFFFFFFFFFFFFFFFF17
:20C94000FFFFFFFFFFFFFFFFFFFFFFFFFFFFFFFFFFFFFFFFFFFFFFFFFFFFFFFFFFFFFFFFF7
:20C96000FFFFFFFFFFFFFFFFFFFFFFFFFFFFFFFFFFFFFFFFFFFFFFFFFFFFFFFFFFFFFFFFD7
:20C98000FFFFFFFFFFFFFFFFFFFFFFFFFFFFFFFFFFFFFFFFFFFFFFFFFFFFFFFFFFFFFFFFB7
:20C9A000FFFFFFFFFFFFFFFFFFFFFFFFFFFFFFFFFFFFFFFFFFFFFFFFFFFFFFFFFFFFFFFF97
:20C9C000FFFFFFFFFFFFFFFFFFFFFFFFFFFFFFFFFFFFFFFFFFFFFFFFFFFFFFFFFFFFFFFF77
:20C9E000FFFFFFFFFFFFFFFFFFFFFFFFFFFFFFFFFFFFFFFFFFFFFFFFFFFFFFFFFFFFFFFF57
:20CA0000FFFFFFFFFFFFFFFFFFFFFFFFFFFFFFFFFFFFFFFFFFFFFFFFFFFFFFFFFFFFFFFF36
:20CA2000FFFFFFFFFFFFFFFFFFFFFFFFFFFFFFFFFFFFFFFFFFFFFFFFFFFFFFFFFFFFFFFF16
:20CA4000FFFFFFFFFFFFFFFFFFFFFFFFFFFFFFFFFFFFFFFFFFFFFFFFFFFFFFFFFFFFFFFFF6
:20CA6000FFFFFFFFFFFFFFFFFFFFFFFFFFFFFFFFFFFFFFFFFFFFFFFFFFFFFFFFFFFFFFFFD6
:20CA8000FFFFFFFFFFFFFFFFFFFFFFFFFFFFFFFFFFFFFFFFFFFFFFFFFFFFFFFFFFFFFFFFB6
:20CAA000FFFFFFFFFFFFFFFFFFFFFFFFFFFFFFFFFFFFFFFFFFFFFFFFFFFFFFFFFFFFFFFF96
:20CAC000FFFFFFFFFFFFFFFFFFFFFFFFFFFFFFFFFFFFFFFFFFFFFFFFFFFFFFFFFFFFFFFF76
:20CAE000FFFFFFFFFFFFFFFFFFFFFFFFFFFFFFFFFFFFFFFFFFFFFFFFFFFFFFFFFFFFFFFF56
:20CB0000FFFFFFFFFFFFFFFFFFFFFFFFFFFFFFFFFFFFFFFFFFFFFFFFFFFFFFFFFFFFFFFF35
:20CB2000FFFFFFFFFFFFFFFFFFFFFFFFFFFFFFFFFFFFFFFFFFFFFFFFFFFFFFFFFFFFFFFF15
:20CB4000FFFFFFFFFFFFFFFFFFFFFFFFFFFFFFFFFFFFFFFFFFFFFFFFFFFFFFFFFFFFFFFFF5
:20CB6000FFFFFFFFFFFFFFFFFFFFFFFFFFFFFFFFFFFFFFFFFFFFFFFFFFFFFFFFFFFFFFFFD5
:20CB8000FFFFFFFFFFFFFFFFFFFFFFFFFFFFFFFFFFFFFFFFFFFFFFFFFFFFFFFFFFFFFFFFB5
:20CBA000FFFFFFFFFFFFFFFFFFFFFFFFFFFFFFFFFFFFFFFFFFFFFFFFFFFFFFFFFFFFFFFF95
:20CBC000FFFFFFFFFFFFFFFFFFFFFFFFFFFFFFFFFFFFFFFFFFFFFFFFFFFFFFFFFFFFFFFF75
:20CBE000FFFFFFFFFFFFFFFFFFFFFFFFFFFFFFFFFFFFFFFFFFFFFFFFFFFFFFFFFFFFFFFF55
:20CC0000FFFFFFFFFFFFFFFFFFFFFFFFFFFFFFFFFFFFFFFFFFFFFFFFFFFFFFFFFFFFFFFF34
:20CC2000FFFFFFFFFFFFFFFFFFFFFFFFFFFFFFFFFFFFFFFFFFFFFFFFFFFFFFFFFFFFFFFF14
:20CC4000FFFFFFFFFFFFFFFFFFFFFFFFFFFFFFFFFFFFFFFFFFFFFFFFFFFFFFFFFFFFFFFFF4
:20CC6000FFFFFFFFFFFFFFFFFFFFFFFFFFFFFFFFFFFFFFFFFFFFFFFFFFFFFFFFFFFFFFFFD4
:20CC8000FFFFFFFFFFFFFFFFFFFFFFFFFFFFFFFFFFFFFFFFFFFFFFFFFFFFFFFFFFFFFFFFB4
:20CCA000FFFFFFFFFFFFFFFFFFFFFFFFFFFFFFFFFFFFFFFFFFFFFFFFFFFFFFFFFFFFFFFF94
:20CCC000FFFFFFFFFFFFFFFFFFFFFFFFFFFFFFFFFFFFFFFFFFFFFFFFFFFFFFFFFFFFFFFF74
:20CCE000FFFFFFFFFFFFFFFFFFFFFFFFFFFFFFFFFFFFFFFFFFFFFFFFFFFFFFFFFFFFFFFF54
:20CD0000FFFFFFFFFFFFFFFFFFFFFFFFFFFFFFFFFFFFFFFFFFFFFFFFFFFFFFFFFFFFFFFF33
:20CD2000FFFFFFFFFFFFFFFFFFFFFFFFFFFFFFFFFFFFFFFFFFFFFFFFFFFFFFFFFFFFFFFF13
:20CD4000FFFFFFFFFFFFFFFFFFFFFFFFFFFFFFFFFFFFFFFFFFFFFFFFFFFFFFFFFFFFFFFFF3
:20CD6000FFFFFFFFFFFFFFFFFFFFFFFFFFFFFFFFFFFFFFFFFFFFFFFFFFFFFFFFFFFFFFFFD3
:20CD8000FFFFFFFFFFFFFFFFFFFFFFFFFFFFFFFFFFFFFFFFFFFFFFFFFFFFFFFFFFFFFFFFB3
:20CDA000FFFFFFFFFFFFFFFFFFFFFFFFFFFFFFFFFFFFFFFFFFFFFFFFFFFFFFFFFFFFFFFF93
:20CDC000FFFFFFFFFFFFFFFFFFFFFFFFFFFFFFFFFFFFFFFFFFFFFFFFFFFFFFFFFFFFFFFF73
:20CDE000FFFFFFFFFFFFFFFFFFFFFFFFFFFFFFFFFFFFFFFFFFFFFFFFFFFFFFFFFFFFFFFF53
:20CE0000FFFFFFFFFFFFFFFFFFFFFFFFFFFFFFFFFFFFFFFFFFFFFFFFFFFFFFFFFFFFFFFF32
:20CE2000FFFFFFFFFFFFFFFFFFFFFFFFFFFFFFFFFFFFFFFFFFFFFFFFFFFFFFFFFFFFFFFF12
:20CE4000FFFFFFFFFFFFFFFFFFFFFFFFFFFFFFFFFFFFFFFFFFFFFFFFFFFFFFFFFFFFFFFFF2
:20CE6000FFFFFFFFFFFFFFFFFFFFFFFFFFFFFFFFFFFFFFFFFFFFFFFFFFFFFFFFFFFFFFFFD2
:20CE8000FFFFFFFFFFFFFFFFFFFFFFFFFFFFFFFFFFFFFFFFFFFFFFFFFFFFFFFFFFFFFFFFB2
:20CEA000FFFFFFFFFFFFFFFFFFFFFFFFFFFFFFFFFFFFFFFFFFFFFFFFFFFFFFFFFFFFFFFF92
:20CEC000FFFFFFFFFFFFFFFFFFFFFFFFFFFFFFFFFFFFFFFFFFFFFFFFFFFFFFFFFFFFFFFF72
:20CEE000FFFFFFFFFFFFFFFFFFFFFFFFFFFFFFFFFFFFFFFFFFFFFFFFFFFFFFFFFFFFFFFF52
:20CF0000FFFFFFFFFFFFFFFFFFFFFFFFFFFFFFFFFFFFFFFFFFFFFFFFFFFFFFFFFFFFFFFF31
:20CF2000FFFFFFFFFFFFFFFFFFFFFFFFFFFFFFFFFFFFFFFFFFFFFFFFFFFFFFFFFFFFFFFF11
:20CF4000FFFFFFFFFFFFFFFFFFFFFFFFFFFFFFFFFFFFFFFFFFFFFFFFFFFFFFFFFFFFFFFFF1
:20CF6000FFFFFFFFFFFFFFFFFFFFFFFFFFFFFFFFFFFFFFFFFFFFFFFFFFFFFFFFFFFFFFFFD1
:20CF8000FFFFFFFFFFFFFFFFFFFFFFFFFFFFFFFFFFFFFFFFFFFFFFFFFFFFFFFFFFFFFFFFB1
:20CFA000FFFFFFFFFFFFFFFFFFFFFFFFFFFFFFFFFFFFFFFFFFFFFFFFFFFFFFFFFFFFFFFF91
:20CFC000FFFFFFFFFFFFFFFFFFFFFFFFFFFFFFFFFFFFFFFFFFFFFFFFFFFFFFFFFFFFFFFF71
:20CFE000FFFFFFFFFFFFFFFFFFFFFFFFFFFFFFFFFFFFFFFFFFFFFFFFFFFFFFFFFFFFFFFF51
:20D00000FFFFFFFFFFFFFFFFFFFFFFFFFFFFFFFFFFFFFFFFFFFFFFFFFFFFFFFFFFFFFFFF30
:20D02000FFFFFFFFFFFFFFFFFFFFFFFFFFFFFFFFFFFFFFFFFFFFFFFFFFFFFFFFFFFFFFFF10
:20D04000FFFFFFFFFFFFFFFFFFFFFFFFFFFFFFFFFFFFFFFFFFFFFFFFFFFFFFFFFFFFFFFFF0
:20D06000FFFFFFFFFFFFFFFFFFFFFFFFFFFFFFFFFFFFFFFFFFFFFFFFFFFFFFFFFFFFFFFFD0
:20D08000FFFFFFFFFFFFFFFFFFFFFFFFFFFFFFFFFFFFFFFFFFFFFFFFFFFFFFFFFFFFFFFFB0
:20D0A000FFFFFFFFFFFFFFFFFFFFFFFFFFFFFFFFFFFFFFFFFFFFFFFFFFFFFFFFFFFFFFFF90
:20D0C000FFFFFFFFFFFFFFFFFFFFFFFFFFFFFFFFFFFFFFFFFFFFFFFFFFFFFFFFFFFFFFFF70
:20D0E000FFFFFFFFFFFFFFFFFFFFFFFFFFFFFFFFFFFFFFFFFFFFFFFFFFFFFFFFFFFFFFFF50
:20D10000FFFFFFFFFFFFFFFFFFFFFFFFFFFFFFFFFFFFFFFFFFFFFFFFFFFFFFFFFFFFFFFF2F
:20D12000FFFFFFFFFFFFFFFFFFFFFFFFFFFFFFFFFFFFFFFFFFFFFFFFFFFFFFFFFFFFFFFF0F
:20D14000FFFFFFFFFFFFFFFFFFFFFFFFFFFFFFFFFFFFFFFFFFFFFFFFFFFFFFFFFFFFFFFFEF
:20D16000FFFFFFFFFFFFFFFFFFFFFFFFFFFFFFFFFFFFFFFFFFFFFFFFFFFFFFFFFFFFFFFFCF
:20D18000FFFFFFFFFFFFFFFFFFFFFFFFFFFFFFFFFFFFFFFFFFFFFFFFFFFFFFFFFFFFFFFFAF
:20D1A000FFFFFFFFFFFFFFFFFFFFFFFFFFFFFFFFFFFFFFFFFFFFFFFFFFFFFFFFFFFFFFFF8F
:20D1C000FFFFFFFFFFFFFFFFFFFFFFFFFFFFFFFFFFFFFFFFFFFFFFFFFFFFFFFFFFFFFFFF6F
:20D1E000FFFFFFFFFFFFFFFFFFFFFFFFFFFFFFFFFFFFFFFFFFFFFFFFFFFFFFFFFFFFFFFF4F
:20D20000FFFFFFFFFFFFFFFFFFFFFFFFFFFFFFFFFFFFFFFFFFFFFFFFFFFFFFFFFFFFFFFF2E
:20D22000FFFFFFFFFFFFFFFFFFFFFFFFFFFFFFFFFFFFFFFFFFFFFFFFFFFFFFFFFFFFFFFF0E
:20D24000FFFFFFFFFFFFFFFFFFFFFFFFFFFFFFFFFFFFFFFFFFFFFFFFFFFFFFFFFFFFFFFFEE
:20D26000FFFFFFFFFFFFFFFFFFFFFFFFFFFFFFFFFFFFFFFFFFFFFFFFFFFFFFFFFFFFFFFFCE
:20D28000FFFFFFFFFFFFFFFFFFFFFFFFFFFFFFFFFFFFFFFFFFFFFFFFFFFFFFFFFFFFFFFFAE
:20D2A000FFFFFFFFFFFFFFFFFFFFFFFFFFFFFFFFFFFFFFFFFFFFFFFFFFFFFFFFFFFFFFFF8E
:20D2C000FFFFFFFFFFFFFFFFFFFFFFFFFFFFFFFFFFFFFFFFFFFFFFFFFFFFFFFFFFFFFFFF6E
:20D2E000FFFFFFFFFFFFFFFFFFFFFFFFFFFFFFFFFFFFFFFFFFFFFFFFFFFFFFFFFFFFFFFF4E
:20D30000FFFFFFFFFFFFFFFFFFFFFFFFFFFFFFFFFFFFFFFFFFFFFFFFFFFFFFFFFFFFFFFF2D
:20D32000FFFFFFFFFFFFFFFFFFFFFFFFFFFFFFFFFFFFFFFFFFFFFFFFFFFFFFFFFFFFFFFF0D
:20D34000FFFFFFFFFFFFFFFFFFFFFFFFFFFFFFFFFFFFFFFFFFFFFFFFFFFFFFFFFFFFFFFFED
:20D36000FFFFFFFFFFFFFFFFFFFFFFFFFFFFFFFFFFFFFFFFFFFFFFFFFFFFFFFFFFFFFFFFCD
:20D38000FFFFFFFFFFFFFFFFFFFFFFFFFFFFFFFFFFFFFFFFFFFFFFFFFFFFFFFFFFFFFFFFAD
:20D3A000FFFFFFFFFFFFFFFFFFFFFFFFFFFFFFFFFFFFFFFFFFFFFFFFFFFFFFFFFFFFFFFF8D
:20D3C000FFFFFFFFFFFFFFFFFFFFFFFFFFFFFFFFFFFFFFFFFFFFFFFFFFFFFFFFFFFFFFFF6D
:20D3E000FFFFFFFFFFFFFFFFFFFFFFFFFFFFFFFFFFFFFFFFFFFFFFFFFFFFFFFFFFFFFFFF4D
:20D40000FFFFFFFFFFFFFFFFFFFFFFFFFFFFFFFFFFFFFFFFFFFFFFFFFFFFFFFFFFFFFFFF2C
:20D42000FFFFFFFFFFFFFFFFFFFFFFFFFFFFFFFFFFFFFFFFFFFFFFFFFFFFFFFFFFFFFFFF0C
:20D44000FFFFFFFFFFFFFFFFFFFFFFFFFFFFFFFFFFFFFFFFFFFFFFFFFFFFFFFFFFFFFFFFEC
:20D46000FFFFFFFFFFFFFFFFFFFFFFFFFFFFFFFFFFFFFFFFFFFFFFFFFFFFFFFFFFFFFFFFCC
:20D48000FFFFFFFFFFFFFFFFFFFFFFFFFFFFFFFFFFFFFFFFFFFFFFFFFFFFFFFFFFFFFFFFAC
:20D4A000FFFFFFFFFFFFFFFFFFFFFFFFFFFFFFFFFFFFFFFFFFFFFFFFFFFFFFFFFFFFFFFF8C
:20D4C000FFFFFFFFFFFFFFFFFFFFFFFFFFFFFFFFFFFFFFFFFFFFFFFFFFFFFFFFFFFFFFFF6C
:20D4E000FFFFFFFFFFFFFFFFFFFFFFFFFFFFFFFFFFFFFFFFFFFFFFFFFFFFFFFFFFFFFFFF4C
:20D50000FFFFFFFFFFFFFFFFFFFFFFFFFFFFFFFFFFFFFFFFFFFFFFFFFFFFFFFFFFFFFFFF2B
:20D52000FFFFFFFFFFFFFFFFFFFFFFFFFFFFFFFFFFFFFFFFFFFFFFFFFFFFFFFFFFFFFFFF0B
:20D54000FFFFFFFFFFFFFFFFFFFFFFFFFFFFFFFFFFFFFFFFFFFFFFFFFFFFFFFFFFFFFFFFEB
:20D56000FFFFFFFFFFFFFFFFFFFFFFFFFFFFFFFFFFFFFFFFFFFFFFFFFFFFFFFFFFFFFFFFCB
:20D58000FFFFFFFFFFFFFFFFFFFFFFFFFFFFFFFFFFFFFFFFFFFFFFFFFFFFFFFFFFFFFFFFAB
:20D5A000FFFFFFFFFFFFFFFFFFFFFFFFFFFFFFFFFFFFFFFFFFFFFFFFFFFFFFFFFFFFFFFF8B
:20D5C000FFFFFFFFFFFFFFFFFFFFFFFFFFFFFFFFFFFFFFFFFFFFFFFFFFFFFFFFFFFFFFFF6B
:20D5E000FFFFFFFFFFFFFFFFFFFFFFFFFFFFFFFFFFFFFFFFFFFFFFFFFFFFFFFFFFFFFFFF4B
:20D60000FFFFFFFFFFFFFFFFFFFFFFFFFFFFFFFFFFFFFFFFFFFFFFFFFFFFFFFFFFFFFFFF2A
:20D62000FFFFFFFFFFFFFFFFFFFFFFFFFFFFFFFFFFFFFFFFFFFFFFFFFFFFFFFFFFFFFFFF0A
:20D64000FFFFFFFFFFFFFFFFFFFFFFFFFFFFFFFFFFFFFFFFFFFFFFFFFFFFFFFFFFFFFFFFEA
:20D66000FFFFFFFFFFFFFFFFFFFFFFFFFFFFFFFFFFFFFFFFFFFFFFFFFFFFFFFFFFFFFFFFCA
:20D68000FFFFFFFFFFFFFFFFFFFFFFFFFFFFFFFFFFFFFFFFFFFFFFFFFFFFFFFFFFFFFFFFAA
:20D6A000FFFFFFFFFFFFFFFFFFFFFFFFFFFFFFFFFFFFFFFFFFFFFFFFFFFFFFFFFFFFFFFF8A
:20D6C000FFFFFFFFFFFFFFFFFFFFFFFFFFFFFFFFFFFFFFFFFFFFFFFFFFFFFFFFFFFFFFFF6A
:20D6E000FFFFFFFFFFFFFFFFFFFFFFFFFFFFFFFFFFFFFFFFFFFFFFFFFFFFFFFFFFFFFFFF4A
:20D70000FFFFFFFFFFFFFFFFFFFFFFFFFFFFFFFFFFFFFFFFFFFFFFFFFFFFFFFFFFFFFFFF29
:20D72000FFFFFFFFFFFFFFFFFFFFFFFFFFFFFFFFFFFFFFFFFFFFFFFFFFFFFFFFFFFFFFFF09
:20D74000FFFFFFFFFFFFFFFFFFFFFFFFFFFFFFFFFFFFFFFFFFFFFFFFFFFFFFFFFFFFFFFFE9
:20D76000FFFFFFFFFFFFFFFFFFFFFFFFFFFFFFFFFFFFFFFFFFFFFFFFFFFFFFFFFFFFFFFFC9
:20D78000FFFFFFFFFFFFFFFFFFFFFFFFFFFFFFFFFFFFFFFFFFFFFFFFFFFFFFFFFFFFFFFFA9
:20D7A000FFFFFFFFFFFFFFFFFFFFFFFFFFFFFFFFFFFFFFFFFFFFFFFFFFFFFFFFFFFFFFFF89
:20D7C000FFFFFFFFFFFFFFFFFFFFFFFFFFFFFFFFFFFFFFFFFFFFFFFFFFFFFFFFFFFFFFFF69
:20D7E000FFFFFFFFFFFFFFFFFFFFFFFFFFFFFFFFFFFFFFFFFFFFFFFFFFFFFFFFFFFFFFFF49
:20D80000FFFFFFFFFFFFFFFFFFFFFFFFFFFFFFFFFFFFFFFFFFFFFFFFFFFFFFFFFFFFFFFF28
:20D82000FFFFFFFFFFFFFFFFFFFFFFFFFFFFFFFFFFFFFFFFFFFFFFFFFFFFFFFFFFFFFFFF08
:20D84000FFFFFFFFFFFFFFFFFFFFFFFFFFFFFFFFFFFFFFFFFFFFFFFFFFFFFFFFFFFFFFFFE8
:20D86000FFFFFFFFFFFFFFFFFFFFFFFFFFFFFFFFFFFFFFFFFFFFFFFFFFFFFFFFFFFFFFFFC8
:20D88000FFFFFFFFFFFFFFFFFFFFFFFFFFFFFFFFFFFFFFFFFFFFFFFFFFFFFFFFFFFFFFFFA8
:20D8A000FFFFFFFFFFFFFFFFFFFFFFFFFFFFFFFFFFFFFFFFFFFFFFFFFFFFFFFFFFFFFFFF88
:20D8C000FFFFFFFFFFFFFFFFFFFFFFFFFFFFFFFFFFFFFFFFFFFFFFFFFFFFFFFFFFFFFFFF68
:20D8E000FFFFFFFFFFFFFFFFFFFFFFFFFFFFFFFFFFFFFFFFFFFFFFFFFFFFFFFFFFFFFFFF48
:20D90000FFFFFFFFFFFFFFFFFFFFFFFFFFFFFFFFFFFFFFFFFFFFFFFFFFFFFFFFFFFFFFFF27
:20D92000FFFFFFFFFFFFFFFFFFFFFFFFFFFFFFFFFFFFFFFFFFFFFFFFFFFFFFFFFFFFFFFF07
:20D94000FFFFFFFFFFFFFFFFFFFFFFFFFFFFFFFFFFFFFFFFFFFFFFFFFFFFFFFFFFFFFFFFE7
:20D96000FFFFFFFFFFFFFFFFFFFFFFFFFFFFFFFFFFFFFFFFFFFFFFFFFFFFFFFFFFFFFFFFC7
:20D98000FFFFFFFFFFFFFFFFFFFFFFFFFFFFFFFFFFFFFFFFFFFFFFFFFFFFFFFFFFFFFFFFA7
:20D9A000FFFFFFFFFFFFFFFFFFFFFFFFFFFFFFFFFFFFFFFFFFFFFFFFFFFFFFFFFFFFFFFF87
:20D9C000FFFFFFFFFFFFFFFFFFFFFFFFFFFFFFFFFFFFFFFFFFFFFFFFFFFFFFFFFFFFFFFF67
:20D9E000FFFFFFFFFFFFFFFFFFFFFFFFFFFFFFFFFFFFFFFFFFFFFFFFFFFFFFFFFFFFFFFF47
:20DA0000FFFFFFFFFFFFFFFFFFFFFFFFFFFFFFFFFFFFFFFFFFFFFFFFFFFFFFFFFFFFFFFF26
:20DA2000FFFFFFFFFFFFFFFFFFFFFFFFFFFFFFFFFFFFFFFFFFFFFFFFFFFFFFFFFFFFFFFF06
:20DA4000FFFFFFFFFFFFFFFFFFFFFFFFFFFFFFFFFFFFFFFFFFFFFFFFFFFFFFFFFFFFFFFFE6
:20DA6000FFFFFFFFFFFFFFFFFFFFFFFFFFFFFFFFFFFFFFFFFFFFFFFFFFFFFFFFFFFFFFFFC6
:20DA8000FFFFFFFFFFFFFFFFFFFFFFFFFFFFFFFFFFFFFFFFFFFFFFFFFFFFFFFFFFFFFFFFA6
:20DAA000FFFFFFFFFFFFFFFFFFFFFFFFFFFFFFFFFFFFFFFFFFFFFFFFFFFFFFFFFFFFFFFF86
:20DAC000FFFFFFFFFFFFFFFFFFFFFFFFFFFFFFFFFFFFFFFFFFFFFFFFFFFFFFFFFFFFFFFF66
:20DAE000FFFFFFFFFFFFFFFFFFFFFFFFFFFFFFFFFFFFFFFFFFFFFFFFFFFFFFFFFFFFFFFF46
:20DB0000FFFFFFFFFFFFFFFFFFFFFFFFFFFFFFFFFFFFFFFFFFFFFFFFFFFFFFFFFFFFFFFF25
:20DB2000FFFFFFFFFFFFFFFFFFFFFFFFFFFFFFFFFFFFFFFFFFFFFFFFFFFFFFFFFFFFFFFF05
:20DB4000FFFFFFFFFFFFFFFFFFFFFFFFFFFFFFFFFFFFFFFFFFFFFFFFFFFFFFFFFFFFFFFFE5
:20DB6000FFFFFFFFFFFFFFFFFFFFFFFFFFFFFFFFFFFFFFFFFFFFFFFFFFFFFFFFFFFFFFFFC5
:20DB8000FFFFFFFFFFFFFFFFFFFFFFFFFFFFFFFFFFFFFFFFFFFFFFFFFFFFFFFFFFFFFFFFA5
:20DBA000FFFFFFFFFFFFFFFFFFFFFFFFFFFFFFFFFFFFFFFFFFFFFFFFFFFFFFFFFFFFFFFF85
:20DBC000FFFFFFFFFFFFFFFFFFFFFFFFFFFFFFFFFFFFFFFFFFFFFFFFFFFFFFFFFFFFFFFF65
:20DBE000FFFFFFFFFFFFFFFFFFFFFFFFFFFFFFFFFFFFFFFFFFFFFFFFFFFFFFFFFFFFFFFF45
:20DC0000FFFFFFFFFFFFFFFFFFFFFFFFFFFFFFFFFFFFFFFFFFFFFFFFFFFFFFFFFFFFFFFF24
:20DC2000FFFFFFFFFFFFFFFFFFFFFFFFFFFFFFFFFFFFFFFFFFFFFFFFFFFFFFFFFFFFFFFF04
:20DC4000FFFFFFFFFFFFFFFFFFFFFFFFFFFFFFFFFFFFFFFFFFFFFFFFFFFFFFFFFFFFFFFFE4
:20DC6000FFFFFFFFFFFFFFFFFFFFFFFFFFFFFFFFFFFFFFFFFFFFFFFFFFFFFFFFFFFFFFFFC4
:20DC8000FFFFFFFFFFFFFFFFFFFFFFFFFFFFFFFFFFFFFFFFFFFFFFFFFFFFFFFFFFFFFFFFA4
:20DCA000FFFFFFFFFFFFFFFFFFFFFFFFFFFFFFFFFFFFFFFFFFFFFFFFFFFFFFFFFFFFFFFF84
:20DCC000FFFFFFFFFFFFFFFFFFFFFFFFFFFFFFFFFFFFFFFFFFFFFFFFFFFFFFFFFFFFFFFF64
:20DCE000FFFFFFFFFFFFFFFFFFFFFFFFFFFFFFFFFFFFFFFFFFFFFFFFFFFFFFFFFFFFFFFF44
:20DD0000FFFFFFFFFFFFFFFFFFFFFFFFFFFFFFFFFFFFFFFFFFFFFFFFFFFFFFFFFFFFFFFF23
:20DD2000FFFFFFFFFFFFFFFFFFFFFFFFFFFFFFFFFFFFFFFFFFFFFFFFFFFFFFFFFFFFFFFF03
:20DD4000FFFFFFFFFFFFFFFFFFFFFFFFFFFFFFFFFFFFFFFFFFFFFFFFFFFFFFFFFFFFFFFFE3
:20DD6000FFFFFFFFFFFFFFFFFFFFFFFFFFFFFFFFFFFFFFFFFFFFFFFFFFFFFFFFFFFFFFFFC3
:20DD8000FFFFFFFFFFFFFFFFFFFFFFFFFFFFFFFFFFFFFFFFFFFFFFFFFFFFFFFFFFFFFFFFA3
:20DDA000FFFFFFFFFFFFFFFFFFFFFFFFFFFFFFFFFFFFFFFFFFFFFFFFFFFFFFFFFFFFFFFF83
:20DDC000FFFFFFFFFFFFFFFFFFFFFFFFFFFFFFFFFFFFFFFFFFFFFFFFFFFFFFFFFFFFFFFF63
:20DDE000FFFFFFFFFFFFFFFFFFFFFFFFFFFFFFFFFFFFFFFFFFFFFFFFFFFFFFFFFFFFFFFF43
:20DE0000FFFFFFFFFFFFFFFFFFFFFFFFFFFFFFFFFFFFFFFFFFFFFFFFFFFFFFFFFFFFFFFF22
:20DE2000FFFFFFFFFFFFFFFFFFFFFFFFFFFFFFFFFFFFFFFFFFFFFFFFFFFFFFFFFFFFFFFF02
:20DE4000FFFFFFFFFFFFFFFFFFFFFFFFFFFFFFFFFFFFFFFFFFFFFFFFFFFFFFFFFFFFFFFFE2
:20DE6000FFFFFFFFFFFFFFFFFFFFFFFFFFFFFFFFFFFFFFFFFFFFFFFFFFFFFFFFFFFFFFFFC2
:20DE8000FFFFFFFFFFFFFFFFFFFFFFFFFFFFFFFFFFFFFFFFFFFFFFFFFFFFFFFFFFFFFFFFA2
:20DEA000FFFFFFFFFFFFFFFFFFFFFFFFFFFFFFFFFFFFFFFFFFFFFFFFFFFFFFFFFFFFFFFF82
:20DEC000FFFFFFFFFFFFFFFFFFFFFFFFFFFFFFFFFFFFFFFFFFFFFFFFFFFFFFFFFFFFFFFF62
:20DEE000FFFFFFFFFFFFFFFFFFFFFFFFFFFFFFFFFFFFFFFFFFFFFFFFFFFFFFFFFFFFFFFF42
:20DF0000FFFFFFFFFFFFFFFFFFFFFFFFFFFFFFFFFFFFFFFFFFFFFFFFFFFFFFFFFFFFFFFF21
:20DF2000FFFFFFFFFFFFFFFFFFFFFFFFFFFFFFFFFFFFFFFFFFFFFFFFFFFFFFFFFFFFFFFF01
:20DF4000FFFFFFFFFFFFFFFFFFFFFFFFFFFFFFFFFFFFFFFFFFFFFFFFFFFFFFFFFFFFFFFFE1
:20DF6000FFFFFFFFFFFFFFFFFFFFFFFFFFFFFFFFFFFFFFFFFFFFFFFFFFFFFFFFFFFFFFFFC1
:20DF8000FFFFFFFFFFFFFFFFFFFFFFFFFFFFFFFFFFFFFFFFFFFFFFFFFFFFFFFFFFFFFFFFA1
:20DFA000FFFFFFFFFFFFFFFFFFFFFFFFFFFFFFFFFFFFFFFFFFFFFFFFFFFFFFFFFFFFFFFF81
:20DFC000FFFFFFFFFFFFFFFFFFFFFFFFFFFFFFFFFFFFFFFFFFFFFFFFFFFFFFFFFFFFFFFF61
:20DFE000FFFFFFFFFFFFFFFFFFFFFFFFFFFFFFFFFFFFFFFFFFFFFFFFFFFFFFFFFFFFFFFF41
:20E000000D9489F10D94B2F10D94B2F10D94B2F10D94B2F10D94B2F10D94B2F10D94B2F109
:20E020000D94B2F10D94B2F10D94B2F10D94B2F10D94B2F10D94B2F10D94B2F10D94B2F1C0
:20E040000D94B2F10D94B2F10D94B2F10D94B2F10D94B2F10D94B2F10D94B2F10D94B2F1A0
:20E060000D94B2F10D94B2F10D94B2F10D94B2F10D94B2F10D94B2F10D94B2F10D94B2F180
:20E080000D94B2F10D94B2F10D94B2F10D94B2F10D94B2F10D94B2F10D94B2F10D94B2F160
:20E0A0000D94B2F10D94B2F10D94B2F10D94B2F10D94B2F10D94B2F10D94B2F10D94B2F140
:20E0C0000D94B2F10D94B2F10D94B2F10D94B2F10D94B2F10D94B2F10D94B2F10D94B2F120
:20E0E0000D94B2F141546D656761323536300041726475696E6F206578706C6F726572205D
:20E1000073746B3530305632206279204D4C5300426F6F746C6F616465723E004875683FDC
:20E1200000436F6D70696C6564206F6E203D20004350552054797065202020203D20005F52
:20E140005F4156525F415243485F5F3D2000415652204C696243205665723D200047434305
:20E160002056657273696F6E203D20004350552049442020202020203D20004C6F772066B2
:20E18000757365202020203D20004869676820667573652020203D200045787420667573A6
:20E1A00065202020203D20004C6F636B20667573652020203D20004D6172202037203230EB
:20E1C000313300312E362E3800342E332E35005623202020414444522020206F7020636FC3
:20E1E00064652020202020696E737472756374696F6E2061646472202020496E7465727265
:20E20000757074006E6F20766563746F7200726A6D702020006A6D70200057686174207091
:20E220006F72743A00506F7274206E6F7420737570706F72746564004D7573742062652083
:20E2400061206C65747465720020005772697474696E672045450052656164696E6720456C
:20E26000450045452065727220636E743D00504F525400303D5A65726F2061646472003F78
:20E280003D43505520737461747300403D454550524F4D207465737400423D426C696E6B76
:20E2A000204C454400453D44756D7020454550524F4D00463D44756D7020464C41534800C2
:20E2C000483D48656C70004C3D4C69737420492F4F20506F72747300513D51756974005269
:20E2E0003D44756D702052414D00563D73686F7720696E7465727275707420566563746FC9
:20E30000727300593D506F727420626C696E6B002A0011241FBECFEFD1E2DEBFCDBF01E0F6
:20E320000CBF12E0A0E0B2E0EEE1FDEF03E00BBF02C007900D92A030B107D9F712E0A0E0E4
:20E34000B2E001C01D92AE30B107E1F70F9460F30D948DFE01E20EBF0FEF0DBF11241FBE9F
:20E360000D9460F30D9400F020E030E040ED57E005C0FA013197F1F72F5F3F4F2817390799
:20E38000C0F308959C01260F311DC901A0E0B0E02F5F3F4FABBFFC018791882361F0809389
:20E3A000C6008091C00086FFFCCF8091C00080648093C000EACF08958DE08093C600809141
:20E3C000C00086FFFCCF8091C00080648093C0008AE08093C6008091C00086FFFCCF809130
:20E3E000C00080648093C00008950F94C2F10F94DCF10895FC019081992359F09093C600AA
:20E400008091C00086FFFCCF8091C00080648093C0003196992379F70895282F982F92957E
:20E420009F70892F805D8A3308F0895F8093C6008091C00086FFFCCF8091C00080648093D9
:20E44000C000822F8F70982F905D9A3308F0995F9093C6008091C00086FFFCCF8091C00000
:20E4600080648093C00008959C01FB01853691051CF46330710594F0C90164E670E00F94BA
:20E480002EFE605D7F4F6093C6008091C00086FFFCCF8091C00080648093C0002B303105D2
:20E4A00014F43297B4F0C90164E670E00F942EFE6AE070E00F942EFE605D7F4F6093C60007
:20E4C0008091C00086FFFCCF8091C00080648093C000C9016AE070E00F942EFEC0968093F7
:20E4E000C6008091C00086FFFCCF8091C00080648093C00008951F93182F8EE692EE60E0E3
:20E500000F94C2F11093C6008091C00086FFFCCF8091C00080648093C0000F94DCF11F9173
:20E5200008952F923F924F925F926F927F928F929F92AF92BF92CF92DF92EF92FF920F935E
:20E540001F93DF93CF93CDB7DEB762970FB6F894DEBF0FBECDBF382E622ECA01DB015C01E2
:20E560006D01772420E2222E2E010894411C511C8BC081E0A81680E0B80681E0C80680E094
:20E58000D80628F0C601AA27BB270F940DF2BB27AD2D9C2D8B2D0F940DF28A2D0F940DF231
:20E5A0002092C6008091C00086FFFCCF8091C00080648093C0009DE29093C6008091C00001
:20E5C00086FFFCCF8091C00080648093C0002092C6008091C00086FFFCCF8091C000806415
:20E5E0008093C00019828601750188249924A1E03A1651F03A1620F0B2E03B1661F409C0D4
:20E600000BBFF701779007C0C7010F9477FE782E02C0F7017080872D0F940DF22092C6006C
:20E620008091C00086FFFCCF8091C00080648093C000872D8052F401EF70F0708F3520F41F
:20E64000E40DF51D708204C0E40DF51D8EE280830894E11CF11C011D111D0894811C911CB3
:20E6600090E18916910409F0C2CF80E190E0A0E0B0E0A80EB91ECA1EDB1E198AC2010F9413
:20E68000FAF10F94DCF16A94662009F072CF62960FB6F894DEBF0FBECDBFCF91DF911F91A2
:20E6A0000F91FF90EF90DF90CF90BF90AF909F908F907F906F905F904F903F902F900895FB
:20E6C0002F923F924F925F926F927F928F929F92AF92BF92CF92DF92EF92FF920F931F93A8
:20E6E000DF93CF93CDB7DEB7CD53D1400FB6F894DEBF0FBECDBF01E20EBF0FEF0DBF94B7F0
:20E70000F894A89514BE8091600088618093600010926000789493FF05C0E0910002F09138
:20E7200001021995279A2F9A8091C00082608093C00080E18093C40088E18093C1000000A3
:20E74000EE24FF24870144E0A42EB12CCC24DD2424C0C5010197F1F70894E11CF11C011D4A
:20E76000111D21E2E2162EE4F20620E0020720E0120718F031E0C32ED12CC801B70127ECA9
:20E780003BE140E050E00F9441FE611571058105910519F485B1805885B98091C00087FD75
:20E7A00003C0C114D104A9F2A6014F5F5F4FC25EDE4F59834883CE51D140C25EDE4F8881D4
:20E7C0009981CE51D140019711F00D9410FEC05DDE4F19821882C053D14060E0C15DDE4F79
:20E7E0001882CF52D14088249924C35DDE4F19821882CD52D140C05EDE4F188219821A8216
:20E800001B82C052D140CE5CDE4F188219821A821B82C253D140EE24FF2487010BBFF701CE
:20E8200007911691C45CDE4F19830883CC53D1400D940BFEC25EDE4F28813981CE51D1406B
:20E840002130310509F52091C600C25EDE4F19821882CE51D14022C02F5F3F4F4F4F5F4FC0
:20E86000213082E138078AE7480780E0580780F0C45CDE4FE881F981CC53D140EF5FFF4FBA
:20E8800019F0EE27FF27099420E030E040E050E08091C00087FFE0CF2091C600C35DDE4F6D
:20E8A00048815981CD52D1404F5F5F4FC35DDE4F59834883CD52D140213209F063C64A3016
:20E8C000510508F05FC60894811C911C53E08516910409F059C600E010E018C081E2809346
:20E8E000C6008091C00086FFFCCF8091C00080648093C0002F5F3F4F2931310579F70F94EA
:20E90000DCF10F5F1F4F0530110519F020E030E0E5CF10920A0210920B0210920C02109287
:20E920000D0210920602109207021092080210920902109202021092030210920402109283
:20E9400005028FEE90EE60E00F94F5F180E191EE60E00F94C2F18091C00087FFFCCF909133
:20E96000C600903608F09F759032B8F09093C6008091C00086FFFCCF8091C00080648093C3
:20E98000C000A0E2A093C6008091C00086FFFCCF8091C00080648093C000983409F4D7C132
:20E9A0009934B8F4923409F459C1933458F4903319F1903308F4E3C59F33A1F1903409F099
:20E9C000DEC5BDC0953409F470C1963409F0D7C598C1923509F42BC2933538F49C3409F4F6
:20E9E000F5C1913509F0CBC518C2963509F445C2993509F0C4C567C483E792EE62E00F941F
:20EA0000F5F11092060210920702109208021092090210920A0210920B0210920C021092B3
:20EA20000D0213C18FE792EE62E00F94F5F18FEE90EE60E00F94F5F181E291EE60E00F94A9
:20EA4000C2F187EB91EE60E00F94F5F180E391EE60E00F94C2F184EE90EE60E00F94F5F118
:20EA60008FE391EE60E00F94C2F186E090E061E070E00F9434F20F94DCF18DE591EE60E03E
:20EA80000F94C2F189EC91EE60E00F94F5F18EE491EE60E00F94C2F183EC91EE60E00F940B
:20EAA000F5F18CE691EE60E00F94C2F18EE10F940DF288E90F940DF281E00F940DF20F941F
:20EAC000DCF18BE791EE60E00F94C2F119E0E0E0F0E010935700E4918E2F0F940DF20F94E8
:20EAE000DCF18AE891EE60E00F94C2F1E3E0F0E010935700E4918E2F0F940DF20F94DCF1F1
:20EB000089E991EE60E00F94C2F1E2E0F0E010935700E4918E2F0F940DF20F94DCF188EA2C
:20EB200091EE60E00F94C2F1E1E0F0E0109357001491812F0F940DF20F94DCF107CF8BE885
:20EB400092EE62E00F94F5F18BE492EE60E00F94F5F10F94DCF100E010E019C0C8016F2D34
:20EB60000F947FFEFF2031F489E492EE60E00F94C2F10BC0F092C6008091C00086FFFCCF7A
:20EB80008091C00080648093C0000F5F1F4FC80181519F41A0E0B0E0ABBFFC01F790BAE2FC
:20EBA000FB1621F0E2E000301E07C1F60F94DCF10F94DCF187E592EE60E00F94F5F10F942D
:20EBC000DCF1CC24DD2400E010E01EC0C8010F9477FEF82E882331F489E492EE60E00F9422
:20EBE000C2F10BC08093C6008091C00086FFFCCF8091C00080648093C000FE1419F008945E
:20EC0000C11CD11C0F5F1F4FC80181519F41A0E0B0E0ABBFFC01E790FAE2EF1621F022E0F1
:20EC20000030120799F60F94DCF10F94DCF182E692EE60E00F94C2F1C60161E070E00F94A3
:20EC400034F20F94DCF10F94DCF11092020210920302109204021092050278CE89E992EED8
:20EC600062E00F94F5F1279A2F9A16C02F9880E090E0E0EDF7E03197F1F701968436910597
:20EC8000C1F72F9A80E090E0E0EDF7E03197F1F7019684369105C1F78091C00087FFE6CF24
:20ECA0008091C00087FFFCCF64C485EA92EE62E00F94F5F14091020250910302609104029E
:20ECC0007091050281E020E10F9491F28091020290910302A0910402B091050280509F4F2C
:20ECE000AF4FBF4F8093020290930302A0930402B093050280509041A040B04008F426CEE5
:20ED0000A4CF83EB92EE62E00F94F5F14091060250910702609108027091090280E020E19C
:20ED20000F9491F28091060290910702A0910802B091090280509F4FAF4FBF4F80930602FE
:20ED400090930702A0930802B0930902FFCD80EC92EE62E00F94F5F183E792EE60E00F94AC
:20ED6000F5F18FE792EE60E00F94F5F18BE892EE60E00F94F5F189E992EE60E00F94F5F177
:20ED800085EA92EE60E00F94F5F183EB92EE60E00F94F5F180EC92EE60E00F94F5F187ECDC
:20EDA00092EE60E00F94F5F188ED92EE60E00F94F5F18FED92EE60E00F94F5F18AEE92EE8F
:20EDC00060E00F94F5F183E093EEBDCD87EC92EE62E00F94F5F181E40F947BF282E40F94C0
:20EDE0007BF283E40F947BF284E40F947BF285E40F947BF286E40F947BF287E40F947BF249
:20EE000088E40F947BF28AE40F947BF28BE40F947BF28CE40F947BF299CD88ED92EE62E05C
:20EE20000F94F5F1772473948824992409C48FED92EE62E00F94F5F140910A0250910B02DF
:20EE400060910C0270910D0282E020E10F9491F280910A0290910B02A0910C02B0910D0240
:20EE600080509F4FAF4FBF4F80930A0290930B02A0930C02B0930D0269CD8AEE92EE62E076
:20EE80000F94F5F184EE90EE60E00F94F5F18FEC91EE60E00F94F5F1662477244301CC5DDB
:20EEA000DE4F19821882C452D140D401C301B695A79597958795CA5DDE4F88839983AA83B9
:20EEC000BB83C652D140CC5DDE4FA881B981C452D1401196CC5DDE4FB983A883C452D14060
:20EEE000CD0162E070E00F9434F2B0E2B093C6008091C00086FFFCCF8091C0008064809365
:20EF0000C000EDE2E093C6008091C00086FFFCCF8091C00080648093C000F0E2F093C60065
:20EF20008091C00086FFFCCF8091C00080648093C000CA5DDE4FE880F9800A811B81C652B4
:20EF4000D140BB27A12F902F8F2D0F940DF2CA5DDE4F8881C652D1400F940DF2B0E2FB2EEE
:20EF6000F092C6008091C00086FFFCCF8091C00080648093C0000DE30093C6008091C00086
:20EF800086FFFCCF8091C00080648093C00010E21093C6008091C00086FFFCCF8091C0004C
:20EFA00080648093C0008BBEF3012791C65DDE4F2883CA52D140A22EBB24CC24DD24089441
:20EFC000611C711C811C911C8BBEF3018791282E3324442455240894611C711C811C911C0A
:20EFE0008BBEF3013791C55DDE4F3883CB52D1400894611C711C811C911C8BBEF3014791CF
:20F00000C45DDE4F4883CC52D140ADEFEA2EAFEFFA2EAFEF0A2FAFEF1A2F6E0C7F1C801EBD
:20F02000911E142D032DF22CEE24EA0CFB1C0C1D1D1D0F940DF220E22093C6008091C00022
:20F0400086FFFCCF8091C00080648093C000C65DDE4F8881CA52D1400F940DF230E23093DB
:20F06000C6008091C00086FFFCCF8091C00080648093C000C45DDE4F8881CC52D1400F94F8
:20F080000DF240E24093C6008091C00086FFFCCF8091C00080648093C000C55DDE4F8881B5
:20F0A000CB52D1400F940DF250E25093C6008091C00086FFFCCF8091C00080648093C000FC
:20F0C0008FEFE8168FEFF80680E0080780E0180731F484E092EE60E00F94C2F1DFC0D80133
:20F0E000C7018070907CA070B0708050904CA040B040D1F52FEF3FE340E050E0E222F32231
:20F1000004231523CA5DDE4FA880B980CA80DB80C652D140AE0CBF1CC01ED11EAA0CBB1C1E
:20F12000CC1CDD1C8EE092EE60E00F94C2F1BB27A12F902F8F2D0F940DF28E2D0F940DF23E
:20F1400030E23093C6008091C00086FFFCCF8091C00080648093C0004EE34093C600809190
:20F16000C00086FFFCCF87C08EE09EEFA0E0B0E0E822F9220A231B239CE0E91694E9F906A6
:20F1800090E0090790E0190709F088C0C45DDE4FA881CC52D140EA2EFF2400E010E0102F2E
:20F1A0000F2DFE2CEE24C55DDE4FB881CB52D140EB0EF11C011D111DD601C5018170907041
:20F1C000A070B070DC0199278827E80EF91E0A1F1B1F20EF30E040E050E0A222B322C42255
:20F1E000D52241E1AA0CBB1CCC1CDD1C4A95D1F7EA0CFB1C0C1D1D1D81E090E0A0E0B0E090
:20F20000282239224A225B2235E1220C331C441C551C3A95D1F7E20CF31C041D151D5701BD
:20F220006801AA0CBB1CCC1CDD1C85E192EE60E00F94C2F1C801AA27BB270F940DF2BB277B
:20F24000A12F902F8F2D0F940DF28E2D0F940DF290E29093C6008091C00086FFFCCF8091D7
:20F26000C00080648093C000AEE3A093C6008091C00086FFFCCF8091C00080648093C000E4
:20F28000C601AA27BB270F940DF2BB27AD2D9C2D8B2D0F940DF28A2D0F940DF20F94DCF1AA
:20F2A000CC5DDE4FE881F981C452D140F99709F44DCBF4E0EF2EF12C012D112D6E0C7F1CBA
:20F2C000801E911EF2CD83E093EE62E00F94F5F18AE192EE60E00F94C2F18091C00087FF9B
:20F2E000FCCF1091C6001F751093C6008091C00086FFFCCF8091C00080648093C0000F9493
:20F30000DCF1812F81548A3108F036C1163409F495C0173490F4133409F44EC0143430F4C8
:20F320001134F1F0123409F01DC130C0143409F459C0153409F016C16BC01A3409F4C4C029
:20F340001B3438F4173409F48FC0183409F00AC1A1C01B3409F4D2C01C3409F003C1E8C097
:20F360008FEF81B90DC082B1809582B980E090E0E0EDF7E03197F1F70196883C9105C1F7B8
:20F380008091C00087FFEFCF12B8EFC08FEF84B90DC085B1809585B980E090E0E0EDF7E05A
:20F3A0003197F1F70196883C9105C1F78091C00087FFEFCF15B8D9C08FEF87B90DC088B1B5
:20F3C000809588B980E090E0E0EDF7E03197F1F70196883C9105C1F78091C00087FFEFCFF5
:20F3E00018B8C3C08FEF8AB90DC08BB180958BB980E090E0E0EDF7E03197F1F70196883C18
:20F400009105C1F78091C00087FFEFCF1BB8ADC08FEF8DB90DC08EB180958EB980E090E04D
:20F42000E0EDF7E03197F1F70196883C9105C1F78091C00087FFEFCF1EB897C08FEF80BBD4
:20F440000DC081B3809581BB80E090E0E0EDF7E03197F1F70196883C9105C1F78091C000BC
:20F4600087FFEFCF11BA81C08FEF83BB0DC084B3809584BB80E090E0E0EDF7E03197F1F704
:20F480000196883C9105C1F78091C00087FFEFCF14BA6BC08FEF809301010FC0809102013F
:20F4A00080958093020180E090E0E0EDF7E03197F1F70196883C9105C1F78091C00087FFFD
:20F4C000EDCF1092020151C08FEF809304010FC08091050180958093050180E090E0E0ED73
:20F4E000F7E03197F1F70196883C9105C1F78091C00087FFEDCF1092050137C08FEF809399
:20F5000007010FC08091080180958093080180E090E0E0EDF7E03197F1F70196883C9105B4
:20F52000C1F78091C00087FFEDCF109208011DC08FEF80930A010FC080910B0180958093C8
:20F540000B0180E090E0E0EDF7E03197F1F70196883C9105C1F78091C00087FFEDCF10921D
:20F560000B0103C085E292EEEEC98091C00087FFFCCF8091C600EAC988E392EEE4C98CE16D
:20F5800091EEE1C988249924933011F1943028F4913089F09230B8F408C0953061F19530E8
:20F5A000F0F0963009F048C043C02B3109F042C991E06BE13FC96227C15DDE4F2883CF52DC
:20F5C000D14092E037C9B22FA0E0622793E032C9822F90E0A82BB92B622794E02BC92E3029
:20F5E00009F039C3622795E0C05DDE4F19821882C053D1401FC9E1E0F0E0EC0FFD1FC05DC8
:20F60000DE4F08811981C053D140E00FF11F20830F5F1F4FC05DDE4F19830883C053D14063
:20F6200062270A171B0709F005C9D80196E002C9261709F010C303C0973009F0FBC8772433
:20F640009981933109F412C19431C8F4963009F4D8C0973050F4923009F406C1933009F4CF
:20F660006DC0913009F059C253C0913109F477C0923108F0BBC0903109F04FC2F5C0983100
:20F6800009F487C0993150F4953109F4EFC0953108F4C6C1963109F040C2C2C19A3109F450
:20F6A0006CC09A3108F491C09B3109F45BC09D3109F033C29D81903359F48F81882311F478
:20F6C0009EE11CC0813011F091E018C098E916C0892F807591F0903539F4E0E0F0E089E064
:20F6E0008093570094910AC0983539F4E3E0F0E089E080935700949101C090E01A821B82C2
:20F700008D818C831D829E831F8227E030E009C21A8288E08B8381E48C8386E58D8382E521
:20F720008E8389E48F8383E5888780E589878FE58A8782E38B872BE030E0F3C18A818139BD
:20F7400041F0823941F0803911F48FE005C080E003C082E001C08AE01A828B8344C07724A1
:20F76000739482C08D81882311F48EE12CC0813011F081E028C088E926C01A82E1E0F0E0A8
:20F7800089E08093570084918B831C8224E030E0C8C18B81803589F48C81883039F4E2E046
:20F7A000F0E089E08093570084910DC0E0E0F0E089E080935700849106C0E3E0F0E089E08A
:20F7C0008093570084911A82DFCF8D81836C99E0E1E0F0E0082E90935700E89507B600FC73
:20F7E000FDCF1A821B8223E030E09BC180EC8A83CE5CDE4F188219821A821B82C253D14031
:20F800008EC18A8190E0A0E0B0E0582F4427332722278B8190E0A0E0B0E0DC0199278827A1
:20F82000282B392B4A2B5B2B8D8190E0A0E0B0E0282B392B4A2B5B2B8C8190E0A0E0B0E049
:20F84000BA2FA92F982F8827282B392B4A2B5B2B220F331F441F551FC05EDE4F28833983B3
:20F860004A835B83C052D1401A8259C13A81C95CDE4F3883C753D140CA5CDE4F1882C6530B
:20F88000D1408B81C82EDD24CA5CDE4F48815981C653D140C42AD52A933109F082C0CE5C1E
:20F8A000DE4F88819981AA81BB81C253D1408050904CA340B04030F583E0CE5CDE4FE880A5
:20F8C000F9800A811B81C253D140F70100935B0080935700E89507B600FCFDCFCE5CDE4FB9
:20F8E000088119812A813B81C253D14000501F4F2F4F3F4FCE5CDE4F088319832A833B83A5
:20F90000C253D140C05EDE4F488159816A817B81C052D140DE011B9631E08C9111962C91A7
:20F9200011971296C75CDE4F2883C953D140C85CDE4F1882C853D14090E0C85CDE4FE8810E
:20F94000F981C853D1408E2B9F2B0C01FA0160935B0030935700E89511244E5F5F4F6F4F43
:20F960007F4F0EEFE02E0FEFF02ECE0CDF1CC114D10499F685E0C05EDE4F088119812A8106
:20F980003B81C052D140F80120935B0080935700E89507B600FCFDCF81E180935700E895CC
:20F9A00035C0C05EDE4F88819981AA81BB81C052D140B695A795979587957C018601ABE0FC
:20F9C000AA2EB12CAC0EBD1E0BC0D5016D915D01C7010F947FFE0894E11CF11C01501040B1
:20F9E0000115110591F7A60160E070E0440F551F661F771FC05EDE4FE880F9800A811B81E7
:20FA0000C052D1404E0D5F1D601F711F1A82C05EDE4F488359836A837B83C052D1407FC002
:20FA2000FA80C55CDE4FF882CB53D140C65CDE4F1882CA53D1408B81C82EDD24C65CDE4FEC
:20FA400008811981CA53D140C02AD12A1A828981BE016D5F7F4F843121F59601C05EDE4FC4
:20FA6000E880F9800A811B81C052D1400BBFF70187919691DB018C9311969C936E5F7F4FEE
:20FA8000D801C7010296A11DB11DC05EDE4F88839983AA83BB83C052D14022503040F1F6D8
:20FAA00036C0C05EDE4F288139814A815B81C052D1400894C108D108760100E010E00894B7
:20FAC000C11CD11C0894E11CF11C011D111DE20EF31E041F151F21BDBB27A52F942F832F09
:20FAE00082BD2F5F3F4F4F4F5F4FF89A80B5DB018D93BD012E153F054007510761F7C05E42
:20FB0000DE4F288339834A835B83C052D14096012D5F3F4FFB01108204C080EC8A8322E005
:20FB200030E08BE18093C6008091C00086FFFCCF8091C00080648093C000C15DDE4FF88103
:20FB4000CF52D140F093C6008091C00086FFFCCF8091C00080648093C000432F3093C60086
:20FB60008091C00086FFFCCF8091C00080648093C000922F2093C6008091C00086FFFCCF81
:20FB80008091C00080648093C0008EE08093C6008091C00086FFFCCF8091C00080648093AD
:20FBA000C00065E1C15DDE4FE880CF52D1406E2569276427FE01319610C090819093C6001C
:20FBC0008091C00086FFFCCF31968091C00080648093C0006927215030402115310569F778
:20FBE0006093C6008091C00086FFFCCF8091C00080648093C00085B1805885B9772081F44B
:20FC0000C15DDE4F0881CF52D1400F5FC15DDE4F0883CF52D14090E0A0E0B0E00D941AF439
:20FC200027982F9880E090E020ED37E0F9013197F1F7019684369105C9F700008091C00028
:20FC40008D7F8093C00081E180935700E895EE27FF270994FFCF90E00D941AF497FB092EEE
:20FC600007260AD077FD04D02ED006D000201AF4709561957F4F0895F6F7909581959F4FB7
:20FC80000895A1E21A2EAA1BBB1BFD010DC0AA1FBB1FEE1FFF1FA217B307E407F50720F05E
:20FCA000A21BB30BE40BF50B661F771F881F991F1A9469F760957095809590959B01AC01D5
:20FCC000BD01CF010895AA1BBB1B51E107C0AA1FBB1FA617B70710F0A61BB70B881F991F65
:20FCE0005A95A9F780959095BC01CD010895F999FECF92BD81BDF89A992780B50895262FAE
:1EFD0000F999FECF1FBA92BD81BD20BD0FB6F894FA9AF99A0FBE01960895F894FFCF70
:00000001FF
